transaction_id,is_laundering_pattern
TXN0050807,0
TXN0035695,0
TXN0010835,0
TXN0031111,0
TXN0034912,0
TXN0057930,0
TXN0005989,0
TXN0039458,0
TXN0051310,0
TXN0058614,0
TXN0024884,0
TXN0017666,0
TXN0044586,0
TXN0010941,0
TXN0016875,0
TXN0049747,0
TXN0056346,0
TXN0038778,0
TXN0030055,0
TXN0055074,0
TXN0000476,0
TXN0043761,0
TXN0024478,0
TXN0011619,0
TXN0053354,0
TXN0048644,0
TXN0049442,0
TXN0007499,0
TXN0031732,0
TXN0018575,0
TXN0021082,0
TXN0023469,0
TXN0024239,0
TXN0012597,0
TXN0049932,0
TXN0006692,0
TXN0024465,0
TXN0006821,0
TXN0031567,0
TXN0056960,0
TXN0003104,0
TXN0037445,0
TXN0000054,0
TXN0027049,0
TXN0042564,0
TXN0004689,0
TXN0000890,0
TXN0010134,0
TXN0020768,0
TXN0019730,0
TXN0035411,0
TXN0026701,0
TXN0050632,0
TXN0055285,0
TXN0049086,0
TXN0057290,0
TXN0015719,0
TXN0011708,0
TXN0009931,0
TXN0046383,0
TXN0028508,0
TXN0045321,0
TXN0001557,0
TXN0032169,0
TXN0012692,0
TXN0056247,0
TXN0017473,0
TXN0023451,0
TXN0049029,0
TXN0013579,0
TXN0053342,0
TXN0008473,0
TXN0002399,0
TXN0039708,0
TXN0012111,0
TXN0014835,0
TXN0032281,0
TXN0030213,0
TXN0038782,0
TXN0014936,0
TXN0004644,0
TXN0012542,0
TXN0013154,0
TXN0007040,0
TXN0045804,0
TXN0007568,0
TXN0047049,0
TXN0053237,0
TXN0039751,0
TXN0051037,0
TXN0047339,0
TXN0051024,0
TXN0057046,0
TXN0017983,0
TXN0058442,0
TXN0008537,0
TXN0039011,0
TXN0015397,0
TXN0019817,0
TXN0053960,0
TXN0049030,0
TXN0021862,0
TXN0015769,0
TXN0057209,0
TXN0036511,0
TXN0055705,0
TXN0018063,0
TXN0035419,0
TXN0005784,0
TXN0027929,0
TXN0035818,0
TXN0049213,0
TXN0042011,0
TXN0016357,0
TXN0005466,0
TXN0051787,0
TXN0009183,0
TXN0047422,0
TXN0049676,0
TXN0055242,0
TXN0019308,0
TXN0010583,0
TXN0051369,0
TXN0045414,0
TXN0013720,0
TXN0034276,0
TXN0034292,0
TXN0017163,0
TXN0008466,0
TXN0056131,0
TXN0028736,0
TXN0027820,0
TXN0013013,0
TXN0026516,0
TXN0049125,0
TXN0020570,0
TXN0039078,0
TXN0036488,0
TXN0024149,0
TXN0034575,0
TXN0040320,0
TXN0022681,0
TXN0059229,0
TXN0034471,0
TXN0056539,0
TXN0002574,0
TXN0058029,0
TXN0049789,0
TXN0058652,0
TXN0014168,0
TXN0040422,0
TXN0040807,0
TXN0014054,0
TXN0033358,0
TXN0015943,0
TXN0058912,0
TXN0008383,0
TXN0045963,0
TXN0023969,0
TXN0042168,0
TXN0033670,0
TXN0010193,0
TXN0035101,0
TXN0000431,0
TXN0012933,0
TXN0016625,0
TXN0013709,0
TXN0012123,0
TXN0000273,0
TXN0031475,0
TXN0016839,0
TXN0032513,0
TXN0038550,0
TXNS00811,1
TXN0034981,0
TXN0025062,0
TXN0047293,0
TXN0012551,0
TXN0050208,0
TXN0023388,0
TXN0050246,0
TXN0002247,0
TXN0036705,0
TXN0054180,0
TXN0017869,0
TXN0051088,0
TXN0034138,0
TXN0028641,0
TXN0044699,0
TXN0053808,0
TXN0025231,0
TXN0001477,0
TXN0055844,0
TXN0023594,0
TXN0012000,0
TXN0032540,0
TXN0016853,0
TXN0040513,0
TXN0000212,0
TXN0041668,0
TXN0048092,0
TXN0045700,0
TXN0008480,0
TXN0054712,0
TXN0048187,0
TXN0058979,0
TXN0007520,0
TXN0050743,0
TXN0046011,0
TXN0030925,0
TXN0010609,0
TXN0020453,0
TXN0057215,0
TXN0018661,0
TXN0035759,0
TXN0055537,0
TXN0038928,0
TXN0041972,0
TXN0002541,0
TXN0054198,0
TXN0041997,0
TXN0010371,0
TXN0034424,0
TXN0051983,0
TXN0004028,0
TXN0047106,0
TXN0040314,0
TXN0058742,0
TXN0022793,0
TXN0023346,0
TXN0044793,0
TXN0039555,0
TXN0040679,0
TXN0042345,0
TXN0023262,0
TXN0050831,0
TXN0059157,0
TXN0052371,0
TXN0045063,0
TXN0033274,0
TXN0016224,0
TXN0043924,0
TXN0031322,0
TXN0049061,0
TXN0054296,0
TXN0012051,0
TXN0018829,0
TXN0029976,0
TXN0038036,0
TXN0001608,0
TXN0009902,0
TXN0046447,0
TXN0043334,0
TXN0012212,0
TXN0029258,0
TXN0006689,0
TXN0006481,0
TXN0032864,0
TXN0019174,0
TXN0002101,0
TXN0008063,0
TXN0041467,0
TXN0043726,0
TXN0033286,0
TXN0052801,0
TXN0035668,0
TXN0046295,0
TXN0053749,0
TXN0020089,0
TXN0015278,0
TXN0024065,0
TXN0018878,0
TXN0007801,0
TXN0042001,0
TXN0004990,0
TXN0050272,0
TXN0012899,0
TXN0007982,0
TXN0012958,0
TXN0043143,0
TXN0059802,0
TXN0004046,0
TXN0002854,0
TXN0041904,0
TXN0024880,0
TXN0046397,0
TXN0017779,0
TXN0015864,0
TXN0044600,0
TXN0008364,0
TXN0051705,0
TXN0016723,0
TXN0043638,0
TXN0012912,0
TXN0040435,0
TXN0007497,0
TXN0058864,0
TXN0038946,0
TXN0000261,0
TXN0041963,0
TXN0047971,0
TXN0044295,0
TXN0019306,0
TXN0006515,0
TXN0031057,0
TXN0042455,0
TXN0033846,0
TXN0024637,0
TXN0020082,0
TXN0018446,0
TXN0058571,0
TXN0044819,0
TXN0008404,0
TXN0013949,0
TXN0047895,0
TXN0041143,0
TXN0052181,0
TXN0018295,0
TXN0048141,0
TXN0029929,0
TXN0039636,0
TXN0003136,0
TXN0036016,0
TXN0059001,0
TXN0005747,0
TXN0039701,0
TXN0032067,0
TXN0035684,0
TXN0019375,0
TXN0019574,0
TXN0051302,0
TXN0057634,0
TXN0034496,0
TXN0027121,0
TXN0017817,0
TXN0039324,0
TXN0057710,0
TXN0048888,0
TXN0016317,0
TXN0047041,0
TXN0015725,0
TXN0029325,0
TXN0002826,0
TXN0035347,0
TXN0059996,0
TXN0053340,0
TXN0025438,0
TXN0000109,0
TXN0006271,0
TXN0048974,0
TXN0045199,0
TXN0013132,0
TXN0028096,0
TXN0040415,0
TXN0050844,0
TXN0020633,0
TXN0057436,0
TXN0012986,0
TXN0031229,0
TXN0032488,0
TXN0036677,0
TXN0029447,0
TXN0022916,0
TXN0035097,0
TXN0021075,0
TXN0055571,0
TXN0016817,0
TXN0054634,0
TXN0003077,0
TXN0029912,0
TXN0037793,0
TXN0040560,0
TXN0054653,0
TXN0029840,0
TXN0010020,0
TXN0006423,0
TXN0046168,0
TXN0003584,0
TXN0051147,0
TXN0023832,0
TXN0007726,0
TXN0059767,0
TXN0006425,0
TXN0059384,0
TXN0000729,0
TXN0054278,0
TXN0018874,0
TXN0042726,0
TXN0009588,0
TXN0028958,0
TXN0034081,0
TXN0055813,0
TXN0038860,0
TXN0007024,0
TXN0057354,0
TXN0035648,0
TXN0029131,0
TXN0015484,0
TXN0013257,0
TXN0042016,0
TXN0034933,0
TXN0018342,0
TXN0036988,0
TXN0006340,0
TXN0046670,0
TXN0031137,0
TXN0055507,0
TXN0058010,0
TXN0022697,0
TXN0048066,0
TXN0004060,0
TXN0018106,0
TXN0006196,0
TXN0031316,0
TXN0029797,0
TXN0020628,0
TXN0000971,0
TXN0012814,0
TXN0009038,0
TXN0044204,0
TXN0035456,0
TXN0037943,0
TXN0005488,0
TXN0046206,0
TXN0022410,0
TXN0017552,0
TXN0017854,0
TXN0042866,0
TXN0039584,0
TXN0045247,0
TXN0055517,0
TXN0040869,0
TXN0002549,0
TXN0039367,0
TXN0050525,0
TXN0045721,0
TXN0049828,0
TXN0009281,0
TXN0048812,0
TXN0017951,0
TXN0024447,0
TXN0051582,0
TXN0004361,0
TXN0042419,0
TXN0039997,0
TXN0013458,0
TXN0010630,0
TXN0014712,0
TXN0019386,0
TXN0028275,0
TXN0042665,0
TXN0016764,0
TXN0058812,0
TXN0057061,0
TXN0049696,0
TXN0050640,0
TXN0013618,0
TXN0010643,0
TXN0020349,0
TXN0030913,0
TXN0008481,0
TXN0004107,0
TXN0027804,0
TXN0024925,0
TXN0016022,0
TXN0025075,0
TXN0057169,0
TXN0009501,0
TXN0056682,0
TXN0029015,0
TXN0026346,0
TXN0004021,0
TXN0000848,0
TXN0011359,0
TXN0013745,0
TXN0052358,0
TXN0021212,0
TXN0008675,0
TXN0042922,0
TXN0026433,0
TXN0037951,0
TXN0044838,0
TXN0005089,0
TXN0003416,0
TXNS00113,1
TXN0051897,0
TXN0058514,0
TXN0024294,0
TXN0049921,0
TXN0054374,0
TXN0047667,0
TXN0011262,0
TXN0014131,0
TXN0058498,0
TXN0059103,0
TXN0046662,0
TXN0042777,0
TXN0040625,0
TXN0020241,0
TXN0017915,0
TXN0046643,0
TXN0023012,0
TXN0052336,0
TXN0004053,0
TXNS00121,1
TXN0019842,0
TXN0030714,0
TXN0045885,0
TXN0019127,0
TXN0036063,0
TXN0012946,0
TXN0057448,0
TXN0045459,0
TXN0040676,0
TXN0028796,0
TXN0041999,0
TXN0027031,0
TXN0028286,0
TXN0003388,0
TXN0012443,0
TXN0012233,0
TXN0052255,0
TXN0044995,0
TXN0030440,0
TXN0058105,0
TXN0049964,0
TXN0024814,0
TXN0015518,0
TXN0051345,0
TXN0055320,0
TXN0026077,0
TXN0031112,0
TXN0058827,0
TXN0021202,0
TXN0035377,0
TXN0046932,0
TXN0031224,0
TXN0026843,0
TXN0053519,0
TXN0058419,0
TXN0002095,0
TXN0053131,0
TXN0037728,0
TXN0023543,0
TXN0056721,0
TXN0006144,0
TXN0045249,0
TXN0021138,0
TXN0043754,0
TXN0053976,0
TXN0006006,0
TXN0035068,0
TXN0021895,0
TXN0015433,0
TXN0033693,0
TXN0057774,0
TXN0051636,0
TXN0056516,0
TXN0027150,0
TXN0005359,0
TXN0038056,0
TXN0050021,0
TXN0022004,0
TXN0021993,0
TXN0009785,0
TXN0031868,0
TXN0001786,0
TXN0021992,0
TXN0049096,0
TXN0010113,0
TXN0024758,0
TXN0046575,0
TXN0059281,0
TXN0039308,0
TXN0054150,0
TXN0050362,0
TXN0056255,0
TXN0054834,0
TXN0040693,0
TXN0056480,0
TXN0047331,0
TXN0033206,0
TXN0033203,0
TXN0019578,0
TXN0056490,0
TXN0016189,0
TXN0009011,0
TXN0022096,0
TXN0039217,0
TXN0042209,0
TXN0044545,0
TXN0002298,0
TXN0008913,0
TXN0004464,0
TXN0012139,0
TXN0009987,0
TXN0043603,0
TXN0004609,0
TXN0014124,0
TXN0011768,0
TXN0052722,0
TXN0000086,0
TXN0015838,0
TXN0027402,0
TXN0028505,0
TXN0036178,0
TXN0057341,0
TXN0009767,0
TXN0016033,0
TXN0047739,0
TXN0034260,0
TXN0049656,0
TXN0034943,0
TXN0037324,0
TXN0008966,0
TXN0017582,0
TXN0029403,0
TXN0009804,0
TXN0011077,0
TXN0033473,0
TXN0039651,0
TXN0036998,0
TXN0002218,0
TXN0023217,0
TXN0036662,0
TXN0011375,0
TXN0056205,0
TXN0015364,0
TXN0035653,0
TXN0014041,0
TXN0031855,0
TXN0049341,0
TXN0058466,0
TXN0035838,0
TXN0000564,0
TXN0011729,0
TXN0033834,0
TXN0035045,0
TXN0031407,0
TXN0002338,0
TXN0043012,0
TXN0054404,0
TXN0054877,0
TXN0010049,0
TXN0010407,0
TXN0016366,0
TXN0025193,0
TXN0008780,0
TXN0057018,0
TXN0027628,0
TXN0042984,0
TXN0009093,0
TXN0022408,0
TXN0054455,0
TXN0055335,0
TXN0055991,0
TXN0049305,0
TXN0008909,0
TXN0017271,0
TXN0050134,0
TXN0039368,0
TXN0044167,0
TXN0038377,0
TXN0015664,0
TXN0045076,0
TXN0021648,0
TXN0053849,0
TXN0004503,0
TXN0051562,0
TXN0003867,0
TXN0051015,0
TXN0033681,0
TXN0033022,0
TXN0030616,0
TXN0009694,0
TXN0025004,0
TXN0055626,0
TXN0037427,0
TXN0043070,0
TXN0018511,0
TXN0059584,0
TXN0010587,0
TXN0003154,0
TXN0051640,0
TXN0034544,0
TXN0043413,0
TXN0045750,0
TXN0028113,0
TXN0035910,0
TXN0017954,0
TXN0019948,0
TXN0001422,0
TXN0008468,0
TXN0049965,0
TXN0004678,0
TXN0021713,0
TXN0025478,0
TXN0006288,0
TXN0053389,0
TXN0022291,0
TXN0019858,0
TXN0026192,0
TXN0037737,0
TXN0019466,0
TXN0029821,0
TXN0033265,0
TXN0012883,0
TXN0059514,0
TXN0054703,0
TXN0058950,0
TXN0000277,0
TXN0020361,0
TXN0028058,0
TXN0020546,0
TXN0000253,0
TXN0054347,0
TXN0009798,0
TXN0035197,0
TXN0051290,0
TXN0004894,0
TXN0020560,0
TXN0013293,0
TXN0044660,0
TXN0003335,0
TXN0057086,0
TXN0052435,0
TXN0027960,0
TXN0028066,0
TXN0025624,0
TXN0028033,0
TXN0032163,0
TXN0026441,0
TXN0006528,0
TXN0021758,0
TXN0036927,0
TXN0007343,0
TXN0005512,0
TXN0058310,0
TXN0044368,0
TXN0050084,0
TXN0029019,0
TXN0040889,0
TXN0055053,0
TXN0025170,0
TXN0045023,0
TXN0056664,0
TXN0017914,0
TXN0002515,0
TXN0012471,0
TXN0009186,0
TXN0032285,0
TXN0010399,0
TXN0044714,0
TXN0000644,0
TXN0026537,0
TXN0037983,0
TXN0051219,0
TXN0050662,0
TXN0043265,0
TXN0038983,0
TXN0037964,0
TXN0028536,0
TXN0012847,0
TXN0021666,0
TXN0053293,0
TXN0026983,0
TXN0029660,0
TXN0043097,0
TXN0030468,0
TXN0009789,0
TXN0001219,0
TXN0046372,0
TXN0028816,0
TXN0037591,0
TXN0010727,0
TXN0024539,0
TXN0001554,0
TXN0049404,0
TXN0053122,0
TXN0032114,0
TXN0042050,0
TXN0033689,0
TXN0006939,0
TXN0018415,0
TXN0001566,0
TXN0005803,0
TXN0020182,0
TXN0055428,0
TXN0000906,0
TXN0032997,0
TXN0042386,0
TXN0013847,0
TXN0026294,0
TXN0010947,0
TXN0010713,0
TXN0032814,0
TXN0016813,0
TXN0019031,0
TXN0030855,0
TXN0045830,0
TXN0028943,0
TXN0037513,0
TXN0016380,0
TXN0039077,0
TXN0034539,0
TXN0049558,0
TXN0002349,0
TXN0022575,0
TXN0028596,0
TXN0020540,0
TXN0059590,0
TXN0014686,0
TXN0022933,0
TXN0017446,0
TXN0058296,0
TXN0016399,0
TXN0018831,0
TXN0000708,0
TXN0012269,0
TXN0014366,0
TXN0048871,0
TXN0027030,0
TXN0002867,0
TXN0047215,0
TXN0020364,0
TXN0014528,0
TXN0046890,0
TXN0025311,0
TXN0032999,0
TXN0041141,0
TXN0033412,0
TXNS00610,1
TXN0023336,0
TXN0036718,0
TXN0041673,0
TXN0020262,0
TXN0028676,0
TXN0012307,0
TXN0048385,0
TXN0023493,0
TXN0013816,0
TXN0026006,0
TXN0048439,0
TXN0040035,0
TXN0059910,0
TXN0022091,0
TXN0025900,0
TXN0047292,0
TXN0000773,0
TXN0048338,0
TXN0047151,0
TXN0034649,0
TXN0034014,0
TXN0041164,0
TXN0033076,0
TXN0057594,0
TXN0016045,0
TXN0040471,0
TXN0034458,0
TXN0038684,0
TXN0024650,0
TXN0015671,0
TXN0022175,0
TXN0001592,0
TXN0046848,0
TXN0034966,0
TXN0018127,0
TXN0045053,0
TXN0024471,0
TXN0026436,0
TXN0055858,0
TXN0006913,0
TXN0031993,0
TXN0017168,0
TXN0003375,0
TXN0041813,0
TXN0050481,0
TXN0026059,0
TXN0019658,0
TXN0039614,0
TXN0036514,0
TXN0001879,0
TXN0022827,0
TXN0049474,0
TXN0021753,0
TXN0058516,0
TXN0003955,0
TXN0012724,0
TXN0030430,0
TXN0050317,0
TXN0013653,0
TXN0007680,0
TXN0005777,0
TXN0055362,0
TXN0036567,0
TXN0051228,0
TXN0007417,0
TXN0023417,0
TXN0012532,0
TXN0034676,0
TXN0020735,0
TXN0052004,0
TXN0015745,0
TXN0031937,0
TXN0057272,0
TXN0007780,0
TXN0026726,0
TXN0040184,0
TXN0004364,0
TXN0025484,0
TXN0037852,0
TXN0020713,0
TXN0059905,0
TXN0033163,0
TXN0047345,0
TXN0025527,0
TXN0050689,0
TXN0040707,0
TXN0053392,0
TXN0031243,0
TXN0030947,0
TXN0009301,0
TXN0013480,0
TXN0002907,0
TXN0042326,0
TXN0054422,0
TXN0001253,0
TXN0013152,0
TXN0002331,0
TXN0051893,0
TXN0005345,0
TXN0012252,0
TXN0031402,0
TXN0040851,0
TXN0024208,0
TXN0006201,0
TXN0056275,0
TXN0000943,0
TXN0052634,0
TXN0017992,0
TXN0014994,0
TXN0042200,0
TXN0053997,0
TXN0024757,0
TXN0022527,0
TXN0043640,0
TXN0054287,0
TXN0011212,0
TXN0059516,0
TXN0031228,0
TXN0003075,0
TXN0021688,0
TXN0005246,0
TXN0059799,0
TXN0052125,0
TXN0008943,0
TXN0007117,0
TXN0032397,0
TXN0054623,0
TXN0054143,0
TXN0056353,0
TXN0053235,0
TXN0011092,0
TXN0004524,0
TXN0058261,0
TXN0028686,0
TXN0039880,0
TXN0059843,0
TXN0026308,0
TXN0001180,0
TXN0015937,0
TXN0012376,0
TXN0003803,0
TXN0038336,0
TXN0054630,0
TXN0050333,0
TXN0042152,0
TXN0040236,0
TXN0046429,0
TXN0017121,0
TXN0052019,0
TXN0048318,0
TXN0030758,0
TXN0058729,0
TXN0024851,0
TXN0015617,0
TXN0040121,0
TXN0049718,0
TXN0012659,0
TXN0002152,0
TXN0051032,0
TXN0034190,0
TXN0026782,0
TXN0058396,0
TXN0042631,0
TXN0001334,0
TXN0013619,0
TXN0040327,0
TXN0011665,0
TXN0057394,0
TXN0034405,0
TXN0055491,0
TXN0014737,0
TXN0026629,0
TXN0015274,0
TXN0043341,0
TXN0039571,0
TXN0011617,0
TXN0052137,0
TXN0008713,0
TXN0048826,0
TXN0017220,0
TXNS00501,1
TXN0007270,0
TXN0010351,0
TXN0057163,0
TXN0003788,0
TXN0036115,0
TXN0012691,0
TXN0058643,0
TXN0030392,0
TXN0019617,0
TXN0042423,0
TXN0007679,0
TXN0030282,0
TXN0002982,0
TXN0000588,0
TXN0045068,0
TXN0049643,0
TXN0038359,0
TXN0052565,0
TXN0056839,0
TXN0007267,0
TXN0059333,0
TXN0003073,0
TXN0052056,0
TXN0023943,0
TXN0042766,0
TXN0051659,0
TXN0049218,0
TXN0020007,0
TXN0040450,0
TXN0003753,0
TXN0051406,0
TXN0038150,0
TXN0055622,0
TXN0056361,0
TXN0034718,0
TXN0053923,0
TXN0034826,0
TXN0020776,0
TXN0032589,0
TXN0039005,0
TXN0017227,0
TXN0008477,0
TXN0022138,0
TXN0020196,0
TXN0002210,0
TXN0025466,0
TXN0001736,0
TXN0026134,0
TXN0038912,0
TXN0030271,0
TXN0047461,0
TXN0044141,0
TXN0044979,0
TXN0059583,0
TXN0058184,0
TXN0005011,0
TXN0017808,0
TXN0000628,0
TXN0030388,0
TXN0045052,0
TXN0017965,0
TXN0028100,0
TXN0043926,0
TXN0013426,0
TXN0055694,0
TXN0023562,0
TXN0031920,0
TXN0011566,0
TXN0038378,0
TXN0024636,0
TXN0036797,0
TXN0004212,0
TXN0009311,0
TXN0035090,0
TXN0006204,0
TXN0044636,0
TXN0012235,0
TXN0054154,0
TXN0007479,0
TXN0054205,0
TXN0037575,0
TXN0054908,0
TXN0042760,0
TXN0032775,0
TXN0024581,0
TXN0048791,0
TXN0007836,0
TXN0031994,0
TXN0030827,0
TXN0047134,0
TXN0035357,0
TXN0011625,0
TXN0016751,0
TXN0002969,0
TXN0034042,0
TXN0037654,0
TXN0039049,0
TXN0043260,0
TXN0013391,0
TXN0000224,0
TXN0047760,0
TXN0029977,0
TXN0006623,0
TXN0045099,0
TXN0048768,0
TXN0053153,0
TXN0047573,0
TXN0014657,0
TXN0052237,0
TXN0013995,0
TXN0016695,0
TXN0059953,0
TXN0044029,0
TXN0033516,0
TXN0021940,0
TXN0015486,0
TXN0001792,0
TXN0032943,0
TXN0001175,0
TXN0006917,0
TXN0035813,0
TXN0050605,0
TXN0034371,0
TXN0036517,0
TXN0009234,0
TXN0039221,0
TXN0045079,0
TXN0013263,0
TXN0011453,0
TXN0039848,0
TXN0055221,0
TXN0007686,0
TXN0006860,0
TXN0006758,0
TXN0037624,0
TXN0010894,0
TXN0044489,0
TXN0049585,0
TXN0049769,0
TXN0050899,0
TXN0038444,0
TXNR0191,1
TXN0058974,0
TXN0032709,0
TXN0005920,0
TXN0024197,0
TXN0002503,0
TXN0005436,0
TXN0049306,0
TXN0056158,0
TXN0058637,0
TXN0021819,0
TXN0003263,0
TXN0015012,0
TXN0004091,0
TXN0056095,0
TXN0040762,0
TXN0027242,0
TXN0056987,0
TXN0005843,0
TXN0011943,0
TXN0034182,0
TXN0043948,0
TXN0009763,0
TXN0038708,0
TXN0018221,0
TXN0018858,0
TXN0050556,0
TXN0003437,0
TXN0049214,0
TXN0050532,0
TXN0004939,0
TXN0054783,0
TXN0058133,0
TXN0015277,0
TXN0054372,0
TXN0028661,0
TXN0041331,0
TXN0034835,0
TXN0030342,0
TXN0042061,0
TXN0012163,0
TXN0045916,0
TXN0038053,0
TXN0005718,0
TXN0044126,0
TXN0036906,0
TXN0008557,0
TXN0011186,0
TXN0035605,0
TXN0059487,0
TXN0059620,0
TXN0031019,0
TXN0029262,0
TXN0020513,0
TXN0040815,0
TXN0004672,0
TXN0010453,0
TXN0017802,0
TXN0043212,0
TXN0056794,0
TXN0018172,0
TXN0014180,0
TXN0055742,0
TXN0012066,0
TXN0037839,0
TXN0013243,0
TXN0047245,0
TXN0009836,0
TXN0002726,0
TXN0028575,0
TXN0013032,0
TXN0019081,0
TXN0020040,0
TXN0023302,0
TXN0049973,0
TXN0042023,0
TXN0026392,0
TXN0042997,0
TXN0030302,0
TXN0035378,0
TXN0032960,0
TXN0015505,0
TXN0007845,0
TXN0001182,0
TXN0030664,0
TXN0003502,0
TXN0034694,0
TXN0040400,0
TXN0048882,0
TXN0037468,0
TXN0044902,0
TXN0058212,0
TXN0016213,0
TXN0027555,0
TXN0031674,0
TXN0031191,0
TXN0032856,0
TXN0057079,0
TXN0030814,0
TXN0035852,0
TXN0034101,0
TXN0046962,0
TXN0029705,0
TXN0034585,0
TXN0009232,0
TXN0013814,0
TXN0016051,0
TXN0016384,0
TXN0026214,0
TXN0025638,0
TXN0000039,0
TXN0005125,0
TXN0033963,0
TXN0056524,0
TXN0011259,0
TXN0041530,0
TXN0019007,0
TXN0044795,0
TXN0014233,0
TXN0016228,0
TXN0041070,0
TXN0039425,0
TXN0054909,0
TXN0042083,0
TXN0034400,0
TXN0000612,0
TXN0058890,0
TXN0043222,0
TXN0035494,0
TXN0051223,0
TXN0032129,0
TXN0055729,0
TXN0003003,0
TXN0024374,0
TXN0023160,0
TXN0058519,0
TXN0026787,0
TXN0033549,0
TXN0027067,0
TXN0026066,0
TXN0034774,0
TXN0052312,0
TXN0032804,0
TXN0031327,0
TXN0027288,0
TXN0052931,0
TXN0050353,0
TXN0022384,0
TXN0016253,0
TXN0000221,0
TXN0005975,0
TXN0021051,0
TXN0012608,0
TXN0027317,0
TXN0055959,0
TXN0056859,0
TXN0000942,0
TXN0005055,0
TXN0015578,0
TXN0033260,0
TXN0010853,0
TXN0023534,0
TXN0046173,0
TXN0032066,0
TXN0040270,0
TXN0033047,0
TXN0003758,0
TXN0022774,0
TXN0002807,0
TXN0036293,0
TXN0019808,0
TXN0017704,0
TXN0014624,0
TXN0034153,0
TXN0037411,0
TXN0044740,0
TXN0022037,0
TXN0042121,0
TXN0011041,0
TXN0016947,0
TXN0038234,0
TXN0053096,0
TXN0030799,0
TXN0034799,0
TXN0031208,0
TXN0054009,0
TXN0048260,0
TXN0029310,0
TXN0023477,0
TXN0012604,0
TXN0025133,0
TXN0053763,0
TXN0019241,0
TXN0011496,0
TXN0056526,0
TXN0050630,0
TXN0001638,0
TXN0017656,0
TXN0038136,0
TXN0003156,0
TXN0030767,0
TXN0026182,0
TXN0003928,0
TXN0005966,0
TXN0027308,0
TXN0052885,0
TXN0006793,0
TXN0039700,0
TXN0013592,0
TXN0038474,0
TXN0028053,0
TXN0009685,0
TXN0023463,0
TXN0011313,0
TXN0019120,0
TXN0029987,0
TXN0007427,0
TXN0034655,0
TXN0014212,0
TXN0034097,0
TXN0031563,0
TXN0059268,0
TXN0039638,0
TXN0043521,0
TXN0030602,0
TXN0024245,0
TXN0048440,0
TXN0010115,0
TXN0039664,0
TXN0006912,0
TXN0013980,0
TXN0049858,0
TXN0006875,0
TXN0016781,0
TXN0006013,0
TXN0049297,0
TXN0017896,0
TXN0011256,0
TXN0031265,0
TXN0001866,0
TXN0050930,0
TXN0045354,0
TXN0035142,0
TXN0032414,0
TXN0039688,0
TXN0008363,0
TXN0041188,0
TXN0035182,0
TXN0047370,0
TXN0005567,0
TXN0013927,0
TXN0058690,0
TXN0037603,0
TXN0022853,0
TXN0002868,0
TXN0034427,0
TXN0014293,0
TXN0007760,0
TXN0034449,0
TXN0034210,0
TXN0039698,0
TXN0000462,0
TXN0007327,0
TXN0053504,0
TXN0012640,0
TXNS00112,1
TXN0058004,0
TXN0048903,0
TXN0037619,0
TXN0039603,0
TXN0018619,0
TXN0033385,0
TXN0040999,0
TXN0016430,0
TXN0031209,0
TXN0032385,0
TXN0032652,0
TXN0027880,0
TXN0040779,0
TXN0027168,0
TXN0031409,0
TXN0008236,0
TXN0032986,0
TXN0046589,0
TXN0023029,0
TXN0028474,0
TXN0000754,0
TXN0007785,0
TXN0007613,0
TXN0008331,0
TXN0040371,0
TXN0045569,0
TXN0047585,0
TXN0030400,0
TXN0052581,0
TXN0035430,0
TXN0020769,0
TXN0021439,0
TXN0054592,0
TXN0050468,0
TXN0037686,0
TXN0054821,0
TXN0007687,0
TXN0031584,0
TXN0033482,0
TXN0038223,0
TXN0049240,0
TXN0051321,0
TXN0006390,0
TXN0017079,0
TXN0003120,0
TXN0021232,0
TXN0031168,0
TXN0040122,0
TXN0034791,0
TXN0031865,0
TXN0010572,0
TXN0013010,0
TXN0020351,0
TXN0045709,0
TXN0033610,0
TXN0039370,0
TXN0038899,0
TXN0018399,0
TXN0002592,0
TXN0019263,0
TXN0032915,0
TXN0003189,0
TXN0034463,0
TXN0046387,0
TXN0058196,0
TXN0034065,0
TXN0014636,0
TXN0056872,0
TXN0053030,0
TXN0017823,0
TXN0033847,0
TXN0057159,0
TXN0058780,0
TXN0041056,0
TXN0033889,0
TXN0005657,0
TXN0059645,0
TXN0002558,0
TXN0006225,0
TXN0015425,0
TXN0024029,0
TXN0016332,0
TXN0017700,0
TXN0053642,0
TXN0000828,0
TXN0008451,0
TXN0008745,0
TXN0012347,0
TXN0019400,0
TXN0040301,0
TXN0025889,0
TXN0015814,0
TXN0017631,0
TXN0005739,0
TXN0042925,0
TXN0051262,0
TXN0058923,0
TXN0017542,0
TXN0034096,0
TXN0024638,0
TXN0008880,0
TXN0044307,0
TXN0028566,0
TXN0055535,0
TXN0047445,0
TXN0057178,0
TXN0015985,0
TXN0055848,0
TXN0026302,0
TXN0059173,0
TXN0033789,0
TXN0042612,0
TXN0023617,0
TXN0035390,0
TXN0058353,0
TXN0052359,0
TXN0056225,0
TXN0049956,0
TXN0011466,0
TXN0020552,0
TXN0044419,0
TXN0002630,0
TXN0022429,0
TXN0011178,0
TXN0058941,0
TXN0000484,0
TXN0029893,0
TXN0058758,0
TXN0013505,0
TXN0051869,0
TXN0033661,0
TXN0046235,0
TXN0038992,0
TXN0023315,0
TXN0009057,0
TXN0045333,0
TXN0029244,0
TXN0044485,0
TXN0032178,0
TXN0037386,0
TXN0039254,0
TXN0005672,0
TXN0043517,0
TXN0007563,0
TXN0054538,0
TXN0059050,0
TXN0000896,0
TXN0028778,0
TXN0005034,0
TXN0047352,0
TXN0005333,0
TXN0057855,0
TXN0056102,0
TXN0052570,0
TXN0025577,0
TXN0034179,0
TXN0025281,0
TXN0011852,0
TXN0025045,0
TXN0040556,0
TXN0022125,0
TXN0001164,0
TXN0010189,0
TXN0009985,0
TXN0043751,0
TXN0046445,0
TXN0007682,0
TXN0029353,0
TXN0004475,0
TXN0036472,0
TXN0031144,0
TXN0013557,0
TXN0042180,0
TXN0046076,0
TXN0039490,0
TXN0045796,0
TXN0003840,0
TXN0003935,0
TXN0057543,0
TXN0046880,0
TXN0040759,0
TXN0057415,0
TXN0034056,0
TXN0055787,0
TXN0025087,0
TXN0000396,0
TXN0038219,0
TXN0044004,0
TXN0011342,0
TXN0026609,0
TXN0047259,0
TXN0001536,0
TXN0002527,0
TXN0047671,0
TXN0006648,0
TXN0006483,0
TXN0023080,0
TXN0023316,0
TXN0048006,0
TXN0006778,0
TXN0006527,0
TXN0058799,0
TXN0036755,0
TXN0037139,0
TXN0008251,0
TXN0036267,0
TXN0003181,0
TXN0029358,0
TXN0019828,0
TXN0059205,0
TXN0006975,0
TXN0014286,0
TXN0006742,0
TXN0015603,0
TXN0058721,0
TXN0040315,0
TXN0026479,0
TXN0000416,0
TXN0052774,0
TXN0043474,0
TXN0054976,0
TXN0056683,0
TXN0024258,0
TXN0041794,0
TXN0012593,0
TXN0002777,0
TXN0040489,0
TXN0050699,0
TXN0046876,0
TXN0057457,0
TXN0030843,0
TXN0004976,0
TXN0038350,0
TXN0021111,0
TXN0058893,0
TXN0023609,0
TXN0040921,0
TXN0031221,0
TXN0003265,0
TXN0034444,0
TXN0054825,0
TXN0024710,0
TXN0055511,0
TXN0017486,0
TXN0001165,0
TXN0050966,0
TXN0002059,0
TXN0034638,0
TXN0046303,0
TXN0049871,0
TXN0059448,0
TXN0009118,0
TXN0046744,0
TXN0021070,0
TXN0005572,0
TXN0053881,0
TXN0036987,0
TXN0033860,0
TXN0025593,0
TXN0005549,0
TXN0023307,0
TXN0040717,0
TXN0052005,0
TXN0006942,0
TXN0049518,0
TXN0046803,0
TXN0037258,0
TXN0006666,0
TXN0024573,0
TXN0003899,0
TXN0049259,0
TXN0017052,0
TXN0038617,0
TXN0054879,0
TXN0046498,0
TXN0030665,0
TXN0049477,0
TXN0057313,0
TXN0005102,0
TXN0018797,0
TXN0047613,0
TXN0044033,0
TXN0006592,0
TXN0011512,0
TXN0007144,0
TXN0022199,0
TXN0053213,0
TXN0058228,0
TXN0005977,0
TXN0044770,0
TXN0045306,0
TXN0045401,0
TXN0043173,0
TXN0039505,0
TXN0058975,0
TXN0045727,0
TXN0050618,0
TXN0053638,0
TXN0041651,0
TXN0013946,0
TXN0026103,0
TXN0044003,0
TXN0052408,0
TXN0000936,0
TXN0006558,0
TXN0025383,0
TXN0013215,0
TXN0049592,0
TXN0014614,0
TXN0007554,0
TXN0014044,0
TXN0017786,0
TXN0035353,0
TXN0009590,0
TXN0045029,0
TXN0021467,0
TXN0010474,0
TXN0052803,0
TXN0000898,0
TXN0011024,0
TXN0019660,0
TXN0004265,0
TXN0041619,0
TXN0028844,0
TXN0026949,0
TXN0043338,0
TXN0008739,0
TXN0055352,0
TXN0018810,0
TXN0029724,0
TXN0009887,0
TXN0013297,0
TXN0022856,0
TXN0056289,0
TXN0057989,0
TXN0038463,0
TXN0008479,0
TXN0024670,0
TXN0008193,0
TXN0059917,0
TXN0031392,0
TXN0046115,0
TXN0059193,0
TXN0023829,0
TXN0013294,0
TXN0058778,0
TXN0059339,0
TXN0050016,0
TXN0006656,0
TXN0042805,0
TXN0022723,0
TXN0001498,0
TXN0054863,0
TXN0052176,0
TXN0026373,0
TXN0019080,0
TXN0017827,0
TXN0055610,0
TXN0034181,0
TXN0052766,0
TXN0039342,0
TXN0005169,0
TXN0039906,0
TXN0017753,0
TXN0027300,0
TXN0026513,0
TXN0021929,0
TXN0030809,0
TXN0006434,0
TXN0036105,0
TXN0005946,0
TXN0044753,0
TXN0035306,0
TXN0026163,0
TXN0034702,0
TXN0054081,0
TXN0015665,0
TXN0040936,0
TXN0056230,0
TXN0043903,0
TXN0001486,0
TXN0032837,0
TXN0026102,0
TXN0013373,0
TXN0043269,0
TXN0037788,0
TXN0020352,0
TXN0003524,0
TXN0052554,0
TXN0058159,0
TXN0029199,0
TXN0045021,0
TXN0018145,0
TXN0014076,0
TXN0022839,0
TXN0058906,0
TXN0026894,0
TXN0004800,0
TXN0054661,0
TXN0046261,0
TXN0054069,0
TXN0011042,0
TXN0025501,0
TXN0055872,0
TXN0053977,0
TXN0003222,0
TXN0036097,0
TXN0030813,0
TXN0051318,0
TXN0030753,0
TXN0026881,0
TXN0025018,0
TXN0057218,0
TXN0033640,0
TXN0040233,0
TXN0051799,0
TXN0012322,0
TXN0034302,0
TXN0016586,0
TXN0040882,0
TXN0037446,0
TXN0026692,0
TXN0053285,0
TXN0038338,0
TXN0042457,0
TXN0006916,0
TXN0009951,0
TXN0008506,0
TXN0042848,0
TXN0002060,0
TXN0034372,0
TXN0013179,0
TXN0036238,0
TXN0036329,0
TXN0032614,0
TXN0031336,0
TXN0053486,0
TXN0011541,0
TXN0007180,0
TXN0004884,0
TXN0011527,0
TXN0032415,0
TXN0002949,0
TXN0018923,0
TXN0049440,0
TXN0015539,0
TXN0049033,0
TXN0052894,0
TXN0003804,0
TXN0055306,0
TXN0041967,0
TXN0025644,0
TXN0017252,0
TXN0032429,0
TXN0001463,0
TXN0004264,0
TXN0026820,0
TXN0054785,0
TXN0054495,0
TXN0048957,0
TXN0038344,0
TXN0007091,0
TXN0057085,0
TXN0050741,0
TXN0033010,0
TXN0040786,0
TXN0005205,0
TXN0035687,0
TXN0002528,0
TXN0024948,0
TXN0046184,0
TXN0020969,0
TXN0011751,0
TXN0029640,0
TXN0044379,0
TXN0013443,0
TXN0022265,0
TXN0050713,0
TXN0036904,0
TXN0054473,0
TXN0026473,0
TXN0027699,0
TXN0028262,0
TXN0016801,0
TXN0016742,0
TXN0019802,0
TXN0019511,0
TXN0032048,0
TXN0023261,0
TXN0049227,0
TXN0003715,0
TXN0053406,0
TXN0038655,0
TXN0014443,0
TXN0013400,0
TXN0050791,0
TXN0027211,0
TXN0023785,0
TXN0054048,0
TXN0030786,0
TXN0011778,0
TXN0019211,0
TXN0009069,0
TXN0034601,0
TXN0002449,0
TXN0020705,0
TXN0024221,0
TXN0052847,0
TXN0039295,0
TXN0018719,0
TXN0034267,0
TXN0001221,0
TXN0015016,0
TXN0047189,0
TXN0026906,0
TXN0044919,0
TXN0024999,0
TXN0028738,0
TXN0029460,0
TXN0013033,0
TXN0019679,0
TXN0023654,0
TXN0032104,0
TXN0032526,0
TXN0028497,0
TXN0052897,0
TXN0036926,0
TXN0058475,0
TXN0036147,0
TXN0049369,0
TXN0035444,0
TXN0012421,0
TXN0023677,0
TXN0001003,0
TXN0056938,0
TXN0046267,0
TXN0052862,0
TXN0047624,0
TXN0019695,0
TXN0003272,0
TXN0031441,0
TXN0008042,0
TXN0015093,0
TXN0029130,0
TXN0054600,0
TXN0019221,0
TXN0047306,0
TXN0021109,0
TXN0037295,0
TXN0042365,0
TXN0050039,0
TXN0052810,0
TXN0030978,0
TXN0018801,0
TXN0010064,0
TXN0026612,0
TXN0024771,0
TXN0057678,0
TXN0034041,0
TXN0043657,0
TXN0045923,0
TXN0001641,0
TXN0003615,0
TXN0029880,0
TXN0016063,0
TXN0001072,0
TXN0012184,0
TXN0021092,0
TXN0001246,0
TXN0004810,0
TXN0028005,0
TXN0019620,0
TXN0037379,0
TXN0036494,0
TXN0031630,0
TXN0049583,0
TXN0043098,0
TXN0032038,0
TXN0003037,0
TXN0043740,0
TXN0057499,0
TXNS00901,1
TXN0040990,0
TXN0055627,0
TXN0024743,0
TXN0020868,0
TXN0019548,0
TXN0037535,0
TXN0015602,0
TXN0020972,0
TXN0041990,0
TXN0034576,0
TXN0001295,0
TXN0000182,0
TXN0053863,0
TXN0026834,0
TXN0047681,0
TXN0031553,0
TXN0023143,0
TXN0004252,0
TXN0002579,0
TXN0025542,0
TXN0007208,0
TXN0022492,0
TXN0046122,0
TXN0057405,0
TXN0042622,0
TXN0027958,0
TXN0004157,0
TXN0046810,0
TXN0015590,0
TXN0007168,0
TXN0032239,0
TXN0038656,0
TXN0047561,0
TXN0026043,0
TXN0005395,0
TXN0057258,0
TXN0033235,0
TXN0048711,0
TXN0036869,0
TXN0040968,0
TXN0005931,0
TXN0049439,0
TXN0005012,0
TXN0017391,0
TXN0024929,0
TXN0009908,0
TXN0034151,0
TXN0006330,0
TXN0015606,0
TXN0050359,0
TXN0015796,0
TXN0042123,0
TXN0009807,0
TXN0018111,0
TXN0011933,0
TXN0057979,0
TXN0057709,0
TXN0056734,0
TXN0013972,0
TXN0036689,0
TXN0029708,0
TXN0015124,0
TXN0033553,0
TXN0044023,0
TXN0021419,0
TXN0000697,0
TXN0040638,0
TXN0012440,0
TXN0040530,0
TXN0036325,0
TXN0042328,0
TXN0046909,0
TXN0041178,0
TXN0044661,0
TXN0048168,0
TXN0021114,0
TXN0008239,0
TXN0031895,0
TXN0005761,0
TXN0033051,0
TXN0013688,0
TXN0025325,0
TXN0038295,0
TXN0004248,0
TXN0047500,0
TXN0041324,0
TXN0000780,0
TXN0001400,0
TXN0041600,0
TXN0022269,0
TXN0054676,0
TXN0031352,0
TXN0053371,0
TXN0027415,0
TXN0006851,0
TXN0003308,0
TXN0048086,0
TXN0047510,0
TXN0057004,0
TXN0032087,0
TXN0011591,0
TXN0052463,0
TXN0037156,0
TXN0003270,0
TXN0036098,0
TXN0024943,0
TXN0044672,0
TXN0046842,0
TXN0000611,0
TXN0034918,0
TXN0016000,0
TXN0053252,0
TXN0029728,0
TXN0048390,0
TXN0055047,0
TXN0015750,0
TXN0017962,0
TXN0051516,0
TXN0013459,0
TXN0029212,0
TXN0059389,0
TXN0029947,0
TXN0001570,0
TXN0007822,0
TXN0027988,0
TXN0051766,0
TXN0049485,0
TXN0009149,0
TXN0006945,0
TXN0013660,0
TXN0024025,0
TXN0009298,0
TXN0021890,0
TXN0052566,0
TXN0031992,0
TXN0051090,0
TXN0052214,0
TXN0014009,0
TXN0008994,0
TXN0046767,0
TXN0049907,0
TXN0027038,0
TXN0014005,0
TXN0044700,0
TXN0030919,0
TXN0003638,0
TXN0016510,0
TXN0039742,0
TXN0052949,0
TXN0035080,0
TXN0034379,0
TXN0007725,0
TXN0015666,0
TXN0005114,0
TXN0032411,0
TXN0008145,0
TXN0006717,0
TXN0026109,0
TXN0005563,0
TXN0020623,0
TXN0015255,0
TXN0007217,0
TXN0054389,0
TXN0039509,0
TXN0033165,0
TXN0021743,0
TXN0030691,0
TXN0020892,0
TXN0035151,0
TXN0023860,0
TXN0014788,0
TXN0053033,0
TXN0058020,0
TXN0043580,0
TXN0052383,0
TXN0001227,0
TXN0042553,0
TXN0048546,0
TXN0000237,0
TXN0055835,0
TXN0023106,0
TXN0028574,0
TXN0050220,0
TXN0004948,0
TXN0002141,0
TXN0033818,0
TXN0023406,0
TXN0029620,0
TXN0030368,0
TXN0028581,0
TXN0031931,0
TXN0030004,0
TXN0057349,0
TXN0014238,0
TXN0053756,0
TXN0039508,0
TXN0042995,0
TXN0049226,0
TXN0054726,0
TXN0038387,0
TXN0059461,0
TXN0042716,0
TXN0030606,0
TXN0058036,0
TXN0049229,0
TXN0054755,0
TXN0026764,0
TXN0056970,0
TXN0041455,0
TXN0001856,0
TXN0024875,0
TXN0044613,0
TXN0042780,0
TXN0054590,0
TXN0004070,0
TXN0010563,0
TXN0009035,0
TXN0021619,0
TXN0021757,0
TXN0040255,0
TXN0053974,0
TXN0024924,0
TXN0044457,0
TXN0021837,0
TXN0023920,0
TXN0011495,0
TXN0057717,0
TXN0043586,0
TXN0055648,0
TXN0014948,0
TXN0003732,0
TXN0025217,0
TXN0002780,0
TXN0000295,0
TXN0024341,0
TXN0045882,0
TXN0046053,0
TXN0047787,0
TXN0005676,0
TXN0038302,0
TXN0018331,0
TXN0029818,0
TXN0004563,0
TXN0000998,0
TXN0032717,0
TXN0041697,0
TXN0056848,0
TXN0032673,0
TXN0023204,0
TXN0002359,0
TXN0023899,0
TXN0048120,0
TXN0002710,0
TXN0003085,0
TXN0059550,0
TXN0029776,0
TXN0040424,0
TXN0005073,0
TXN0054478,0
TXN0041122,0
TXN0020340,0
TXN0049636,0
TXN0038657,0
TXN0016203,0
TXN0053549,0
TXN0049237,0
TXN0046262,0
TXN0018465,0
TXN0056285,0
TXN0043998,0
TXN0011917,0
TXN0012964,0
TXN0012687,0
TXN0031399,0
TXN0028095,0
TXN0013909,0
TXN0048964,0
TXN0021003,0
TXN0057983,0
TXN0044519,0
TXN0014097,0
TXN0038018,0
TXN0001978,0
TXN0032834,0
TXN0046301,0
TXN0045061,0
TXN0005945,0
TXN0045410,0
TXN0053562,0
TXN0052031,0
TXN0012064,0
TXN0053478,0
TXN0039835,0
TXN0028094,0
TXN0010499,0
TXN0008440,0
TXN0043204,0
TXN0008350,0
TXN0011623,0
TXN0048583,0
TXN0020691,0
TXN0023030,0
TXN0032772,0
TXN0001718,0
TXN0000914,0
TXN0042151,0
TXN0045806,0
TXN0006429,0
TXN0043571,0
TXN0026982,0
TXN0036569,0
TXN0013274,0
TXN0007161,0
TXN0033731,0
TXN0040144,0
TXN0046502,0
TXN0041702,0
TXN0031652,0
TXN0022047,0
TXN0055380,0
TXN0055932,0
TXN0050761,0
TXN0042491,0
TXN0040959,0
TXN0014339,0
TXN0042306,0
TXN0027210,0
TXN0035339,0
TXN0000114,0
TXN0043792,0
TXN0011878,0
TXN0014872,0
TXN0035015,0
TXN0030058,0
TXN0004128,0
TXN0004615,0
TXN0024330,0
TXN0034221,0
TXN0006926,0
TXN0000586,0
TXN0010538,0
TXN0031743,0
TXN0014552,0
TXN0051045,0
TXN0031723,0
TXN0045126,0
TXN0043673,0
TXN0054123,0
TXN0044834,0
TXN0047959,0
TXN0058970,0
TXN0058531,0
TXN0012890,0
TXN0043378,0
TXN0005835,0
TXN0012668,0
TXN0031061,0
TXN0043736,0
TXN0010552,0
TXN0059183,0
TXN0028450,0
TXN0016507,0
TXN0007055,0
TXN0010801,0
TXN0059151,0
TXN0001710,0
TXN0054462,0
TXN0053396,0
TXN0001005,0
TXN0028344,0
TXN0059957,0
TXN0048753,0
TXN0055899,0
TXN0051972,0
TXN0029108,0
TXN0043636,0
TXN0031680,0
TXN0016880,0
TXN0040511,0
TXN0054916,0
TXN0041998,0
TXN0036458,0
TXN0017190,0
TXN0053524,0
TXN0055673,0
TXN0006357,0
TXN0023986,0
TXN0014805,0
TXN0040408,0
TXN0047413,0
TXN0057552,0
TXN0039944,0
TXN0030528,0
TXN0051951,0
TXN0022530,0
TXN0004032,0
TXN0013298,0
TXN0038898,0
TXN0044050,0
TXN0016790,0
TXN0042661,0
TXN0056141,0
TXN0008781,0
TXN0046199,0
TXN0043047,0
TXN0034739,0
TXN0032757,0
TXN0007881,0
TXN0038181,0
TXN0024635,0
TXN0050259,0
TXN0019602,0
TXN0034876,0
TXN0054633,0
TXN0024273,0
TXN0038888,0
TXN0026334,0
TXN0038145,0
TXN0014014,0
TXN0020290,0
TXN0032504,0
TXN0053230,0
TXN0045101,0
TXN0039125,0
TXN0031074,0
TXN0004162,0
TXN0043873,0
TXN0045731,0
TXN0001318,0
TXN0000410,0
TXN0017699,0
TXN0014355,0
TXN0022170,0
TXN0023498,0
TXN0035683,0
TXN0024508,0
TXN0005815,0
TXN0048465,0
TXN0017867,0
TXN0023692,0
TXN0025897,0
TXN0057054,0
TXN0059690,0
TXN0035700,0
TXN0025910,0
TXN0004568,0
TXN0020347,0
TXN0012141,0
TXN0058031,0
TXN0028846,0
TXN0041063,0
TXN0020438,0
TXN0011141,0
TXN0014861,0
TXN0001491,0
TXN0005070,0
TXN0016174,0
TXN0006415,0
TXN0001632,0
TXN0013471,0
TXN0027060,0
TXN0004883,0
TXN0011667,0
TXN0044093,0
TXN0043667,0
TXN0024060,0
TXN0049738,0
TXN0018664,0
TXN0024731,0
TXN0019632,0
TXN0003099,0
TXN0034670,0
TXN0009024,0
TXN0023400,0
TXN0030056,0
TXN0023933,0
TXN0022977,0
TXN0050841,0
TXN0027053,0
TXN0026112,0
TXN0038537,0
TXN0002273,0
TXN0051615,0
TXN0003495,0
TXN0020715,0
TXN0051969,0
TXN0059605,0
TXN0007306,0
TXN0032758,0
TXN0021930,0
TXN0008075,0
TXN0016954,0
TXN0007567,0
TXN0036915,0
TXN0025716,0
TXN0044836,0
TXN0050054,0
TXN0025810,0
TXN0057125,0
TXN0003131,0
TXN0002980,0
TXN0010045,0
TXN0053903,0
TXN0009169,0
TXN0014148,0
TXN0047930,0
TXN0007592,0
TXN0016311,0
TXN0041940,0
TXN0002893,0
TXN0011044,0
TXN0059705,0
TXN0013501,0
TXN0040971,0
TXN0007743,0
TXN0041314,0
TXN0027707,0
TXN0012662,0
TXN0030249,0
TXN0000095,0
TXN0024825,0
TXN0001580,0
TXN0051167,0
TXN0012789,0
TXN0031329,0
TXN0018276,0
TXN0011661,0
TXN0007829,0
TXN0016345,0
TXN0012033,0
TXN0013534,0
TXN0039908,0
TXN0040500,0
TXN0014916,0
TXN0058797,0
TXN0024308,0
TXN0006919,0
TXN0033041,0
TXN0049210,0
TXN0056924,0
TXN0042825,0
TXN0039524,0
TXNR0222,1
TXN0046939,0
TXN0016354,0
TXN0018056,0
TXN0009146,0
TXN0011404,0
TXN0056720,0
TXN0020003,0
TXN0055713,0
TXN0047719,0
TXN0044121,0
TXN0056559,0
TXN0005297,0
TXN0028717,0
TXN0057875,0
TXN0045526,0
TXN0053600,0
TXN0019545,0
TXN0013770,0
TXN0004878,0
TXN0046058,0
TXN0054965,0
TXN0038719,0
TXN0051911,0
TXN0056134,0
TXN0051198,0
TXN0021036,0
TXN0050767,0
TXN0034388,0
TXN0037246,0
TXN0036990,0
TXN0011799,0
TXN0027173,0
TXN0028455,0
TXN0028969,0
TXN0054781,0
TXN0006985,0
TXN0019038,0
TXN0001126,0
TXN0058720,0
TXN0058978,0
TXN0058311,0
TXN0010742,0
TXN0032315,0
TXN0019015,0
TXN0058851,0
TXN0050958,0
TXN0023101,0
TXN0047222,0
TXN0059418,0
TXN0015521,0
TXN0017664,0
TXN0052266,0
TXN0024216,0
TXN0046125,0
TXN0057860,0
TXN0035849,0
TXN0046504,0
TXN0056153,0
TXN0038608,0
TXN0035520,0
TXN0015006,0
TXN0004998,0
TXN0002322,0
TXN0007209,0
TXN0010723,0
TXN0058897,0
TXN0022864,0
TXN0003698,0
TXN0010307,0
TXN0020200,0
TXN0015599,0
TXN0053024,0
TXN0058790,0
TXN0034410,0
TXN0009367,0
TXN0015532,0
TXN0006383,0
TXN0012203,0
TXN0037000,0
TXN0023176,0
TXN0058694,0
TXN0039602,0
TXN0059531,0
TXN0021072,0
TXN0051468,0
TXN0037084,0
TXN0030675,0
TXN0030631,0
TXN0058331,0
TXN0032377,0
TXN0023276,0
TXN0010021,0
TXN0032366,0
TXN0036891,0
TXN0028356,0
TXN0007515,0
TXN0002008,0
TXN0019793,0
TXN0008455,0
TXN0027905,0
TXN0014111,0
TXN0024954,0
TXN0057894,0
TXN0052522,0
TXN0035161,0
TXN0016222,0
TXN0051435,0
TXN0035966,0
TXN0013787,0
TXN0031451,0
TXN0009645,0
TXN0013996,0
TXN0030069,0
TXN0038093,0
TXN0010289,0
TXN0008035,0
TXN0036512,0
TXN0056345,0
TXN0030986,0
TXN0054020,0
TXN0029735,0
TXN0022194,0
TXN0030711,0
TXN0003940,0
TXN0031446,0
TXN0017049,0
TXN0051738,0
TXN0015279,0
TXN0001824,0
TXN0049735,0
TXN0016823,0
TXN0026164,0
TXN0048705,0
TXN0046459,0
TXN0024706,0
TXN0018871,0
TXN0004448,0
TXN0056082,0
TXN0043156,0
TXN0030876,0
TXN0052372,0
TXN0026818,0
TXN0011376,0
TXN0031005,0
TXN0056378,0
TXN0025454,0
TXN0041902,0
TXN0031466,0
TXN0036480,0
TXN0059421,0
TXN0014170,0
TXN0009912,0
TXN0045346,0
TXN0010089,0
TXN0049978,0
TXN0008788,0
TXN0029901,0
TXN0036857,0
TXN0056420,0
TXN0035927,0
TXN0035641,0
TXN0039972,0
TXN0039459,0
TXN0004086,0
TXN0058299,0
TXN0052665,0
TXN0048522,0
TXN0007705,0
TXN0005146,0
TXN0033497,0
TXN0030506,0
TXN0011429,0
TXN0054554,0
TXN0019287,0
TXN0046961,0
TXN0051363,0
TXN0008029,0
TXN0001414,0
TXN0032802,0
TXN0049282,0
TXN0053563,0
TXN0056711,0
TXN0024482,0
TXN0019821,0
TXN0020512,0
TXN0012993,0
TXN0022034,0
TXN0044787,0
TXN0034454,0
TXN0057585,0
TXN0020675,0
TXN0041517,0
TXN0001372,0
TXN0017698,0
TXN0002463,0
TXN0017233,0
TXN0024745,0
TXN0049565,0
TXN0032364,0
TXN0021466,0
TXN0011765,0
TXN0056382,0
TXN0016382,0
TXN0013124,0
TXN0010993,0
TXN0032318,0
TXN0038904,0
TXN0042171,0
TXN0020477,0
TXN0032636,0
TXN0053779,0
TXN0022373,0
TXN0006724,0
TXN0052246,0
TXN0041148,0
TXN0044556,0
TXN0002885,0
TXN0029094,0
TXN0029630,0
TXN0036673,0
TXN0010674,0
TXN0013371,0
TXN0058436,0
TXN0053191,0
TXN0053335,0
TXN0016381,0
TXN0048782,0
TXN0048160,0
TXN0021154,0
TXN0027942,0
TXN0030356,0
TXN0033835,0
TXN0007318,0
TXN0051873,0
TXN0046634,0
TXN0031664,0
TXN0010575,0
TXN0025691,0
TXN0007277,0
TXN0035905,0
TXN0051043,0
TXN0029995,0
TXN0006072,0
TXN0025524,0
TXN0042327,0
TXN0047075,0
TXN0040657,0
TXN0003564,0
TXN0027695,0
TXN0027732,0
TXN0041864,0
TXN0034091,0
TXN0025320,0
TXN0012498,0
TXN0020467,0
TXN0059974,0
TXN0037975,0
TXN0014802,0
TXN0027348,0
TXN0044473,0
TXN0001689,0
TXN0021749,0
TXN0051694,0
TXN0007064,0
TXN0023614,0
TXN0017557,0
TXN0043567,0
TXN0053780,0
TXN0008550,0
TXN0056783,0
TXN0051386,0
TXN0054431,0
TXN0009242,0
TXN0024380,0
TXN0039595,0
TXN0044967,0
TXN0033240,0
TXN0012004,0
TXN0029556,0
TXN0022938,0
TXN0050840,0
TXN0046293,0
TXN0031430,0
TXN0033947,0
TXN0026130,0
TXN0059875,0
TXN0002757,0
TXN0053226,0
TXN0022858,0
TXN0011150,0
TXN0044930,0
TXN0000369,0
TXN0030208,0
TXN0019366,0
TXN0041525,0
TXN0018505,0
TXN0038395,0
TXN0004885,0
TXN0022458,0
TXN0037745,0
TXN0048234,0
TXN0031082,0
TXN0056375,0
TXN0030343,0
TXN0053422,0
TXN0026501,0
TXN0048254,0
TXN0056265,0
TXN0042110,0
TXN0006936,0
TXN0039667,0
TXN0040395,0
TXN0044031,0
TXN0029601,0
TXN0040161,0
TXN0055776,0
TXN0058724,0
TXN0009955,0
TXN0010758,0
TXN0009632,0
TXN0034534,0
TXN0053804,0
TXN0045190,0
TXN0058910,0
TXN0045918,0
TXN0000672,0
TXN0055918,0
TXN0040478,0
TXN0026947,0
TXN0039146,0
TXN0039446,0
TXN0057713,0
TXN0013267,0
TXN0043406,0
TXN0054938,0
TXN0021486,0
TXN0055786,0
TXN0001053,0
TXN0041356,0
TXN0007683,0
TXN0053181,0
TXN0040125,0
TXN0043679,0
TXN0008297,0
TXN0058395,0
TXN0046548,0
TXN0030235,0
TXN0013019,0
TXN0026471,0
TXN0006435,0
TXN0055821,0
TXN0023683,0
TXN0048996,0
TXN0016521,0
TXN0024781,0
TXN0005159,0
TXN0038021,0
TXN0020864,0
TXN0028660,0
TXN0013852,0
TXN0011710,0
TXN0056991,0
TXN0042174,0
TXN0002493,0
TXN0049247,0
TXN0025211,0
TXN0048102,0
TXN0034508,0
TXN0028501,0
TXN0056787,0
TXN0058757,0
TXN0044925,0
TXN0027154,0
TXN0001748,0
TXN0019182,0
TXN0004815,0
TXN0015142,0
TXN0008668,0
TXN0019573,0
TXN0052943,0
TXN0013826,0
TXN0008400,0
TXN0044016,0
TXN0044246,0
TXN0026449,0
TXN0041407,0
TXN0059644,0
TXN0054301,0
TXN0013793,0
TXN0010254,0
TXN0009687,0
TXN0038838,0
TXN0016425,0
TXN0001484,0
TXN0046423,0
TXN0041312,0
TXN0057564,0
TXN0054560,0
TXN0059639,0
TXN0052317,0
TXN0006482,0
TXN0034776,0
TXN0059161,0
TXN0016048,0
TXN0042136,0
TXN0001584,0
TXN0034155,0
TXN0045555,0
TXN0057127,0
TXN0026725,0
TXN0011746,0
TXN0048954,0
TXN0042961,0
TXN0000280,0
TXN0038666,0
TXN0045179,0
TXN0051429,0
TXN0009293,0
TXN0008581,0
TXN0058042,0
TXN0055476,0
TXN0025829,0
TXN0040553,0
TXN0043024,0
TXN0009519,0
TXN0051004,0
TXN0013183,0
TXN0028118,0
TXN0033384,0
TXN0028154,0
TXN0051620,0
TXN0000231,0
TXN0042858,0
TXN0007640,0
TXN0043771,0
TXN0050308,0
TXN0042191,0
TXN0023679,0
TXN0009981,0
TXN0048677,0
TXN0030205,0
TXN0056565,0
TXN0031179,0
TXN0020254,0
TXN0024525,0
TXN0007414,0
TXN0058111,0
TXN0014529,0
TXN0055949,0
TXN0046772,0
TXN0042179,0
TXN0027763,0
TXN0013404,0
TXN0011113,0
TXN0036050,0
TXN0027088,0
TXN0053805,0
TXN0032718,0
TXN0004580,0
TXN0058775,0
TXN0051710,0
TXN0030195,0
TXN0009266,0
TXN0024965,0
TXN0007781,0
TXN0022913,0
TXN0025284,0
TXN0002965,0
TXN0055397,0
TXN0052911,0
TXN0007251,0
TXN0045259,0
TXN0040782,0
TXN0001097,0
TXN0014129,0
TXN0037514,0
TXN0010476,0
TXN0026740,0
TXN0035896,0
TXN0025787,0
TXN0051851,0
TXNS00701,1
TXN0004044,0
TXN0005106,0
TXN0005086,0
TXN0058175,0
TXN0048473,0
TXN0055943,0
TXN0032677,0
TXN0058205,0
TXN0005610,0
TXN0009648,0
TXN0050665,0
TXN0012753,0
TXN0036835,0
TXN0031234,0
TXN0030999,0
TXN0010636,0
TXN0005428,0
TXN0033727,0
TXN0035679,0
TXN0012354,0
TXN0054749,0
TXN0007110,0
TXN0016451,0
TXN0032002,0
TXN0029012,0
TXN0042924,0
TXN0028524,0
TXN0051757,0
TXN0045057,0
TXN0005265,0
TXN0033131,0
TXN0008489,0
TXN0038095,0
TXN0026459,0
TXN0035148,0
TXN0018785,0
TXN0036147,0
TXN0031729,0
TXN0057135,0
TXN0028227,0
TXN0047394,0
TXN0032707,0
TXN0034337,0
TXN0024375,0
TXN0058346,0
TXN0053445,0
TXN0050274,0
TXN0003425,0
TXN0004057,0
TXN0054569,0
TXN0004039,0
TXN0041481,0
TXN0059449,0
TXN0054097,0
TXN0013874,0
TXN0012971,0
TXN0026625,0
TXN0017362,0
TXN0057381,0
TXN0017599,0
TXN0044255,0
TXN0028418,0
TXN0052459,0
TXN0058915,0
TXN0014431,0
TXN0016109,0
TXN0027205,0
TXN0003601,0
TXN0014295,0
TXN0041587,0
TXN0030127,0
TXN0013030,0
TXN0059344,0
TXN0057508,0
TXN0034376,0
TXN0033303,0
TXN0045725,0
TXN0001583,0
TXN0016055,0
TXN0005369,0
TXN0043899,0
TXN0029758,0
TXN0044584,0
TXN0031167,0
TXN0036240,0
TXN0006036,0
TXN0055416,0
TXN0018623,0
TXN0015880,0
TXN0017714,0
TXN0044911,0
TXN0058458,0
TXN0025057,0
TXN0023048,0
TXN0042146,0
TXN0044618,0
TXN0029700,0
TXN0045935,0
TXN0058685,0
TXN0012462,0
TXN0057023,0
TXN0017641,0
TXN0002229,0
TXN0053833,0
TXN0029196,0
TXN0030504,0
TXN0055167,0
TXN0000035,0
TXN0006293,0
TXN0008305,0
TXN0009055,0
TXN0055750,0
TXN0042836,0
TXN0025847,0
TXN0020524,0
TXN0001576,0
TXN0021147,0
TXN0003918,0
TXN0043114,0
TXN0020507,0
TXN0010369,0
TXN0023046,0
TXN0009478,0
TXN0045811,0
TXN0005496,0
TXN0009942,0
TXN0009189,0
TXN0001410,0
TXN0037539,0
TXN0051404,0
TXN0039774,0
TXN0014521,0
TXN0005927,0
TXN0057118,0
TXN0055279,0
TXN0014463,0
TXN0014084,0
TXN0050774,0
TXN0057297,0
TXN0046693,0
TXN0052131,0
TXN0000457,0
TXN0053815,0
TXN0050427,0
TXN0003461,0
TXN0058413,0
TXN0015633,0
TXN0005222,0
TXN0010241,0
TXN0047655,0
TXN0002072,0
TXN0039576,0
TXN0039138,0
TXN0022019,0
TXN0003593,0
TXN0030689,0
TXN0028907,0
TXN0036798,0
TXN0043661,0
TXN0043206,0
TXN0031985,0
TXN0005137,0
TXN0043721,0
TXN0023676,0
TXN0045302,0
TXN0058898,0
TXN0039900,0
TXN0052541,0
TXN0020385,0
TXN0057992,0
TXN0049045,0
TXN0059071,0
TXN0000251,0
TXN0037764,0
TXN0011100,0
TXN0028346,0
TXN0052164,0
TXN0003001,0
TXN0015056,0
TXN0036001,0
TXN0000454,0
TXN0016916,0
TXN0055807,0
TXN0016629,0
TXN0042388,0
TXN0031233,0
TXN0039277,0
TXN0008907,0
TXN0036309,0
TXN0003776,0
TXN0039512,0
TXN0053509,0
TXN0049954,0
TXN0036393,0
TXN0038267,0
TXN0028062,0
TXN0044284,0
TXN0009960,0
TXN0040313,0
TXN0053704,0
TXN0018253,0
TXN0041499,0
TXN0027092,0
TXN0033284,0
TXN0018573,0
TXN0044705,0
TXN0036243,0
TXN0028748,0
TXN0011508,0
TXN0055343,0
TXN0019836,0
TXN0005771,0
TXN0037444,0
TXN0032340,0
TXN0004724,0
TXN0005253,0
TXN0048495,0
TXN0028048,0
TXN0024242,0
TXN0018222,0
TXN0053273,0
TXN0018778,0
TXN0029736,0
TXN0055109,0
TXN0006974,0
TXN0033849,0
TXN0047571,0
TXN0024672,0
TXN0018486,0
TXN0016591,0
TXN0049536,0
TXN0032096,0
TXN0001270,0
TXN0040653,0
TXN0013868,0
TXN0008528,0
TXN0037715,0
TXN0040256,0
TXN0026869,0
TXN0013282,0
TXN0030779,0
TXN0038676,0
TXN0002351,0
TXN0040654,0
TXN0007340,0
TXN0048718,0
TXN0034165,0
TXN0036237,0
TXN0024542,0
TXN0010465,0
TXN0007072,0
TXN0018498,0
TXN0016064,0
TXN0011062,0
TXN0006498,0
TXN0005711,0
TXN0048314,0
TXN0036347,0
TXN0058739,0
TXN0050261,0
TXN0031465,0
TXN0039126,0
TXN0042175,0
TXN0035868,0
TXN0024913,0
TXN0026773,0
TXN0006976,0
TXN0057284,0
TXN0022570,0
TXN0037248,0
TXN0008854,0
TXN0011483,0
TXN0003861,0
TXN0052346,0
TXN0005819,0
TXN0022876,0
TXN0007029,0
TXN0033570,0
TXN0052595,0
TXN0053919,0
TXN0004788,0
TXN0014898,0
TXN0011807,0
TXN0059441,0
TXN0019634,0
TXN0059860,0
TXN0000070,0
TXN0053210,0
TXN0032865,0
TXN0058474,0
TXN0039414,0
TXN0007401,0
TXN0016420,0
TXN0000949,0
TXN0049122,0
TXN0017491,0
TXN0018053,0
TXN0052616,0
TXN0028843,0
TXN0030108,0
TXN0018572,0
TXN0031512,0
TXN0049413,0
TXN0041108,0
TXN0015673,0
TXN0051585,0
TXN0055043,0
TXN0038979,0
TXN0057404,0
TXN0009267,0
TXN0003186,0
TXN0047563,0
TXN0054281,0
TXN0007363,0
TXN0019848,0
TXN0029584,0
TXN0033664,0
TXN0000578,0
TXN0040296,0
TXN0017315,0
TXN0055402,0
TXN0052364,0
TXN0005785,0
TXN0034338,0
TXN0024249,0
TXN0012223,0
TXN0028808,0
TXN0005874,0
TXN0047506,0
TXN0058505,0
TXN0024871,0
TXN0049690,0
TXN0021564,0
TXN0015391,0
TXN0041479,0
TXN0018600,0
TXN0037395,0
TXN0047239,0
TXN0012711,0
TXN0051008,0
TXN0042987,0
TXN0009172,0
TXN0020370,0
TXN0026800,0
TXN0001975,0
TXN0025754,0
TXN0029368,0
TXN0049694,0
TXN0055341,0
TXN0018844,0
TXN0012570,0
TXN0044263,0
TXN0027501,0
TXN0024254,0
TXN0048724,0
TXN0011337,0
TXN0040362,0
TXN0009679,0
TXN0050650,0
TXN0029760,0
TXN0025434,0
TXN0050651,0
TXN0034392,0
TXN0052218,0
TXN0059576,0
TXN0037315,0
TXN0028626,0
TXN0005223,0
TXN0043379,0
TXN0028862,0
TXN0038024,0
TXN0056651,0
TXN0051736,0
TXN0055867,0
TXN0022957,0
TXN0009100,0
TXN0058232,0
TXN0054710,0
TXN0033152,0
TXN0043058,0
TXN0004613,0
TXN0039996,0
TXN0053816,0
TXN0008919,0
TXN0036521,0
TXN0024869,0
TXN0009059,0
TXN0039189,0
TXN0022230,0
TXN0012088,0
TXN0040234,0
TXN0013529,0
TXN0004168,0
TXN0008501,0
TXN0017419,0
TXN0042671,0
TXN0031484,0
TXN0031783,0
TXN0038080,0
TXN0027879,0
TXN0011787,0
TXN0009986,0
TXN0036944,0
TXN0013438,0
TXN0041594,0
TXN0056201,0
TXN0009008,0
TXN0048593,0
TXN0026458,0
TXN0000681,0
TXN0003789,0
TXN0047679,0
TXN0040952,0
TXN0022088,0
TXN0001388,0
TXN0006502,0
TXN0036606,0
TXN0021610,0
TXN0024521,0
TXN0034286,0
TXN0012351,0
TXN0020117,0
TXN0046239,0
TXN0049219,0
TXN0021391,0
TXN0033429,0
TXN0053622,0
TXN0049040,0
TXNR0131,1
TXN0017291,0
TXN0035869,0
TXN0001349,0
TXN0058493,0
TXN0019869,0
TXN0039150,0
TXNR0122,1
TXN0015955,0
TXN0044562,0
TXN0023372,0
TXN0006019,0
TXN0026677,0
TXN0007652,0
TXN0009044,0
TXN0020210,0
TXN0054841,0
TXN0019801,0
TXN0055210,0
TXN0029547,0
TXN0007002,0
TXN0047919,0
TXN0039707,0
TXN0023602,0
TXN0006128,0
TXN0054806,0
TXN0021234,0
TXN0041682,0
TXN0016971,0
TXN0003882,0
TXN0049903,0
TXN0041286,0
TXN0041753,0
TXN0005537,0
TXN0035174,0
TXN0010153,0
TXN0004092,0
TXN0049818,0
TXN0011860,0
TXN0025194,0
TXN0016053,0
TXN0009061,0
TXN0031400,0
TXN0010688,0
TXN0006920,0
TXN0009441,0
TXN0053341,0
TXN0029827,0
TXN0027969,0
TXN0021562,0
TXN0026971,0
TXN0010901,0
TXN0000501,0
TXN0039187,0
TXN0036595,0
TXN0055449,0
TXN0034935,0
TXN0037541,0
TXN0059340,0
TXN0016123,0
TXN0045625,0
TXN0037889,0
TXN0028189,0
TXN0021532,0
TXN0003707,0
TXN0015387,0
TXN0005751,0
TXN0027876,0
TXN0017689,0
TXN0009284,0
TXN0050103,0
TXN0014487,0
TXN0055483,0
TXN0015854,0
TXN0012645,0
TXN0057482,0
TXN0025916,0
TXN0025304,0
TXN0001194,0
TXN0036997,0
TXN0057453,0
TXN0021221,0
TXN0015306,0
TXN0008723,0
TXN0003142,0
TXN0014964,0
TXN0050821,0
TXN0039589,0
TXN0046006,0
TXN0028877,0
TXN0032251,0
TXN0054333,0
TXN0027392,0
TXN0054777,0
TXNS00403,1
TXN0000776,0
TXN0027102,0
TXN0058855,0
TXN0015555,0
TXN0048386,0
TXN0057143,0
TXN0046611,0
TXN0005981,0
TXN0012477,0
TXN0038317,0
TXN0053135,0
TXN0044909,0
TXN0052597,0
TXN0009073,0
TXN0036149,0
TXN0042895,0
TXN0018265,0
TXN0050404,0
TXN0053806,0
TXN0009235,0
TXN0056775,0
TXN0039591,0
TXN0040981,0
TXN0011948,0
TXN0059278,0
TXN0008074,0
TXN0055054,0
TXN0030867,0
TXN0057708,0
TXN0014514,0
TXN0008385,0
TXN0020879,0
TXN0040238,0
TXN0006234,0
TXN0039953,0
TXN0053390,0
TXN0049601,0
TXN0050278,0
TXN0012728,0
TXN0017894,0
TXN0016050,0
TXN0001618,0
TXN0024716,0
TXN0039275,0
TXN0011518,0
TXN0020964,0
TXN0053469,0
TXN0029647,0
TXN0028663,0
TXN0050679,0
TXN0001169,0
TXN0002778,0
TXN0003445,0
TXN0057204,0
TXN0040063,0
TXN0052876,0
TXN0049249,0
TXN0002996,0
TXN0051439,0
TXN0030973,0
TXN0055140,0
TXN0026632,0
TXN0016386,0
TXN0020075,0
TXN0034887,0
TXN0043437,0
TXN0008703,0
TXN0058191,0
TXN0054194,0
TXN0002758,0
TXN0047511,0
TXN0015153,0
TXN0056355,0
TXN0034602,0
TXN0027485,0
TXN0010660,0
TXN0055532,0
TXN0052658,0
TXN0036327,0
TXN0051381,0
TXN0034462,0
TXN0043680,0
TXN0007892,0
TXN0033845,0
TXN0006133,0
TXN0008939,0
TXN0029109,0
TXN0018718,0
TXN0040529,0
TXN0054470,0
TXN0010163,0
TXN0044309,0
TXN0053630,0
TXN0042483,0
TXN0038406,0
TXN0016594,0
TXN0039356,0
TXN0042046,0
TXN0021887,0
TXN0051442,0
TXN0043770,0
TXN0039929,0
TXN0040140,0
TXN0038624,0
TXN0015818,0
TXN0027623,0
TXN0012059,0
TXN0037079,0
TXN0053271,0
TXN0003799,0
TXN0056939,0
TXN0010665,0
TXN0047868,0
TXN0029200,0
TXN0055849,0
TXN0001138,0
TXN0038813,0
TXN0029264,0
TXN0000110,0
TXN0013024,0
TXN0039840,0
TXN0046823,0
TXN0007182,0
TXN0038764,0
TXN0018674,0
TXN0033437,0
TXN0043440,0
TXN0027697,0
TXN0018849,0
TXN0012928,0
TXN0010791,0
TXN0002522,0
TXN0022073,0
TXN0035352,0
TXN0058091,0
TXN0009312,0
TXN0011632,0
TXN0022390,0
TXN0037799,0
TXN0041242,0
TXN0030997,0
TXN0056212,0
TXN0050340,0
TXN0005228,0
TXN0009544,0
TXN0044044,0
TXN0034827,0
TXN0034278,0
TXN0049929,0
TXN0015550,0
TXN0054346,0
TXN0058397,0
TXN0000957,0
TXN0008504,0
TXN0022802,0
TXN0011839,0
TXN0029172,0
TXN0056522,0
TXN0040307,0
TXN0024910,0
TXN0043569,0
TXN0032358,0
TXN0030485,0
TXN0048968,0
TXN0033608,0
TXN0040137,0
TXN0029391,0
TXN0045013,0
TXN0049176,0
TXN0003570,0
TXN0035225,0
TXN0048025,0
TXN0051155,0
TXN0021765,0
TXN0054173,0
TXN0012619,0
TXN0033306,0
TXN0048352,0
TXN0003184,0
TXN0005748,0
TXN0028837,0
TXN0013540,0
TXN0025813,0
TXN0041466,0
TXN0052779,0
TXN0057283,0
TXN0037972,0
TXN0008478,0
TXN0044579,0
TXN0015118,0
TXN0034448,0
TXN0015000,0
TXN0004097,0
TXN0012331,0
TXN0043414,0
TXN0007696,0
TXN0009141,0
TXN0003661,0
TXN0037721,0
TXN0009541,0
TXN0035965,0
TXN0033025,0
TXN0011400,0
TXN0054663,0
TXN0005598,0
TXN0031496,0
TXN0047095,0
TXN0005847,0
TXN0036878,0
TXN0021235,0
TXN0032511,0
TXN0038633,0
TXN0034920,0
TXN0055601,0
TXN0032085,0
TXN0058290,0
TXN0056696,0
TXN0020940,0
TXN0027136,0
TXN0044344,0
TXN0026225,0
TXN0042667,0
TXN0013561,0
TXN0006329,0
TXN0026231,0
TXN0026226,0
TXN0024528,0
TXN0029916,0
TXN0036337,0
TXN0048841,0
TXN0018925,0
TXN0003780,0
TXN0039002,0
TXN0047051,0
TXN0057558,0
TXN0050789,0
TXN0044169,0
TXN0027558,0
TXN0020412,0
TXN0059166,0
TXN0037076,0
TXN0050010,0
TXN0011753,0
TXN0030727,0
TXN0040417,0
TXN0007556,0
TXN0017367,0
TXN0047296,0
TXN0048099,0
TXN0024093,0
TXN0056713,0
TXN0050997,0
TXN0025442,0
TXN0026298,0
TXN0049206,0
TXN0021772,0
TXN0027104,0
TXN0015418,0
TXN0039552,0
TXN0042635,0
TXN0045313,0
TXN0054058,0
TXN0022461,0
TXN0033833,0
TXN0047144,0
TXN0019505,0
TXN0047874,0
TXN0005118,0
TXN0002622,0
TXN0023532,0
TXN0008874,0
TXN0038580,0
TXN0035626,0
TXN0055650,0
TXN0032724,0
TXN0045922,0
TXN0036377,0
TXN0035443,0
TXN0015528,0
TXN0019925,0
TXN0023413,0
TXN0059698,0
TXN0047587,0
TXN0041071,0
TXN0031919,0
TXN0028912,0
TXN0046538,0
TXN0050838,0
TXN0046477,0
TXN0046977,0
TXN0027403,0
TXN0053819,0
TXN0049039,0
TXN0035753,0
TXN0026658,0
TXN0002836,0
TXN0000430,0
TXN0054977,0
TXN0014731,0
TXN0019430,0
TXN0048512,0
TXN0044593,0
TXN0033419,0
TXN0042187,0
TXN0053299,0
TXN0003080,0
TXN0045694,0
TXN0045954,0
TXN0051451,0
TXN0006049,0
TXN0030050,0
TXN0040224,0
TXN0011459,0
TXN0034288,0
TXN0052146,0
TXN0026959,0
TXN0044310,0
TXN0018314,0
TXN0001281,0
TXN0055067,0
TXN0030748,0
TXN0006522,0
TXN0038924,0
TXN0023917,0
TXN0001039,0
TXN0013800,0
TXN0007299,0
TXN0026330,0
TXN0012193,0
TXN0003242,0
TXN0016987,0
TXN0022629,0
TXN0028733,0
TXN0049451,0
TXN0048124,0
TXN0002990,0
TXN0022181,0
TXNS00521,1
TXN0004245,0
TXN0021712,0
TXN0019559,0
TXN0012859,0
TXN0037070,0
TXN0041199,0
TXN0033474,0
TXN0009036,0
TXN0039674,0
TXN0012610,0
TXN0003914,0
TXN0030490,0
TXN0024210,0
TXN0031032,0
TXN0045434,0
TXN0001322,0
TXN0007220,0
TXN0001661,0
TXN0023918,0
TXN0020891,0
TXN0022079,0
TXN0016397,0
TXN0014511,0
TXN0020702,0
TXN0022552,0
TXN0005026,0
TXN0044861,0
TXN0044227,0
TXN0052727,0
TXN0021429,0
TXN0038491,0
TXN0028323,0
TXN0035028,0
TXN0004219,0
TXN0048214,0
TXN0037877,0
TXN0056874,0
TXN0058961,0
TXN0006232,0
TXN0056591,0
TXN0005766,0
TXN0000428,0
TXN0046467,0
TXN0056054,0
TXN0002761,0
TXN0010240,0
TXN0044015,0
TXN0033277,0
TXN0000664,0
TXN0054224,0
TXN0057382,0
TXN0022882,0
TXN0008908,0
TXN0021495,0
TXN0048820,0
TXN0011504,0
TXN0028487,0
TXN0020903,0
TXN0016778,0
TXN0059309,0
TXN0040817,0
TXN0023174,0
TXN0012001,0
TXN0001043,0
TXN0052105,0
TXN0027711,0
TXN0020267,0
TXN0042754,0
TXN0006904,0
TXN0032816,0
TXN0042791,0
TXN0033133,0
TXN0041728,0
TXN0001842,0
TXN0001812,0
TXN0004402,0
TXN0042714,0
TXN0052666,0
TXN0006362,0
TXN0028221,0
TXN0053922,0
TXN0017791,0
TXN0054795,0
TXN0026706,0
TXN0034373,0
TXN0037722,0
TXN0038797,0
TXN0021176,0
TXN0056020,0
TXN0041947,0
TXN0023859,0
TXN0008375,0
TXN0052875,0
TXN0049197,0
TXN0038414,0
TXN0032325,0
TXN0028578,0
TXN0032935,0
TXN0006995,0
TXN0014104,0
TXN0002182,0
TXN0006348,0
TXN0018067,0
TXN0037903,0
TXN0046424,0
TXN0000292,0
TXN0019618,0
TXN0004187,0
TXN0040684,0
TXN0030605,0
TXN0002616,0
TXN0032061,0
TXN0006010,0
TXN0055711,0
TXN0021512,0
TXN0013352,0
TXN0044849,0
TXN0015806,0
TXN0040463,0
TXN0053245,0
TXN0001390,0
TXN0041585,0
TXN0041173,0
TXN0010640,0
TXN0044515,0
TXN0058687,0
TXN0001644,0
TXN0032071,0
TXN0000080,0
TXN0034480,0
TXN0047260,0
TXN0044249,0
TXN0000124,0
TXN0053606,0
TXN0026126,0
TXN0006756,0
TXN0047576,0
TXN0001402,0
TXN0048722,0
TXN0034046,0
TXN0049381,0
TXN0056259,0
TXN0054714,0
TXN0008993,0
TXN0001901,0
TXN0031766,0
TXN0016107,0
TXN0038538,0
TXN0032836,0
TXN0051788,0
TXN0010574,0
TXN0012426,0
TXN0053297,0
TXN0045093,0
TXN0059635,0
TXN0036227,0
TXN0005134,0
TXN0014558,0
TXN0032474,0
TXN0004155,0
TXN0043653,0
TXN0005090,0
TXN0026216,0
TXN0033403,0
TXN0024347,0
TXN0040894,0
TXN0043560,0
TXN0027978,0
TXN0056126,0
TXN0042077,0
TXN0002608,0
TXN0044144,0
TXN0047462,0
TXN0012110,0
TXN0014653,0
TXN0028971,0
TXN0046931,0
TXN0039737,0
TXN0028857,0
TXN0030398,0
TXN0053244,0
TXN0001880,0
TXN0044541,0
TXN0028856,0
TXN0040543,0
TXN0031684,0
TXN0008194,0
TXN0055782,0
TXN0054643,0
TXN0041422,0
TXN0029627,0
TXN0034668,0
TXN0004148,0
TXN0004465,0
TXN0042013,0
TXN0008901,0
TXN0041084,0
TXN0058590,0
TXN0024839,0
TXN0008247,0
TXN0050863,0
TXN0029526,0
TXN0030389,0
TXN0044456,0
TXN0000812,0
TXN0038439,0
TXNS00910,1
TXN0041667,0
TXN0017133,0
TXN0054138,0
TXN0032207,0
TXN0006059,0
TXN0038613,0
TXN0059597,0
TXN0050541,0
TXN0043980,0
TXN0000696,0
TXN0026210,0
TXN0006388,0
TXN0058764,0
TXN0022446,0
TXN0006986,0
TXN0045629,0
TXN0027217,0
TXN0015594,0
TXN0055161,0
TXN0001489,0
TXN0017837,0
TXN0012283,0
TXN0055344,0
TXN0026653,0
TXN0033532,0
TXN0013897,0
TXN0015217,0
TXN0016671,0
TXN0022872,0
TXN0058967,0
TXN0022239,0
TXN0059277,0
TXN0033590,0
TXN0033739,0
TXN0050903,0
TXN0033884,0
TXN0049883,0
TXN0044157,0
TXN0035731,0
TXN0043550,0
TXN0036562,0
TXN0019409,0
TXN0043654,0
TXN0032090,0
TXN0004657,0
TXN0012495,0
TXN0029330,0
TXN0042902,0
TXN0030476,0
TXN0020006,0
TXN0051836,0
TXN0024553,0
TXN0052010,0
TXN0017193,0
TXN0046985,0
TXN0014473,0
TXN0058302,0
TXN0023992,0
TXN0057901,0
TXN0034614,0
TXN0018173,0
TXN0048792,0
TXN0044077,0
TXN0024115,0
TXN0037151,0
TXN0022775,0
TXN0056297,0
TXN0028409,0
TXN0033852,0
TXN0015267,0
TXN0056171,0
TXN0027057,0
TXN0053619,0
TXN0033267,0
TXN0024008,0
TXN0016106,0
TXN0053692,0
TXN0030168,0
TXN0028595,0
TXN0023479,0
TXN0001640,0
TXN0016144,0
TXN0014391,0
TXN0012956,0
TXN0021227,0
TXN0039604,0
TXN0030454,0
TXN0054658,0
TXN0040305,0
TXN0005031,0
TXN0040254,0
TXN0014143,0
TXN0045345,0
TXN0057653,0
TXN0028786,0
TXN0006188,0
TXN0051142,0
TXN0049007,0
TXN0036539,0
TXN0054606,0
TXN0048278,0
TXN0024750,0
TXN0017407,0
TXN0005360,0
TXN0053236,0
TXN0002593,0
TXN0054385,0
TXN0020419,0
TXN0007569,0
TXN0038224,0
TXN0020649,0
TXN0035551,0
TXN0019866,0
TXN0013670,0
TXN0036285,0
TXN0023627,0
TXN0025915,0
TXN0043301,0
TXN0003025,0
TXN0017086,0
TXN0012557,0
TXN0039679,0
TXN0007173,0
TXN0027296,0
TXN0002706,0
TXN0013378,0
TXN0041218,0
TXN0039441,0
TXN0028858,0
TXN0021406,0
TXN0035639,0
TXN0054758,0
TXN0001877,0
TXN0015189,0
TXN0020920,0
TXN0043289,0
TXN0044150,0
TXN0007650,0
TXN0025526,0
TXN0037993,0
TXN0009738,0
TXN0017657,0
TXN0015644,0
TXN0010817,0
TXN0056856,0
TXN0023980,0
TXN0024901,0
TXN0038581,0
TXN0019269,0
TXN0036143,0
TXN0012136,0
TXN0044749,0
TXN0053123,0
TXN0059401,0
TXN0044599,0
TXN0055264,0
TXN0022237,0
TXN0011680,0
TXN0046355,0
TXN0027646,0
TXN0048528,0
TXN0055669,0
TXN0026048,0
TXN0053381,0
TXN0038153,0
TXN0024344,0
TXN0025148,0
TXN0006839,0
TXN0053785,0
TXN0024677,0
TXN0036553,0
TXN0030852,0
TXN0011711,0
TXN0043871,0
TXN0012475,0
TXN0033148,0
TXN0010054,0
TXN0049484,0
TXN0052615,0
TXN0009126,0
TXN0040903,0
TXN0009829,0
TXN0035960,0
TXN0021025,0
TXN0001967,0
TXN0039331,0
TXN0001793,0
TXN0055464,0
TXN0042979,0
TXN0035403,0
TXN0021231,0
TXN0031747,0
TXN0033779,0
TXN0050731,0
TXN0016330,0
TXN0027318,0
TXN0035538,0
TXN0006930,0
TXN0006366,0
TXN0014500,0
TXN0012579,0
TXN0056609,0
TXN0023281,0
TXN0004347,0
TXN0042189,0
TXN0056235,0
TXN0025869,0
TXN0008241,0
TXN0052055,0
TXN0025974,0
TXN0006987,0
TXN0029748,0
TXN0023145,0
TXN0056268,0
TXN0046234,0
TXN0001030,0
TXN0042985,0
TXN0008485,0
TXN0047953,0
TXN0024652,0
TXN0040496,0
TXN0056400,0
TXN0003418,0
TXN0056692,0
TXN0027237,0
TXN0018826,0
TXN0019486,0
TXN0005692,0
TXN0026945,0
TXN0055443,0
TXN0024114,0
TXN0033707,0
TXN0024633,0
TXN0043598,0
TXN0035106,0
TXN0053523,0
TXN0040797,0
TXN0015650,0
TXN0045284,0
TXN0047354,0
TXN0003953,0
TXN0017298,0
TXN0022240,0
TXN0036245,0
TXN0042731,0
TXN0056732,0
TXN0055215,0
TXN0052580,0
TXN0050461,0
TXN0054456,0
TXN0010406,0
TXN0059559,0
TXN0022273,0
TXN0051814,0
TXN0015269,0
TXN0050545,0
TXN0020199,0
TXN0025116,0
TXN0035619,0
TXN0013099,0
TXN0020123,0
TXN0005396,0
TXN0008238,0
TXN0049175,0
TXN0021279,0
TXN0033094,0
TXN0005367,0
TXN0053593,0
TXN0009762,0
TXN0040131,0
TXN0015538,0
TXN0041014,0
TXN0031470,0
TXN0039559,0
TXN0022395,0
TXN0026121,0
TXN0013098,0
TXN0042259,0
TXN0004543,0
TXN0035075,0
TXN0040686,0
TXN0017277,0
TXN0015204,0
TXN0043897,0
TXN0015004,0
TXN0015499,0
TXN0014112,0
TXN0022779,0
TXN0023883,0
TXN0052254,0
TXN0044383,0
TXN0024415,0
TXN0035598,0
TXN0021978,0
TXN0027590,0
TXN0038609,0
TXN0031306,0
TXN0049854,0
TXN0009758,0
TXN0024922,0
TXN0043464,0
TXN0029542,0
TXN0051843,0
TXN0036349,0
TXN0019721,0
TXN0024947,0
TXN0048757,0
TXN0052000,0
TXN0007379,0
TXN0017161,0
TXN0042969,0
TXN0058952,0
TXN0032739,0
TXN0050143,0
TXN0033992,0
TXN0052559,0
TXN0003467,0
TXN0021490,0
TXN0015593,0
TXN0050265,0
TXN0038464,0
TXN0024456,0
TXN0041817,0
TXN0020668,0
TXN0039204,0
TXN0024993,0
TXN0028092,0
TXN0048427,0
TXN0059895,0
TXN0014188,0
TXN0043100,0
TXN0001278,0
TXN0000800,0
TXN0039514,0
TXN0048016,0
TXN0036908,0
TXN0022518,0
TXN0058551,0
TXN0032465,0
TXN0035044,0
TXN0007616,0
TXN0029918,0
TXN0047248,0
TXN0023231,0
TXN0007844,0
TXN0040482,0
TXN0024587,0
TXN0037557,0
TXN0031744,0
TXN0015621,0
TXN0057949,0
TXN0016703,0
TXN0054454,0
TXN0021026,0
TXN0002362,0
TXN0010656,0
TXN0032185,0
TXN0003334,0
TXN0041352,0
TXN0019524,0
TXN0014001,0
TXN0048094,0
TXN0006536,0
TXN0008718,0
TXN0059942,0
TXN0058738,0
TXN0034105,0
TXN0058636,0
TXN0058608,0
TXN0006702,0
TXN0019166,0
TXN0008006,0
TXN0057962,0
TXN0011478,0
TXN0037894,0
TXN0056207,0
TXN0032035,0
TXN0035839,0
TXN0034476,0
TXN0046868,0
TXN0022186,0
TXN0016062,0
TXN0046004,0
TXN0003834,0
TXN0017487,0
TXN0020376,0
TXN0027297,0
TXN0026233,0
TXN0027779,0
TXN0018911,0
TXN0055717,0
TXN0034504,0
TXN0026454,0
TXN0007722,0
TXN0049118,0
TXN0058210,0
TXN0042867,0
TXN0004269,0
TXN0001326,0
TXN0009818,0
TXN0042700,0
TXN0021841,0
TXN0047706,0
TXN0017282,0
TXN0059640,0
TXN0006526,0
TXN0026697,0
TXN0016812,0
TXN0046530,0
TXN0046928,0
TXN0021980,0
TXN0041969,0
TXN0003836,0
TXN0017608,0
TXN0056867,0
TXN0008972,0
TXN0044467,0
TXN0000147,0
TXN0007162,0
TXN0033070,0
TXN0017723,0
TXN0018360,0
TXN0006561,0
TXN0008525,0
TXN0036398,0
TXN0028945,0
TXN0055390,0
TXN0036215,0
TXN0027709,0
TXN0005115,0
TXN0004918,0
TXN0030679,0
TXN0056022,0
TXN0029699,0
TXN0049157,0
TXN0008020,0
TXN0009405,0
TXN0052267,0
TXN0056922,0
TXN0023722,0
TXN0017571,0
TXN0010877,0
TXN0023085,0
TXN0044649,0
TXN0043774,0
TXN0004879,0
TXN0042298,0
TXN0051931,0
TXN0037600,0
TXN0022400,0
TXN0036851,0
TXN0033430,0
TXN0026362,0
TXN0053398,0
TXN0003173,0
TXN0013933,0
TXN0058909,0
TXN0047566,0
TXN0004614,0
TXN0046481,0
TXN0049035,0
TXN0001288,0
TXN0020604,0
TXN0046865,0
TXN0039730,0
TXN0015191,0
TXN0016275,0
TXN0029342,0
TXN0033156,0
TXN0052988,0
TXN0005712,0
TXN0027578,0
TXN0029911,0
TXN0017396,0
TXN0022589,0
TXN0008530,0
TXN0049667,0
TXN0028438,0
TXN0021308,0
TXN0048463,0
TXN0017436,0
TXN0044634,0
TXN0040580,0
TXN0050034,0
TXN0016443,0
TXN0050615,0
TXN0013375,0
TXN0020440,0
TXN0031405,0
TXN0056669,0
TXN0024560,0
TXN0043145,0
TXN0057071,0
TXN0001285,0
TXN0031207,0
TXN0038479,0
TXN0044561,0
TXN0044796,0
TXN0025504,0
TXN0011810,0
TXN0022729,0
TXN0027849,0
TXN0050498,0
TXN0036154,0
TXN0021476,0
TXN0003493,0
TXN0003829,0
TXN0019223,0
TXN0028700,0
TXN0038833,0
TXN0006065,0
TXN0058530,0
TXN0052744,0
TXN0059948,0
TXN0028332,0
TXN0038271,0
TXN0002089,0
TXN0045775,0
TXN0017008,0
TXN0000006,0
TXN0040871,0
TXN0026541,0
TXN0021091,0
TXN0031155,0
TXN0055360,0
TXN0051438,0
TXN0057495,0
TXN0056437,0
TXN0019270,0
TXN0000543,0
TXN0037461,0
TXN0055260,0
TXN0029637,0
TXN0044935,0
TXN0024412,0
TXN0046299,0
TXN0021768,0
TXN0014580,0
TXN0056929,0
TXN0014276,0
TXN0010500,0
TXN0027270,0
TXN0019117,0
TXN0012566,0
TXN0035783,0
TXN0019424,0
TXN0000659,0
TXN0002721,0
TXN0058640,0
TXN0056390,0
TXN0035601,0
TXN0014471,0
TXN0036425,0
TXN0040072,0
TXN0036711,0
TXN0023073,0
TXN0048788,0
TXN0001181,0
TXN0008357,0
TXN0057727,0
TXN0029456,0
TXN0038354,0
TXN0034830,0
TXN0018692,0
TXN0040812,0
TXN0050987,0
TXN0019264,0
TXN0045852,0
TXN0045855,0
TXN0048602,0
TXN0041454,0
TXN0005148,0
TXN0020650,0
TXN0026446,0
TXN0034201,0
TXN0043685,0
TXN0020747,0
TXN0040834,0
TXN0041810,0
TXN0034644,0
TXN0025477,0
TXN0054202,0
TXN0041232,0
TXN0031080,0
TXN0012465,0
TXN0032241,0
TXN0045233,0
TXN0011821,0
TXN0034957,0
TXN0028010,0
TXN0004679,0
TXN0038717,0
TXN0001256,0
TXN0028550,0
TXN0025418,0
TXN0054036,0
TXN0054562,0
TXN0042484,0
TXN0017531,0
TXN0035696,0
TXN0022816,0
TXN0050358,0
TXN0023518,0
TXN0021986,0
TXN0014935,0
TXN0055994,0
TXN0013295,0
TXN0040532,0
TXN0027817,0
TXN0025865,0
TXN0027895,0
TXN0017348,0
TXN0058715,0
TXN0015388,0
TXN0012639,0
TXN0058348,0
TXN0022460,0
TXN0036164,0
TXN0056673,0
TXN0029025,0
TXN0025249,0
TXN0029155,0
TXN0000034,0
TXN0057899,0
TXN0021286,0
TXN0041431,0
TXN0058079,0
TXN0029101,0
TXN0045065,0
TXN0024609,0
TXN0003214,0
TXN0024834,0
TXN0056627,0
TXN0010735,0
TXN0031079,0
TXN0021430,0
TXN0042338,0
TXN0038007,0
TXN0041016,0
TXN0050352,0
TXN0048648,0
TXN0035348,0
TXN0005528,0
TXN0015249,0
TXN0016125,0
TXN0052643,0
TXN0019185,0
TXN0020488,0
TXN0058223,0
TXN0053334,0
TXN0045538,0
TXN0057295,0
TXN0034252,0
TXN0044395,0
TXN0008490,0
TXN0036937,0
TXN0029817,0
TXN0019597,0
TXN0039510,0
TXN0029459,0
TXN0004484,0
TXN0023187,0
TXN0030487,0
TXN0041579,0
TXN0034771,0
TXN0051840,0
TXN0006667,0
TXN0052955,0
TXN0044644,0
TXN0027034,0
TXN0011310,0
TXN0016809,0
TXN0009354,0
TXN0056471,0
TXN0054425,0
TXN0046680,0
TXN0029733,0
TXN0026064,0
TXN0042268,0
TXN0028336,0
TXN0037561,0
TXN0030210,0
TXN0037553,0
TXN0033211,0
TXN0028326,0
TXN0057120,0
TXN0028269,0
TXN0037590,0
TXN0051357,0
TXN0027951,0
TXN0050708,0
TXN0053294,0
TXN0040457,0
TXN0011307,0
TXN0028403,0
TXN0021843,0
TXN0019243,0
TXN0001621,0
TXN0048633,0
TXN0019682,0
TXN0031157,0
TXN0003697,0
TXN0055297,0
TXN0028043,0
TXN0051232,0
TXN0023298,0
TXN0011048,0
TXN0021502,0
TXN0042166,0
TXN0013342,0
TXN0010023,0
TXN0003419,0
TXN0035018,0
TXN0019759,0
TXN0019997,0
TXN0017835,0
TXN0018159,0
TXN0033673,0
TXN0036002,0
TXN0030187,0
TXN0040913,0
TXN0043794,0
TXN0058880,0
TXN0040923,0
TXN0026464,0
TXN0046579,0
TXN0020383,0
TXN0046266,0
TXN0026350,0
TXN0037854,0
TXN0038514,0
TXN0025361,0
TXN0058497,0
TXN0001916,0
TXN0055980,0
TXN0033184,0
TXN0015502,0
TXN0054532,0
TXN0027473,0
TXN0044812,0
TXN0057524,0
TXN0025863,0
TXN0005476,0
TXN0021035,0
TXN0037607,0
TXN0042349,0
TXN0058776,0
TXN0020889,0
TXN0018502,0
TXN0027615,0
TXN0026051,0
TXN0049712,0
TXN0019458,0
TXN0018393,0
TXN0054867,0
TXN0040919,0
TXN0033227,0
TXN0010840,0
TXN0039090,0
TXN0007821,0
TXN0009842,0
TXN0059057,0
TXN0002098,0
TXN0022425,0
TXN0023815,0
TXN0017023,0
TXN0040147,0
TXN0019707,0
TXN0056306,0
TXN0022935,0
TXN0039445,0
TXN0049304,0
TXN0058354,0
TXN0001655,0
TXN0021503,0
TXN0050076,0
TXN0054039,0
TXN0039325,0
TXN0018463,0
TXN0015107,0
TXN0006247,0
TXN0021764,0
TXN0020480,0
TXN0019516,0
TXN0005453,0
TXN0030952,0
TXN0043854,0
TXN0051114,0
TXN0042910,0
TXN0029847,0
TXN0013301,0
TXN0009451,0
TXN0045715,0
TXN0033031,0
TXN0033676,0
TXN0029081,0
TXN0012959,0
TXN0016426,0
TXN0024494,0
TXN0020443,0
TXN0033228,0
TXN0010986,0
TXN0010132,0
TXN0047767,0
TXN0021469,0
TXN0035039,0
TXN0013477,0
TXN0056304,0
TXN0020251,0
TXN0057067,0
TXN0015879,0
TXN0028587,0
TXN0019771,0
TXN0048817,0
TXN0043446,0
TXN0011047,0
TXN0054818,0
TXN0051553,0
TXN0004863,0
TXN0043430,0
TXN0015247,0
TXN0010608,0
TXN0010544,0
TXN0054536,0
TXN0006651,0
TXN0024584,0
TXN0038705,0
TXN0056583,0
TXN0004035,0
TXN0018593,0
TXN0031915,0
TXN0003248,0
TXN0034435,0
TXN0044916,0
TXN0052545,0
TXN0003393,0
TXN0028135,0
TXN0031761,0
TXN0020355,0
TXN0053163,0
TXN0006111,0
TXN0039723,0
TXN0035879,0
TXN0022659,0
TXN0033121,0
TXN0041320,0
TXN0007027,0
TXN0052175,0
TXN0014539,0
TXN0045519,0
TXN0022653,0
TXN0041015,0
TXN0006100,0
TXN0027715,0
TXN0016454,0
TXN0055612,0
TXN0013287,0
TXN0016176,0
TXN0006315,0
TXN0013577,0
TXN0002814,0
TXN0014749,0
TXN0049091,0
TXN0057449,0
TXN0017961,0
TXN0039798,0
TXN0000285,0
TXN0000210,0
TXN0043347,0
TXN0033157,0
TXN0045934,0
TXN0012285,0
TXN0039348,0
TXN0043604,0
TXN0058735,0
TXN0041013,0
TXN0021335,0
TXN0009366,0
TXN0018937,0
TXN0029919,0
TXN0022535,0
TXN0008797,0
TXN0049465,0
TXN0047343,0
TXN0034088,0
TXN0043804,0
TXN0041519,0
TXN0024381,0
TXN0023619,0
TXN0032593,0
TXN0043594,0
TXN0043734,0
TXN0038884,0
TXN0054053,0
TXN0002517,0
TXN0031184,0
TXN0012090,0
TXN0017897,0
TXN0017687,0
TXN0036800,0
TXN0026045,0
TXN0018478,0
TXN0036532,0
TXN0048858,0
TXN0029226,0
TXN0054258,0
TXN0023658,0
TXN0000433,0
TXN0001314,0
TXN0005013,0
TXN0053813,0
TXN0027337,0
TXN0008153,0
TXN0010421,0
TXN0007718,0
TXN0053017,0
TXN0015444,0
TXN0040899,0
TXN0021270,0
TXN0028284,0
TXN0014946,0
TXN0055327,0
TXN0036928,0
TXN0028521,0
TXN0040963,0
TXN0001696,0
TXN0000144,0
TXN0059527,0
TXN0040997,0
TXN0046604,0
TXN0017354,0
TXN0056108,0
TXN0029198,0
TXN0047781,0
TXN0034532,0
TXN0028476,0
TXN0047227,0
TXN0000842,0
TXN0034682,0
TXN0010600,0
TXN0013278,0
TXN0018846,0
TXN0045326,0
TXN0004172,0
TXN0025828,0
TXN0001090,0
TXN0013970,0
TXN0047822,0
TXN0032749,0
TXN0058234,0
TXN0057699,0
TXN0026474,0
TXN0004285,0
TXN0021888,0
TXN0006707,0
TXN0001483,0
TXN0006752,0
TXN0025831,0
TXN0005370,0
TXN0059981,0
TXN0045644,0
TXN0027478,0
TXN0005763,0
TXN0041341,0
TXN0042937,0
TXN0052593,0
TXN0031391,0
TXN0024211,0
TXN0047336,0
TXN0036260,0
TXN0022498,0
TXN0008914,0
TXN0023709,0
TXN0027416,0
TXN0014960,0
TXN0000962,0
TXN0037192,0
TXN0004729,0
TXN0013469,0
TXN0055410,0
TXN0020664,0
TXN0042442,0
TXN0021855,0
TXN0003394,0
TXN0032904,0
TXN0029951,0
TXN0008790,0
TXN0005564,0
TXN0025229,0
TXN0000173,0
TXN0037530,0
TXN0010689,0
TXN0046914,0
TXN0010013,0
TXN0039395,0
TXN0039054,0
TXN0048034,0
TXN0039783,0
TXN0051601,0
TXN0033882,0
TXN0053797,0
TXN0040089,0
TXN0045842,0
TXN0053144,0
TXN0008755,0
TXN0044205,0
TXN0009561,0
TXN0032774,0
TXN0040347,0
TXN0038582,0
TXN0042967,0
TXN0041480,0
TXN0021741,0
TXN0026805,0
TXN0057797,0
TXN0059254,0
TXN0054449,0
TXN0030229,0
TXN0047369,0
TXN0004772,0
TXN0056703,0
TXN0005438,0
TXN0013956,0
TXN0015219,0
TXN0023623,0
TXN0005324,0
TXN0022103,0
TXN0048271,0
TXN0029248,0
TXN0054961,0
TXN0057157,0
TXN0027585,0
TXN0019321,0
TXN0004528,0
TXN0039675,0
TXN0054239,0
TXN0022341,0
TXN0055212,0
TXN0044444,0
TXN0015978,0
TXN0055984,0
TXN0051823,0
TXN0052681,0
TXN0027815,0
TXN0059972,0
TXN0001603,0
TXN0057095,0
TXN0023573,0
TXN0050811,0
TXN0010276,0
TXN0025153,0
TXN0053336,0
TXN0050972,0
TXN0019260,0
TXN0030393,0
TXN0043449,0
TXN0014711,0
TXN0035678,0
TXN0051835,0
TXN0058503,0
TXN0057701,0
TXN0039893,0
TXN0055218,0
TXN0003735,0
TXN0041207,0
TXN0035177,0
TXN0002110,0
TXN0023347,0
TXN0036708,0
TXN0034466,0
TXN0010678,0
TXN0052259,0
TXN0013935,0
TXN0040840,0
TXN0056907,0
TXN0021460,0
TXN0021641,0
TXN0041149,0
TXN0025959,0
TXN0018856,0
TXN0043844,0
TXN0043515,0
TXN0057397,0
TXN0054927,0
TXN0023287,0
TXN0034066,0
TXN0014303,0
TXN0028889,0
TXN0009932,0
TXN0055850,0
TXN0052708,0
TXN0019490,0
TXN0017480,0
TXN0004805,0
TXN0005201,0
TXN0004229,0
TXN0001670,0
TXN0019663,0
TXN0005325,0
TXN0035215,0
TXN0015207,0
TXN0033543,0
TXN0013924,0
TXN0036958,0
TXN0035309,0
TXN0050273,0
TXN0011562,0
TXN0050478,0
TXN0002309,0
TXN0005275,0
TXN0033566,0
TXN0009195,0
TXN0039280,0
TXN0047515,0
TXN0041378,0
TXN0042682,0
TXN0049354,0
TXN0013876,0
TXN0011615,0
TXN0022944,0
TXN0039640,0
TXN0044412,0
TXN0043376,0
TXN0037058,0
TXN0042732,0
TXN0004244,0
TXN0051623,0
TXN0014399,0
TXN0047652,0
TXN0004144,0
TXN0029311,0
TXN0019653,0
TXN0000381,0
TXN0052599,0
TXN0020280,0
TXN0030366,0
TXN0040008,0
TXN0016530,0
TXN0032065,0
TXN0048606,0
TXN0007266,0
TXN0056004,0
TXN0020624,0
TXN0024778,0
TXN0012130,0
TXN0018238,0
TXN0026244,0
TXN0033391,0
TXN0035512,0
TXN0019433,0
TXN0013802,0
TXN0006573,0
TXN0038739,0
TXN0045552,0
TXN0028563,0
TXN0018183,0
TXN0058293,0
TXN0058813,0
TXN0042143,0
TXN0051143,0
TXN0020066,0
TXN0005970,0
TXN0008740,0
TXN0050455,0
TXN0040213,0
TXN0030265,0
TXN0027311,0
TXN0019661,0
TXN0036697,0
TXN0058138,0
TXN0041982,0
TXN0005757,0
TXN0006199,0
TXN0047005,0
TXN0052804,0
TXN0007324,0
TXN0026599,0
TXN0055137,0
TXN0039721,0
TXN0041487,0
TXN0059901,0
TXN0031978,0
TXN0059814,0
TXN0002851,0
TXN0050419,0
TXN0047109,0
TXN0030731,0
TXN0010883,0
TXN0010958,0
TXN0020153,0
TXN0006685,0
TXN0033026,0
TXN0017050,0
TXN0020696,0
TXN0018979,0
TXN0044068,0
TXN0014237,0
TXN0027162,0
TXN0040448,0
TXN0012831,0
TXN0021127,0
TXN0018210,0
TXN0004233,0
TXN0036403,0
TXN0050058,0
TXN0056224,0
TXN0046655,0
TXN0013131,0
TXN0055377,0
TXN0032968,0
TXN0004828,0
TXN0001590,0
TXN0009351,0
TXN0054865,0
TXN0046578,0
TXN0008235,0
TXN0053722,0
TXN0042694,0
TXN0059375,0
TXN0055082,0
TXN0040139,0
TXN0019011,0
TXN0012319,0
TXN0019151,0
TXN0058368,0
TXN0009125,0
TXN0030553,0
TXN0021135,0
TXN0018219,0
TXN0038318,0
TXN0030721,0
TXN0020436,0
TXN0018701,0
TXN0052217,0
TXN0003653,0
TXN0033578,0
TXN0005522,0
TXN0035234,0
TXN0045329,0
TXN0043935,0
TXN0031299,0
TXN0025652,0
TXN0011436,0
TXN0003288,0
TXN0055895,0
TXN0013361,0
TXN0024987,0
TXN0007298,0
TXN0020743,0
TXN0028196,0
TXN0000926,0
TXN0040485,0
TXN0040872,0
TXN0028008,0
TXN0048083,0
TXN0055158,0
TXN0016234,0
TXN0052045,0
TXN0024971,0
TXN0045756,0
TXN0007511,0
TXN0051774,0
TXN0012522,0
TXN0039444,0
TXN0000062,0
TXN0047737,0
TXN0029770,0
TXN0038457,0
TXN0046741,0
TXN0038269,0
TXN0032423,0
TXN0012896,0
TXN0024864,0
TXN0003011,0
TXN0010424,0
TXN0049212,0
TXN0013645,0
TXN0016842,0
TXN0034599,0
TXN0029193,0
TXN0035446,0
TXN0002191,0
TXN0002055,0
TXN0040263,0
TXN0048649,0
TXN0059943,0
TXN0024836,0
TXN0048289,0
TXN0022548,0
TXN0006650,0
TXN0005268,0
TXN0041497,0
TXN0015727,0
TXN0055738,0
TXN0041421,0
TXN0029296,0
TXN0054978,0
TXN0036213,0
TXN0019662,0
TXN0007706,0
TXN0024383,0
TXN0002296,0
TXN0050503,0
TXN0043219,0
TXN0014784,0
TXN0053377,0
TXN0018081,0
TXN0018491,0
TXN0054322,0
TXN0020974,0
TXN0023240,0
TXN0021600,0
TXN0046955,0
TXN0031938,0
TXN0033344,0
TXN0033565,0
TXN0041900,0
TXN0034904,0
TXN0024321,0
TXN0044193,0
TXN0034726,0
TXN0034303,0
TXN0051082,0
TXN0056211,0
TXN0058512,0
TXN0017037,0
TXN0059089,0
TXN0024896,0
TXN0006769,0
TXN0018427,0
TXN0009845,0
TXN0014217,0
TXN0059594,0
TXN0045341,0
TXN0058848,0
TXN0002436,0
TXN0032491,0
TXN0048032,0
TXN0059463,0
TXN0002601,0
TXN0035502,0
TXN0045067,0
TXN0027791,0
TXN0050915,0
TXN0030854,0
TXN0018176,0
TXN0002357,0
TXN0059975,0
TXN0015121,0
TXN0039606,0
TXN0011192,0
TXN0048459,0
TXN0000505,0
TXN0004935,0
TXN0051154,0
TXN0010530,0
TXN0004579,0
TXN0011081,0
TXN0053098,0
TXN0019473,0
TXN0013337,0
TXN0000098,0
TXN0028216,0
TXN0002360,0
TXN0003180,0
TXN0032278,0
TXN0049441,0
TXN0035741,0
TXN0019719,0
TXN0039292,0
TXN0047112,0
TXN0049245,0
TXN0000930,0
TXN0010130,0
TXN0004985,0
TXN0039460,0
TXN0028547,0
TXN0023529,0
TXN0020603,0
TXN0048809,0
TXN0053050,0
TXN0008500,0
TXN0055876,0
TXN0025300,0
TXN0018673,0
TXN0054682,0
TXN0014880,0
TXN0038958,0
TXN0013035,0
TXN0052663,0
TXN0006948,0
TXN0046692,0
TXN0052710,0
TXN0033829,0
TXN0038768,0
TXN0050247,0
TXN0014766,0
TXN0019535,0
TXN0020839,0
TXN0058355,0
TXN0034127,0
TXN0026273,0
TXN0000373,0
TXN0003377,0
TXN0010180,0
TXN0004639,0
TXN0014957,0
TXN0034295,0
TXN0005348,0
TXN0042606,0
TXN0015083,0
TXN0039153,0
TXN0052578,0
TXN0031257,0
TXN0000216,0
TXN0023444,0
TXN0036721,0
TXN0014808,0
TXN0052605,0
TXN0040231,0
TXN0036702,0
TXN0044855,0
TXN0000268,0
TXN0006175,0
TXN0006145,0
TXN0051690,0
TXN0012230,0
TXN0016871,0
TXN0022035,0
TXN0031211,0
TXN0057271,0
TXN0017756,0
TXN0008941,0
TXN0053179,0
TXN0044658,0
TXN0000736,0
TXN0008564,0
TXN0011461,0
TXN0014381,0
TXN0059227,0
TXN0006990,0
TXN0038981,0
TXN0029380,0
TXN0047200,0
TXN0017612,0
TXN0043703,0
TXN0035514,0
TXN0024040,0
TXN0025453,0
TXN0058147,0
TXN0002782,0
TXN0049424,0
TXN0055923,0
TXN0057413,0
TXN0059483,0
TXN0025902,0
TXN0040949,0
TXN0013077,0
TXN0034922,0
TXN0052636,0
TXN0042591,0
TXN0002767,0
TXN0022801,0
TXN0044988,0
TXN0029083,0
TXN0029667,0
TXN0034026,0
TXN0016009,0
TXN0047376,0
TXN0054080,0
TXN0040740,0
TXN0000469,0
TXN0004196,0
TXN0020915,0
TXN0001811,0
TXN0055547,0
TXN0003617,0
TXN0003885,0
TXN0044335,0
TXN0020631,0
TXN0011713,0
TXN0015738,0
TXN0004374,0
TXN0007201,0
TXN0011208,0
TXN0034226,0
TXN0028300,0
TXN0003168,0
TXN0001507,0
TXN0022376,0
TXN0014493,0
TXN0000482,0
TXN0023494,0
TXN0005157,0
TXN0049873,0
TXN0037917,0
TXN0041426,0
TXN0058256,0
TXN0009249,0
TXN0037669,0
TXN0004399,0
TXN0037647,0
TXN0025687,0
TXN0009393,0
TXN0024894,0
TXN0051704,0
TXN0000004,0
TXN0019537,0
TXN0047310,0
TXN0038753,0
TXN0002324,0
TXN0020090,0
TXN0048997,0
TXN0038668,0
TXN0012083,0
TXN0000199,0
TXN0000225,0
TXN0054716,0
TXN0057217,0
TXN0010999,0
TXN0041604,0
TXN0057461,0
TXN0015759,0
TXN0035250,0
TXN0021171,0
TXN0015679,0
TXN0011671,0
TXN0044025,0
TXN0025697,0
TXN0054060,0
TXN0025067,0
TXN0005227,0
TXN0026394,0
TXN0017703,0
TXN0052292,0
TXN0032996,0
TXN0048378,0
TXN0036380,0
TXN0058842,0
TXN0015176,0
TXN0011947,0
TXN0046243,0
TXN0008270,0
TXN0009720,0
TXN0058651,0
TXN0013468,0
TXN0025773,0
TXN0035000,0
TXN0055919,0
TXN0031056,0
TXN0042496,0
TXN0048755,0
TXN0023975,0
TXN0024589,0
TXN0007646,0
TXN0059709,0
TXN0047546,0
TXN0021121,0
TXN0000429,0
TXN0038495,0
TXN0043970,0
TXN0057908,0
TXN0007876,0
TXN0010628,0
TXN0024632,0
TXN0011210,0
TXN0033506,0
TXN0051454,0
TXN0041350,0
TXN0056975,0
TXN0029876,0
TXN0053577,0
TXN0044694,0
TXN0039544,0
TXN0044323,0
TXN0024645,0
TXN0014581,0
TXN0024676,0
TXN0054178,0
TXN0014320,0
TXN0030334,0
TXN0057925,0
TXN0059588,0
TXN0056813,0
TXN0038200,0
TXN0012702,0
TXN0019136,0
TXN0028752,0
TXN0006491,0
TXN0035793,0
TXN0013912,0
TXN0009696,0
TXN0027936,0
TXN0048311,0
TXN0017561,0
TXN0057567,0
TXN0047621,0
TXN0036239,0
TXN0016677,0
TXN0024621,0
TXN0010092,0
TXN0003095,0
TXN0020168,0
TXN0013964,0
TXN0010504,0
TXN0028376,0
TXN0005517,0
TXN0038696,0
TXN0051342,0
TXN0029387,0
TXN0029795,0
TXN0018285,0
TXN0052553,0
TXN0049051,0
TXN0017964,0
TXN0042764,0
TXN0012553,0
TXN0032515,0
TXN0001639,0
TXN0038427,0
TXN0058985,0
TXN0048734,0
TXN0051696,0
TXN0027797,0
TXN0021044,0
TXN0018750,0
TXN0031800,0
TXN0021018,0
TXN0001977,0
TXN0037719,0
TXN0011056,0
TXN0030584,0
TXN0057511,0
TXN0009389,0
TXN0028516,0
TXN0026314,0
TXN0054657,0
TXN0023967,0
TXN0055224,0
TXN0036109,0
TXN0041074,0
TXN0047946,0
TXN0039962,0
TXN0044085,0
TXN0022312,0
TXN0028448,0
TXN0050465,0
TXN0058693,0
TXN0056936,0
TXN0040713,0
TXN0059978,0
TXN0053801,0
TXN0025455,0
TXN0032388,0
TXN0040596,0
TXN0014074,0
TXN0004289,0
TXN0048238,0
TXN0055927,0
TXN0041775,0
TXN0036144,0
TXN0004506,0
TXN0046408,0
TXN0034473,0
TXN0021096,0
TXN0058189,0
TXN0045255,0
TXN0004706,0
TXN0032604,0
TXN0045463,0
TXN0006935,0
TXN0050508,0
TXN0027090,0
TXN0047784,0
TXN0041057,0
TXN0052073,0
TXN0028042,0
TXN0026864,0
TXN0026413,0
TXN0019499,0
TXN0029982,0
TXN0021789,0
TXN0046405,0
TXN0014761,0
TXN0027298,0
TXN0030495,0
TXN0004384,0
TXN0058667,0
TXN0004108,0
TXN0004016,0
TXN0025969,0
TXN0033281,0
TXN0051003,0
TXN0030567,0
TXN0025505,0
TXN0014183,0
TXN0046923,0
TXN0008632,0
TXN0051316,0
TXN0042936,0
TXN0049435,0
TXN0019066,0
TXN0018487,0
TXN0011597,0
TXN0023056,0
TXN0024590,0
TXN0046357,0
TXN0028496,0
TXN0043330,0
TXN0021122,0
TXN0004031,0
TXN0021570,0
TXN0057772,0
TXN0005442,0
TXN0005707,0
TXN0042795,0
TXN0052808,0
TXN0047018,0
TXN0000585,0
TXN0012418,0
TXN0027669,0
TXN0018949,0
TXN0018603,0
TXN0027918,0
TXN0039074,0
TXN0041994,0
TXN0028480,0
TXN0014103,0
TXN0012681,0
TXN0053099,0
TXN0039352,0
TXN0039917,0
TXN0028209,0
TXN0056779,0
TXN0031524,0
TXN0022506,0
TXN0042479,0
TXN0042871,0
TXN0052587,0
TXN0015726,0
TXN0002960,0
TXN0040526,0
TXN0026977,0
TXN0002899,0
TXN0007339,0
TXN0033254,0
TXN0009722,0
TXN0041657,0
TXN0048052,0
TXN0006373,0
TXN0053007,0
TXN0059341,0
TXN0034402,0
TXN0004421,0
TXN0020253,0
TXN0048836,0
TXN0049142,0
TXN0037111,0
TXN0007708,0
TXN0056481,0
TXN0030455,0
TXN0009936,0
TXN0008665,0
TXN0006418,0
TXN0023348,0
TXN0012214,0
TXN0044803,0
TXN0002658,0
TXN0029746,0
TXN0011645,0
TXNR0142,1
TXN0052306,0
TXN0008517,0
TXN0002299,0
TXN0007128,0
TXN0059299,0
TXN0024397,0
TXN0015982,0
TXN0052717,0
TXN0011756,0
TXN0046572,0
TXN0013058,0
TXN0009760,0
TXN0020821,0
TXN0027592,0
TXN0021011,0
TXN0006933,0
TXN0037301,0
TXN0053093,0
TXN0020065,0
TXN0039969,0
TXN0052029,0
TXN0015944,0
TXN0045041,0
TXN0057459,0
TXN0034015,0
TXN0045631,0
TXN0049754,0
TXN0010592,0
TXN0046472,0
TXN0041887,0
TXN0046311,0
TXN0055675,0
TXN0035355,0
TXN0013977,0
TXN0029557,0
TXN0010439,0
TXN0054027,0
TXN0049719,0
TXN0023445,0
TXN0013976,0
TXN0053875,0
TXN0019533,0
TXN0029940,0
TXN0004704,0
TXN0021579,0
TXN0008786,0
TXN0022719,0
TXN0013094,0
TXN0056983,0
TXN0054868,0
TXN0058733,0
TXN0052475,0
TXN0017510,0
TXN0034755,0
TXN0040791,0
TXN0043124,0
TXN0011524,0
TXN0016697,0
TXN0019036,0
TXN0049455,0
TXN0033032,0
TXN0025895,0
TXN0008768,0
TXN0017136,0
TXN0000274,0
TXN0024830,0
TXN0029599,0
TXN0031557,0
TXN0001731,0
TXN0058054,0
TXN0022835,0
TXN0013461,0
TXN0048107,0
TXN0050074,0
TXN0018035,0
TXN0023473,0
TXN0048252,0
TXN0008891,0
TXN0014966,0
TXN0023320,0
TXN0024038,0
TXN0037787,0
TXN0006556,0
TXN0026452,0
TXN0035930,0
TXN0053300,0
TXN0058264,0
TXN0034331,0
TXN0008089,0
TXN0033483,0
TXN0043277,0
TXN0033671,0
TXN0019168,0
TXN0015551,0
TXN0005394,0
TXN0035448,0
TXN0002746,0
TXN0002494,0
TXN0025386,0
TXN0007638,0
TXN0001319,0
TXN0053279,0
TXN0048585,0
TXN0037178,0
TXN0004573,0
TXN0021453,0
TXN0009935,0
TXN0037717,0
TXN0049716,0
TXN0020509,0
TXN0040865,0
TXN0016930,0
TXN0044712,0
TXN0043217,0
TXN0022704,0
TXN0006757,0
TXN0013151,0
TXN0022905,0
TXN0057311,0
TXN0028200,0
TXN0047646,0
TXN0014127,0
TXN0054899,0
TXN0028681,0
TXN0052162,0
TXN0008970,0
TXN0051467,0
TXN0015697,0
TXN0030934,0
TXN0036363,0
TXN0017825,0
TXN0058065,0
TXN0023607,0
TXN0039712,0
TXN0038740,0
TXN0036381,0
TXN0018921,0
TXN0008161,0
TXN0054656,0
TXN0007678,0
TXN0047709,0
TXN0027970,0
TXN0008296,0
TXN0051145,0
TXN0048596,0
TXN0044426,0
TXN0018496,0
TXN0025424,0
TXN0027505,0
TXN0036682,0
TXN0044572,0
TXN0006687,0
TXN0029008,0
TXN0053288,0
TXN0024759,0
TXN0028218,0
TXN0022271,0
TXN0031447,0
TXN0042721,0
TXN0008426,0
TXN0005866,0
TXN0059327,0
TXN0025967,0
TXN0033644,0
TXN0000167,0
TXN0024688,0
TXN0053432,0
TXN0018804,0
TXN0045914,0
TXN0030880,0
TXN0043263,0
TXN0000176,0
TXN0045274,0
TXN0023601,0
TXN0027596,0
TXN0029499,0
TXN0039766,0
TXN0011037,0
TXN0005683,0
TXN0049011,0
TXNS00712,1
TXN0005687,0
TXN0009728,0
TXN0049308,0
TXN0031579,0
TXN0003211,0
TXN0009670,0
TXN0014554,0
TXN0040285,0
TXN0039862,0
TXN0002578,0
TXN0033747,0
TXN0052491,0
TXN0012052,0
TXN0047903,0
TXN0031199,0
TXN0000262,0
TXN0000040,0
TXN0026967,0
TXN0058870,0
TXN0039741,0
TXN0056861,0
TXN0013631,0
TXN0017342,0
TXN0029934,0
TXN0046667,0
TXN0045570,0
TXN0041058,0
TXN0009468,0
TXN0024923,0
TXN0017240,0
TXN0039677,0
TXN0042769,0
TXN0018739,0
TXN0006166,0
TXN0001791,0
TXN0007205,0
TXN0013082,0
TXN0043278,0
TXN0042489,0
TXN0023151,0
TXN0043491,0
TXN0050589,0
TXN0034955,0
TXN0020726,0
TXN0009621,0
TXN0024096,0
TXN0050035,0
TXN0039527,0
TXN0056232,0
TXN0045992,0
TXN0040434,0
TXN0008171,0
TXN0028983,0
TXN0002742,0
TXN0034340,0
TXN0018863,0
TXN0059813,0
TXN0050313,0
TXN0019820,0
TXN0041654,0
TXN0053069,0
TXN0000007,0
TXN0046388,0
TXN0059831,0
TXN0059540,0
TXN0014976,0
TXN0057609,0
TXN0043166,0
TXN0039515,0
TXN0050784,0
TXN0035498,0
TXN0056894,0
TXN0020459,0
TXN0008858,0
TXN0006165,0
TXN0021339,0
TXN0028130,0
TXN0013845,0
TXN0016096,0
TXN0020933,0
TXN0027637,0
TXN0005770,0
TXN0058791,0
TXN0024891,0
TXN0039690,0
TXN0022708,0
TXN0018591,0
TXN0041130,0
TXN0019532,0
TXN0031491,0
TXN0027917,0
TXN0058417,0
TXN0031461,0
TXN0046742,0
TXN0025029,0
TXN0056685,0
TXN0033820,0
TXN0012623,0
TXN0025109,0
TXN0058767,0
TXN0053839,0
TXN0046337,0
TXN0056056,0
TXN0053047,0
TXN0027212,0
TXN0009279,0
TXN0050805,0
TXN0003279,0
TXN0026840,0
TXN0058697,0
TXN0040332,0
TXN0007167,0
TXN0002946,0
TXN0018786,0
TXN0053951,0
TXN0016759,0
TXN0051055,0
TXN0022567,0
TXN0053718,0
TXN0059162,0
TXN0021549,0
TXN0044949,0
TXN0001124,0
TXN0054953,0
TXN0031506,0
TXN0034126,0
TXN0012358,0
TXN0043455,0
TXN0052628,0
TXN0025749,0
TXN0050154,0
TXN0040991,0
TXN0010253,0
TXN0044867,0
TXN0059056,0
TXN0023480,0
TXN0058829,0
TXN0027550,0
TXN0039247,0
TXN0019746,0
TXN0029382,0
TXN0029915,0
TXN0009937,0
TXN0050590,0
TXN0040911,0
TXN0025233,0
TXN0059751,0
TXN0024991,0
TXN0048281,0
TXN0028266,0
TXN0048464,0
TXN0049034,0
TXN0006132,0
TXN0038597,0
TXN0021347,0
TXN0048887,0
TXN0036204,0
TXN0003767,0
TXN0001118,0
TXN0022688,0
TXN0005918,0
TXN0044820,0
TXN0019279,0
TXN0024206,0
TXN0029490,0
TXN0051691,0
TXN0024622,0
TXN0004829,0
TXN0058453,0
TXN0007514,0
TXN0010915,0
TXN0033916,0
TXN0035978,0
TXN0030052,0
TXN0023540,0
TXN0038568,0
TXN0042204,0
TXN0002476,0
TXN0041948,0
TXN0034491,0
TXN0016732,0
TXN0014664,0
TXN0024128,0
TXN0045664,0
TXN0033857,0
TXN0048961,0
TXN0042004,0
TXN0055068,0
TXN0025139,0
TXN0022823,0
TXN0000385,0
TXN0052560,0
TXN0029580,0
TXN0025328,0
TXN0007106,0
TXN0012701,0
TXN0034628,0
TXN0009634,0
TXN0027714,0
TXN0037172,0
TXN0028728,0
TXN0003519,0
TXN0013203,0
TXN0000884,0
TXN0020775,0
TXN0002235,0
TXN0026954,0
TXN0019345,0
TXN0012187,0
TXN0008420,0
TXN0008140,0
TXN0052932,0
TXN0037352,0
TXN0053770,0
TXN0008394,0
TXNS00622,1
TXN0018349,0
TXN0013069,0
TXN0007681,0
TXN0002909,0
TXN0053212,0
TXN0056595,0
TXN0040013,0
TXN0053633,0
TXN0018666,0
TXN0034978,0
TXN0051878,0
TXN0025580,0
TXN0033750,0
TXN0052079,0
TXN0011493,0
TXN0017895,0
TXN0052280,0
TXN0015399,0
TXN0013190,0
TXN0012157,0
TXN0046036,0
TXN0005491,0
TXN0044693,0
TXN0034355,0
TXN0020155,0
TXN0032914,0
TXN0042743,0
TXN0005501,0
TXN0046441,0
TXN0041581,0
TXN0016392,0
TXN0016423,0
TXN0044981,0
TXN0047092,0
TXN0013819,0
TXN0007984,0
TXN0023878,0
TXN0010820,0
TXN0021785,0
TXN0008961,0
TXN0024856,0
TXN0035458,0
TXN0014813,0
TXN0021594,0
TXN0055179,0
TXN0055427,0
TXN0034479,0
TXN0015134,0
TXN0055964,0
TXN0053609,0
TXN0008565,0
TXN0040179,0
TXN0019200,0
TXN0059015,0
TXN0038772,0
TXN0036804,0
TXN0048261,0
TXN0026168,0
TXN0005266,0
TXN0049394,0
TXN0034696,0
TXN0049235,0
TXN0039448,0
TXN0053748,0
TXN0035610,0
TXN0035243,0
TXN0007487,0
TXN0035756,0
TXN0009918,0
TXN0038173,0
TXN0050286,0
TXN0025827,0
TXN0024358,0
TXN0013958,0
TXN0040820,0
TXN0003585,0
TXN0033109,0
TXN0056143,0
TXN0033890,0
TXN0024037,0
TXN0054845,0
TXN0013812,0
TXN0048165,0
TXN0010949,0
TXN0027680,0
TXN0030411,0
TXN0002668,0
TXN0014672,0
TXN0004203,0
TXN0057473,0
TXN0053902,0
TXN0037933,0
TXN0022996,0
TXN0038386,0
TXN0051253,0
TXN0054876,0
TXN0000771,0
TXN0040778,0
TXN0038310,0
TXN0046869,0
TXN0037773,0
TXN0003645,0
TXN0044687,0
TXN0005058,0
TXN0006095,0
TXN0007320,0
TXN0025990,0
TXN0043905,0
TXN0003751,0
TXN0044731,0
TXN0036399,0
TXN0037107,0
TXN0016864,0
TXN0052140,0
TXN0039568,0
TXN0019130,0
TXN0003076,0
TXN0056662,0
TXN0047010,0
TXN0024112,0
TXN0036749,0
TXN0049168,0
TXN0053177,0
TXN0027346,0
TXN0058096,0
TXN0058755,0
TXN0028168,0
TXN0043694,0
TXN0020230,0
TXN0041047,0
TXN0020548,0
TXN0011076,0
TXN0056282,0
TXN0013473,0
TXN0007456,0
TXN0007528,0
TXN0024755,0
TXN0027838,0
TXN0020550,0
TXN0033074,0
TXN0016522,0
TXN0047969,0
TXN0039106,0
TXN0026912,0
TXN0051988,0
TXN0054521,0
TXN0036401,0
TXN0043828,0
TXN0016717,0
TXN0018453,0
TXN0016511,0
TXN0041032,0
TXN0015497,0
TXN0036184,0
TXN0008470,0
TXN0022292,0
TXN0013600,0
TXN0052047,0
TXN0058045,0
TXN0039388,0
TXN0056429,0
TXN0058881,0
TXN0046789,0
TXN0056284,0
TXN0019042,0
TXN0044882,0
TXN0037159,0
TXN0001174,0
TXN0015239,0
TXN0001563,0
TXN0014752,0
TXN0027338,0
TXN0059699,0
TXN0043188,0
TXN0050004,0
TXN0041192,0
TXN0028586,0
TXN0045674,0
TXN0036330,0
TXN0037517,0
TXN0037907,0
TXN0050947,0
TXN0054499,0
TXN0041327,0
TXN0035644,0
TXN0034727,0
TXN0010732,0
TXN0035176,0
TXN0053753,0
TXN0031252,0
TXN0020737,0
TXN0008257,0
TXN0045206,0
TXN0040119,0
TXN0037229,0
TXN0023094,0
TXN0033225,0
TXN0049741,0
TXN0012680,0
TXN0052177,0
TXN0018473,0
TXN0020640,0
TXN0010859,0
TXN0035485,0
TXN0008643,0
TXN0002097,0
TXN0000811,0
TXN0054043,0
TXN0035025,0
TXN0007416,0
TXN0021654,0
TXN0021063,0
TXN0031049,0
TXN0059046,0
TXN0055087,0
TXN0026575,0
TXN0000508,0
TXN0043160,0
TXN0008613,0
TXN0004850,0
TXN0028657,0
TXN0017963,0
TXN0031755,0
TXN0026001,0
TXN0055631,0
TXN0009030,0
TXN0051939,0
TXN0022456,0
TXN0020849,0
TXN0026786,0
TXN0026600,0
TXN0027321,0
TXN0018275,0
TXN0048959,0
TXN0029586,0
TXN0035392,0
TXN0020851,0
TXN0053567,0
TXN0006779,0
TXN0004230,0
TXN0007143,0
TXN0033955,0
TXN0022496,0
TXN0041890,0
TXN0056988,0
TXN0018977,0
TXN0049221,0
TXN0024113,0
TXN0012653,0
TXN0051540,0
TXN0021822,0
TXN0057778,0
TXN0004215,0
TXN0058015,0
TXN0030749,0
TXN0054101,0
TXN0031582,0
TXN0028306,0
TXN0049271,0
TXN0057936,0
TXN0055213,0
TXN0039739,0
TXN0027401,0
TXN0043079,0
TXN0019460,0
TXN0019090,0
TXN0024337,0
TXN0007932,0
TXN0046543,0
TXN0038245,0
TXN0053836,0
TXN0020255,0
TXN0016745,0
TXN0036315,0
TXN0018388,0
TXN0050829,0
TXN0024847,0
TXN0000332,0
TXN0057776,0
TXN0057582,0
TXN0030233,0
TXN0038045,0
TXN0020333,0
TXN0036297,0
TXN0046963,0
TXN0017609,0
TXN0021710,0
TXN0045585,0
TXN0007475,0
TXN0017592,0
TXN0013446,0
TXN0000874,0
TXN0055247,0
TXN0048100,0
TXN0025584,0
TXN0057411,0
TXN0035013,0
TXN0025285,0
TXN0036036,0
TXN0052458,0
TXN0055789,0
TXN0009447,0
TXN0001317,0
TXN0039728,0
TXN0047545,0
TXN0006108,0
TXN0028895,0
TXN0055774,0
TXN0043445,0
TXN0032533,0
TXN0013326,0
TXN0041923,0
TXN0048332,0
TXN0010734,0
TXN0054896,0
TXN0049489,0
TXN0004304,0
TXN0033494,0
TXN0027611,0
TXN0006736,0
TXN0033759,0
TXN0045551,0
TXN0008206,0
TXN0022001,0
TXN0044922,0
TXNS00001,1
TXN0019077,0
TXN0049528,0
TXN0029183,0
TXN0046718,0
TXN0030378,0
TXN0013667,0
TXN0035220,0
TXN0002672,0
TXN0024186,0
TXN0003002,0
TXN0027755,0
TXN0026794,0
TXN0007360,0
TXN0011293,0
TXN0028680,0
TXN0032702,0
TXN0043434,0
TXN0019756,0
TXN0009793,0
TXN0019913,0
TXN0046902,0
TXN0059841,0
TXN0014401,0
TXN0032008,0
TXN0037057,0
TXN0003944,0
TXN0039407,0
TXN0011941,0
TXN0026484,0
TXN0001840,0
TXN0023639,0
TXN0033943,0
TXN0018861,0
TXN0040922,0
TXN0057661,0
TXN0022475,0
TXN0030838,0
TXN0028764,0
TXN0013355,0
TXN0026577,0
TXN0016946,0
TXN0034569,0
TXN0042395,0
TXN0058689,0
TXN0017534,0
TXN0027450,0
TXN0020562,0
TXN0037309,0
TXN0025615,0
TXN0012892,0
TXN0031103,0
TXN0032295,0
TXN0030638,0
TXN0058163,0
TXN0056328,0
TXN0049382,0
TXN0041544,0
TXN0010102,0
TXN0009317,0
TXN0038693,0
TXN0012435,0
TXN0039578,0
TXN0046723,0
TXN0009314,0
TXN0044800,0
TXN0005152,0
TXN0042541,0
TXN0008960,0
TXN0038844,0
TXN0036856,0
TXN0049329,0
TXN0017162,0
TXN0021715,0
TXN0009851,0
TXN0056012,0
TXN0004969,0
TXN0038830,0
TXN0024779,0
TXN0006633,0
TXN0059438,0
TXN0057856,0
TXN0039611,0
TXN0043296,0
TXN0009086,0
TXN0026791,0
TXN0045506,0
TXN0053465,0
TXN0010036,0
TXN0000955,0
TXN0029967,0
TXN0008654,0
TXN0009064,0
TXN0014222,0
TXN0045435,0
TXN0051220,0
TXN0053870,0
TXN0018382,0
TXN0022590,0
TXN0013424,0
TXN0000466,0
TXN0036070,0
TXN0035738,0
TXN0043409,0
TXN0047281,0
TXN0027941,0
TXN0029623,0
TXN0036571,0
TXN0016113,0
TXN0021461,0
TXN0058506,0
TXN0013141,0
TXN0008276,0
TXN0045919,0
TXN0038081,0
TXN0025292,0
TXN0036502,0
TXN0001038,0
TXN0052044,0
TXN0005045,0
TXN0045457,0
TXN0041210,0
TXN0010852,0
TXN0021616,0
TXN0015798,0
TXN0053597,0
TXN0054610,0
TXN0042212,0
TXN0031117,0
TXN0026573,0
TXN0035043,0
TXN0040143,0
TXN0020057,0
TXN0037802,0
TXN0015359,0
TXN0008721,0
TXN0057507,0
TXN0015157,0
TXN0016768,0
TXN0014603,0
TXN0023011,0
TXN0059997,0
TXN0046895,0
TXN0044040,0
TXN0046853,0
TXN0004859,0
TXN0015872,0
TXN0003441,0
TXN0034049,0
TXN0039625,0
TXN0029695,0
TXN0011124,0
TXN0050932,0
TXN0017841,0
TXN0052936,0
TXN0043300,0
TXN0056416,0
TXN0046217,0
TXN0012371,0
TXN0015020,0
TXN0049453,0
TXN0015669,0
TXN0053982,0
TXN0000802,0
TXN0008188,0
TXN0035586,0
TXN0014579,0
TXN0030998,0
TXN0020518,0
TXN0051826,0
TXN0038403,0
TXN0020660,0
TXN0049580,0
TXN0053653,0
TXN0040269,0
TXN0055495,0
TXN0049406,0
TXN0030715,0
TXN0058418,0
TXN0052508,0
TXN0032631,0
TXN0008182,0
TXN0054890,0
TXN0033951,0
TXN0048441,0
TXN0015423,0
TXN0054365,0
TXN0047644,0
TXN0028628,0
TXN0039303,0
TXN0005841,0
TXN0057519,0
TXN0047913,0
TXN0048448,0
TXN0040669,0
TXN0031251,0
TXN0012851,0
TXN0047641,0
TXN0020345,0
TXN0054117,0
TXN0037980,0
TXN0006954,0
TXN0024026,0
TXN0014951,0
TXN0004243,0
TXN0057773,0
TXN0023730,0
TXN0033501,0
TXN0013920,0
TXN0055143,0
TXN0038907,0
TXN0031515,0
TXN0030719,0
TXN0017005,0
TXN0046190,0
TXN0006994,0
TXN0005637,0
TXN0014504,0
TXN0012708,0
TXN0045735,0
TXN0046993,0
TXN0033199,0
TXN0001572,0
TXN0028032,0
TXN0028017,0
TXN0022508,0
TXN0038238,0
TXN0058392,0
TXN0006549,0
TXN0034220,0
TXN0036140,0
TXN0015302,0
TXN0008935,0
TXN0038252,0
TXN0008081,0
TXN0018163,0
TXN0015452,0
TXN0049003,0
TXN0055840,0
TXN0047519,0
TXN0000967,0
TXN0027178,0
TXN0038947,0
TXN0027227,0
TXN0004337,0
TXN0055359,0
TXN0047688,0
TXN0000756,0
TXN0006759,0
TXN0049180,0
TXN0002975,0
TXN0005314,0
TXN0044173,0
TXN0055681,0
TXN0032457,0
TXN0043479,0
TXN0041041,0
TXN0014518,0
TXN0030188,0
TXN0024593,0
TXN0020070,0
TXN0024640,0
TXN0015716,0
TXN0003761,0
TXN0031448,0
TXN0022577,0
TXN0054135,0
TXN0026816,0
TXN0046128,0
TXN0044785,0
TXN0024697,0
TXN0059935,0
TXN0036441,0
TXN0054207,0
TXN0019777,0
TXN0047931,0
TXN0047060,0
TXN0011757,0
TXN0009197,0
TXN0018754,0
TXN0040132,0
TXN0004040,0
TXN0041418,0
TXN0044094,0
TXN0039801,0
TXN0035073,0
TXN0014350,0
TXN0041250,0
TXN0049845,0
TXN0055086,0
TXN0004348,0
TXN0055024,0
TXN0041226,0
TXN0029043,0
TXN0007947,0
TXN0032421,0
TXN0014572,0
TXN0018902,0
TXN0029898,0
TXN0031702,0
TXN0041374,0
TXN0038300,0
TXN0030850,0
TXN0042505,0
TXN0034596,0
TXN0058840,0
TXN0016461,0
TXN0011890,0
TXN0052937,0
TXN0054426,0
TXN0054686,0
TXN0027487,0
TXN0045872,0
TXN0057770,0
TXN0044752,0
TXN0027620,0
TXN0027474,0
TXN0043337,0
TXN0009022,0
TXN0010010,0
TXN0055516,0
TXN0034894,0
TXN0044577,0
TXN0053346,0
TXN0052820,0
TXN0000353,0
TXN0035615,0
TXN0050895,0
TXN0018432,0
TXN0048611,0
TXN0057363,0
TXN0051793,0
TXN0019055,0
TXN0050766,0
TXN0001900,0
TXN0031522,0
TXN0018663,0
TXN0014384,0
TXN0050381,0
TXN0048061,0
TXN0036947,0
TXN0015962,0
TXN0051265,0
TXN0057938,0
TXN0010221,0
TXN0049653,0
TXN0038840,0
TXN0006808,0
TXN0023873,0
TXN0052467,0
TXN0044394,0
TXN0041699,0
TXN0022136,0
TXN0033323,0
TXN0011634,0
TXN0017607,0
TXN0049261,0
TXN0010881,0
TXN0039085,0
TXN0024889,0
TXN0039010,0
TXN0056600,0
TXN0038922,0
TXN0030026,0
TXN0019839,0
TXN0055010,0
TXN0056666,0
TXN0041413,0
TXN0028045,0
TXN0000646,0
TXN0039682,0
TXN0053365,0
TXN0001059,0
TXN0054928,0
TXN0020865,0
TXN0055501,0
TXN0053607,0
TXN0003906,0
TXN0058102,0
TXN0044933,0
TXN0040023,0
TXN0050798,0
TXN0044560,0
TXN0051665,0
TXN0021420,0
TXN0004980,0
TXN0026354,0
TXN0010009,0
TXN0038050,0
TXN0009869,0
TXN0004227,0
TXN0020544,0
TXN0007989,0
TXN0009398,0
TXN0054540,0
TXN0026097,0
TXN0043489,0
TXN0035565,0
TXN0034838,0
TXN0040036,0
TXN0006484,0
TXN0000675,0
TXN0015081,0
TXN0039173,0
TXN0031906,0
TXN0053800,0
TXN0032192,0
TXN0008925,0
TXN0047003,0
TXN0047920,0
TXN0031141,0
TXN0012800,0
TXN0044798,0
TXN0011209,0
TXN0054764,0
TXN0020162,0
TXN0036437,0
TXN0008865,0
TXN0059252,0
TXN0000892,0
TXN0027864,0
TXN0006921,0
TXN0050160,0
TXN0053898,0
TXN0059794,0
TXN0003919,0
TXN0041501,0
TXN0055031,0
TXN0045447,0
TXN0040558,0
TXN0026217,0
TXN0040646,0
TXN0000593,0
TXN0051741,0
TXN0052630,0
TXN0004645,0
TXN0021336,0
TXN0041571,0
TXN0024164,0
TXN0053120,0
TXN0021166,0
TXN0058437,0
TXN0056010,0
TXN0048951,0
TXN0042975,0
TXN0049482,0
TXN0023201,0
TXN0037074,0
TXN0025054,0
TXN0059764,0
TXN0002266,0
TXN0023037,0
TXN0036816,0
TXN0017471,0
TXN0042162,0
TXN0012447,0
TXN0010950,0
TXN0042930,0
TXN0011740,0
TXN0058056,0
TXN0036792,0
TXN0033594,0
TXN0017363,0
TXN0031997,0
TXN0011887,0
TXN0051174,0
TXN0052872,0
TXN0055400,0
TXN0017346,0
TXN0030642,0
TXN0036151,0
TXN0034239,0
TXN0001721,0
TXN0028125,0
TXN0029428,0
TXN0020730,0
TXN0010593,0
TXN0004012,0
TXN0022617,0
TXN0047579,0
TXN0055790,0
TXN0002957,0
TXN0029891,0
TXN0019114,0
TXN0047273,0
TXN0003426,0
TXN0016933,0
TXN0046866,0
TXN0031951,0
TXN0045944,0
TXN0020363,0
TXN0010166,0
TXN0053736,0
TXN0057431,0
TXN0022964,0
TXN0010629,0
TXN0014467,0
TXN0010218,0
TXN0014304,0
TXN0007478,0
TXN0031618,0
TXN0025263,0
TXN0059372,0
TXN0052518,0
TXN0012900,0
TXN0045040,0
TXN0029890,0
TXN0029151,0
TXN0051949,0
TXN0011458,0
TXN0017662,0
TXN0046091,0
TXN0057500,0
TXN0002858,0
TXN0055528,0
TXN0008368,0
TXN0031858,0
TXN0032183,0
TXN0016540,0
TXN0004413,0
TXN0044236,0
TXN0023310,0
TXN0005896,0
TXN0020833,0
TXN0059529,0
TXN0051993,0
TXN0006319,0
TXN0016814,0
TXN0013914,0
TXN0002863,0
TXN0003792,0
TXN0053856,0
TXN0025562,0
TXN0019291,0
TXN0038109,0
TXN0036747,0
TXN0028367,0
TXN0050379,0
TXN0049189,0
TXN0051881,0
TXN0027214,0
TXN0027863,0
TXN0039598,0
TXN0047666,0
TXN0012613,0
TXN0028007,0
TXN0043693,0
TXN0006890,0
TXN0015875,0
TXN0046059,0
TXN0028035,0
TXN0029099,0
TXN0016467,0
TXN0036348,0
TXN0057251,0
TXN0039371,0
TXN0001534,0
TXN0047332,0
TXN0054735,0
TXN0020984,0
TXN0030597,0
TXN0017016,0
TXN0028819,0
TXN0000592,0
TXN0047088,0
TXN0048675,0
TXN0024377,0
TXN0050685,0
TXN0026860,0
TXN0009892,0
TXN0015466,0
TXN0020718,0
TXN0056579,0
TXN0006631,0
TXN0014517,0
TXN0026760,0
TXN0036861,0
TXN0026590,0
TXN0036251,0
TXN0043913,0
TXN0040334,0
TXN0044305,0
TXN0010761,0
TXN0040169,0
TXN0021821,0
TXN0000821,0
TXN0045398,0
TXN0007602,0
TXN0042950,0
TXN0022162,0
TXN0054872,0
TXN0040780,0
TXN0020986,0
TXN0003094,0
TXN0059522,0
TXN0026389,0
TXN0007133,0
TXN0017170,0
TXN0008633,0
TXN0022358,0
TXN0051809,0
TXN0002729,0
TXN0020667,0
TXN0013539,0
TXN0038996,0
TXN0056152,0
TXN0042499,0
TXN0013420,0
TXN0010434,0
TXN0047123,0
TXN0030660,0
TXN0016164,0
TXN0007278,0
TXN0020510,0
TXN0034732,0
TXN0041287,0
TXN0012915,0
TXN0009288,0
TXN0041438,0
TXN0052148,0
TXN0045854,0
TXN0053176,0
TXN0003053,0
TXN0002408,0
TXN0027339,0
TXN0049066,0
TXN0005836,0
TXN0019312,0
TXN0038086,0
TXN0042545,0
TXN0014449,0
TXN0015774,0
TXN0044920,0
TXN0020154,0
TXN0004095,0
TXN0025885,0
TXN0046341,0
TXN0043718,0
TXN0009654,0
TXN0037370,0
TXN0027000,0
TXN0052649,0
TXN0038741,0
TXN0034090,0
TXN0002328,0
TXN0025461,0
TXN0047941,0
TXN0034426,0
TXN0010262,0
TXN0005627,0
TXN0050653,0
TXN0023503,0
TXN0015393,0
TXN0034443,0
TXN0052283,0
TXN0058785,0
TXN0046042,0
TXN0010577,0
TXN0026094,0
TXN0014848,0
TXN0022434,0
TXN0021358,0
TXN0028040,0
TXN0059492,0
TXN0026448,0
TXN0044089,0
TXN0030576,0
TXN0056313,0
TXN0012957,0
TXN0053182,0
TXN0001163,0
TXN0056878,0
TXN0020146,0
TXN0012103,0
TXN0023646,0
TXN0040916,0
TXN0037577,0
TXN0045426,0
TXN0034873,0
TXN0010815,0
TXN0036971,0
TXN0024961,0
TXN0019706,0
TXN0052348,0
TXN0046321,0
TXN0059616,0
TXN0054323,0
TXN0011265,0
TXN0004377,0
TXN0040323,0
TXN0048246,0
TXN0030369,0
TXN0058370,0
TXN0022572,0
TXN0004836,0
TXN0002915,0
TXN0039497,0
TXN0017559,0
TXN0049941,0
TXN0057066,0
TXN0038927,0
TXN0014492,0
TXN0018215,0
TXN0027129,0
TXN0029440,0
TXN0051750,0
TXN0010445,0
TXN0050400,0
TXN0033863,0
TXN0035986,0
TXN0045861,0
TXN0056063,0
TXN0009199,0
TXN0059826,0
TXN0055815,0
TXN0019922,0
TXN0005929,0
TXN0027455,0
TXN0002135,0
TXN0033251,0
TXN0024989,0
TXN0012370,0
TXN0043582,0
TXN0029413,0
TXN0057439,0
TXN0049820,0
TXN0005211,0
TXN0055135,0
TXN0053938,0
TXN0042252,0
TXN0046815,0
TXN0039364,0
TXN0011476,0
TXN0012403,0
TXN0013449,0
TXN0012147,0
TXN0046370,0
TXN0004346,0
TXN0055127,0
TXN0012074,0
TXN0006653,0
TXN0011165,0
TXN0003737,0
TXN0043010,0
TXN0007080,0
TXN0016145,0
TXN0012335,0
TXN0017284,0
TXN0024822,0
TXN0014543,0
TXN0051410,0
TXN0003541,0
TXN0029773,0
TXN0013441,0
TXN0036311,0
TXN0003798,0
TXN0012287,0
TXN0025321,0
TXN0054000,0
TXN0001698,0
TXN0009553,0
TXN0023025,0
TXN0046916,0
TXN0045554,0
TXN0006328,0
TXN0003220,0
TXN0058946,0
TXN0006809,0
TXN0027784,0
TXN0050945,0
TXN0018607,0
TXN0010945,0
TXN0032044,0
TXN0029209,0
TXN0032845,0
TXN0048155,0
TXN0000748,0
TXN0015102,0
TXN0023156,0
TXN0021679,0
TXN0045402,0
TXN0050527,0
TXN0040116,0
TXN0025002,0
TXN0002891,0
TXN0033907,0
TXN0032339,0
TXN0026137,0
TXN0018938,0
TXN0048469,0
TXN0026271,0
TXN0047324,0
TXN0041202,0
TXN0001751,0
TXN0032180,0
TXN0026895,0
TXN0057020,0
TXN0048323,0
TXN0030145,0
TXN0035216,0
TXN0004488,0
TXN0036125,0
TXN0003245,0
TXN0039406,0
TXN0028974,0
TXN0007541,0
TXN0030330,0
TXN0015208,0
TXN0018153,0
TXN0002992,0
TXN0026914,0
TXN0021701,0
TXN0000314,0
TXN0019113,0
TXN0018848,0
TXN0003444,0
TXN0059386,0
TXN0007070,0
TXN0002295,0
TXN0008279,0
TXN0046793,0
TXN0000879,0
TXN0010279,0
TXN0048268,0
TXN0017890,0
TXN0033072,0
TXN0059124,0
TXN0018144,0
TXN0017247,0
TXN0054632,0
TXN0044479,0
TXN0014032,0
TXN0032010,0
TXN0057224,0
TXN0041162,0
TXN0010075,0
TXN0024108,0
TXN0001061,0
TXN0003241,0
TXN0020178,0
TXN0058821,0
TXN0019980,0
TXN0013321,0
TXN0047870,0
TXN0059821,0
TXN0021449,0
TXN0017113,0
TXN0041503,0
TXN0057987,0
TXN0008034,0
TXN0036596,0
TXN0041672,0
TXN0041267,0
TXN0041100,0
TXN0030491,0
TXN0054637,0
TXN0045182,0
TXN0013387,0
TXN0036479,0
TXN0005954,0
TXN0053527,0
TXN0009167,0
TXN0049286,0
TXN0046652,0
TXN0008773,0
TXN0034095,0
TXN0018194,0
TXN0021254,0
TXN0022283,0
TXN0048646,0
TXN0052087,0
TXN0020992,0
TXN0010869,0
TXN0008249,0
TXN0003231,0
TXN0015618,0
TXN0027984,0
TXN0043243,0
TXN0042332,0
TXN0025569,0
TXN0002644,0
TXN0056173,0
TXN0008879,0
TXN0028061,0
TXN0011489,0
TXN0013396,0
TXN0008115,0
TXN0021856,0
TXN0029050,0
TXN0047146,0
TXN0010917,0
TXN0018250,0
TXN0033839,0
TXN0026643,0
TXN0027432,0
TXN0000568,0
TXN0000103,0
TXN0049133,0
TXN0015145,0
TXN0056145,0
TXN0030197,0
TXN0051956,0
TXN0004669,0
TXN0049425,0
TXN0051422,0
TXN0000041,0
TXN0044353,0
TXN0056433,0
TXN0033127,0
TXN0050450,0
TXNS00812,1
TXN0012678,0
TXN0008870,0
TXN0044471,0
TXN0028703,0
TXN0030865,0
TXN0024131,0
TXN0035329,0
TXN0022287,0
TXN0038306,0
TXN0006513,0
TXN0042892,0
TXN0040853,0
TXN0027468,0
TXN0007964,0
TXN0029594,0
TXN0039923,0
TXN0028353,0
TXN0006497,0
TXN0043494,0
TXN0024620,0
TXN0025073,0
TXN0002984,0
TXN0048133,0
TXN0045344,0
TXN0032870,0
TXN0036273,0
TXN0015356,0
TXN0041895,0
TXN0019105,0
TXN0015680,0
TXN0039898,0
TXN0041172,0
TXN0059087,0
TXN0050704,0
TXN0037880,0
TXN0047747,0
TXN0004251,0
TXN0031347,0
TXN0045906,0
TXN0042584,0
TXN0001574,0
TXN0015530,0
TXN0009450,0
TXN0033648,0
TXN0027149,0
TXN0020050,0
TXN0021203,0
TXN0027972,0
TXN0009806,0
TXN0001985,0
TXN0001096,0
TXN0029917,0
TXN0016981,0
TXN0022971,0
TXN0048112,0
TXN0028839,0
TXN0050326,0
TXN0040677,0
TXN0004759,0
TXN0009977,0
TXN0020330,0
TXN0012969,0
TXN0032889,0
TXN0009263,0
TXN0004519,0
TXN0052832,0
TXN0022464,0
TXN0019753,0
TXN0035180,0
TXN0016787,0
TXN0009911,0
TXN0035594,0
TXN0006957,0
TXN0048322,0
TXN0011114,0
TXN0049607,0
TXN0019780,0
TXN0002874,0
TXN0020322,0
TXN0048916,0
TXN0035883,0
TXN0012727,0
TXN0015871,0
TXN0053592,0
TXN0017554,0
TXN0036328,0
TXN0027722,0
TXN0043340,0
TXN0008196,0
TXN0056498,0
TXN0047311,0
TXN0046213,0
TXN0033807,0
TXN0046401,0
TXN0045338,0
TXN0032029,0
TXN0003227,0
TXN0047949,0
TXN0016409,0
TXN0048369,0
TXN0031776,0
TXN0018400,0
TXN0014857,0
TXN0015851,0
TXN0059294,0
TXN0033534,0
TXN0005323,0
TXN0047699,0
TXN0030760,0
TXN0010930,0
TXN0034483,0
TXN0047156,0
TXN0010206,0
TXN0026822,0
TXN0024454,0
TXN0049234,0
TXN0012266,0
TXN0034205,0
TXN0015286,0
TXN0028917,0
TXN0018842,0
TXN0015480,0
TXN0003609,0
TXN0040481,0
TXN0048818,0
TXN0028235,0
TXN0002679,0
TXN0043707,0
TXN0017090,0
TXN0010239,0
TXN0056334,0
TXN0024287,0
TXN0004877,0
TXN0017452,0
TXN0055280,0
TXN0040632,0
TXN0044667,0
TXN0033105,0
TXN0021982,0
TXN0030611,0
TXN0031527,0
TXN0022749,0
TXN0020919,0
TXN0032946,0
TXN0022445,0
TXN0016750,0
TXN0009790,0
TXN0010127,0
TXN0050688,0
TXN0014753,0
TXN0010436,0
TXN0045335,0
TXN0043103,0
TXN0003597,0
TXN0049652,0
TXN0057423,0
TXN0027954,0
TXN0059762,0
TXN0011275,0
TXN0051573,0
TXN0002564,0
TXN0019265,0
TXN0003315,0
TXN0002530,0
TXN0007481,0
TXN0017123,0
TXN0039875,0
TXN0055244,0
TXN0030402,0
TXN0050927,0
TXN0048325,0
TXN0019232,0
TXN0015381,0
TXN0023613,0
TXN0041482,0
TXN0018365,0
TXN0045142,0
TXN0015908,0
TXN0019553,0
TXN0033470,0
TXN0003431,0
TXN0001000,0
TXN0044235,0
TXN0036924,0
TXN0038456,0
TXN0059734,0
TXN0012257,0
TXN0052798,0
TXN0001406,0
TXN0010085,0
TXN0057563,0
TXN0026349,0
TXN0040854,0
TXN0015132,0
TXN0032685,0
TXN0024797,0
TXN0027131,0
TXN0045411,0
TXN0051124,0
TXN0046400,0
TXN0038301,0
TXN0046666,0
TXN0055795,0
TXN0045001,0
TXN0053713,0
TXN0025043,0
TXN0018633,0
TXN0058575,0
TXN0015039,0
TXN0024784,0
TXN0058219,0
TXN0013988,0
TXN0012024,0
TXN0029206,0
TXN0056918,0
TXN0006601,0
TXN0001127,0
TXN0032341,0
TXN0040085,0
TXN0032279,0
TXN0031675,0
TXN0057193,0
TXN0030822,0
TXN0010604,0
TXN0044889,0
TXN0045997,0
TXN0031806,0
TXN0017237,0
TXN0043979,0
TXN0020787,0
TXN0036262,0
TXN0009712,0
TXN0046470,0
TXN0021899,0
TXN0024733,0
TXN0031641,0
TXN0027291,0
TXN0020692,0
TXN0058740,0
TXN0027244,0
TXN0002791,0
TXN0015626,0
TXN0010613,0
TXN0033478,0
TXN0028617,0
TXN0028405,0
TXN0007258,0
TXN0039086,0
TXN0039417,0
TXN0013314,0
TXN0038571,0
TXN0011200,0
TXN0037665,0
TXN0025445,0
TXN0048744,0
TXN0011940,0
TXN0019313,0
TXN0057181,0
TXN0050173,0
TXN0045442,0
TXN0042124,0
TXN0038408,0
TXN0011082,0
TXN0021368,0
TXN0003660,0
TXN0053915,0
TXN0020314,0
TXN0026815,0
TXN0039804,0
TXN0037565,0
TXN0027132,0
TXN0055076,0
TXN0026073,0
TXN0036774,0
TXN0035624,0
TXN0040195,0
TXN0030601,0
TXN0053520,0
TXN0041693,0
TXN0032520,0
TXN0034167,0
TXN0001822,0
TXN0044591,0
TXN0012172,0
TXN0035640,0
TXN0049472,0
TXN0013774,0
TXN0037833,0
TXN0047452,0
TXN0018965,0
TXN0000965,0
TXN0039299,0
TXN0035128,0
TXN0019961,0
TXN0046030,0
TXN0008819,0
TXN0035543,0
TXN0011648,0
TXN0040688,0
TXN0026429,0
TXN0044269,0
TXN0029303,0
TXN0004513,0
TXN0035669,0
TXN0041060,0
TXN0036477,0
TXN0024257,0
TXN0056912,0
TXN0034007,0
TXN0050578,0
TXN0011861,0
TXN0056483,0
TXN0027517,0
TXN0002954,0
TXN0021626,0
TXN0018419,0
TXN0003116,0
TXN0029284,0
TXN0027357,0
TXN0030092,0
TXN0016300,0
TXN0014527,0
TXN0008492,0
TXN0041043,0
TXN0023591,0
TXN0054583,0
TXN0010612,0
TXN0037440,0
TXN0044880,0
TXN0040562,0
TXN0006478,0
TXN0000444,0
TXN0022865,0
TXN0020204,0
TXN0027556,0
TXN0015711,0
TXN0038528,0
TXN0005936,0
TXN0043648,0
TXN0024367,0
TXN0014477,0
TXN0007229,0
TXN0031488,0
TXN0002432,0
TXN0046367,0
TXN0015127,0
TXN0036513,0
TXN0033862,0
TXN0040575,0
TXN0016617,0
TXN0054968,0
TXN0032777,0
TXN0015230,0
TXN0049318,0
TXN0048567,0
TXN0021623,0
TXN0050728,0
TXN0007625,0
TXN0007462,0
TXN0005732,0
TXN0055382,0
TXN0016031,0
TXN0031901,0
TXN0048530,0
TXN0030582,0
TXN0046903,0
TXN0057096,0
TXN0036762,0
TXN0030900,0
TXN0031869,0
TXN0039184,0
TXN0053537,0
TXN0014299,0
TXN0028494,0
TXN0039055,0
TXN0044810,0
TXN0010821,0
TXN0011993,0
TXN0029938,0
TXN0007608,0
TXN0022294,0
TXN0045801,0
TXN0019681,0
TXN0018377,0
TXN0045315,0
TXN0046411,0
TXN0046816,0
TXN0042140,0
TXN0050418,0
TXN0052715,0
TXN0009631,0
TXN0027334,0
TXN0024129,0
TXN0011097,0
TXN0012950,0
TXN0041483,0
TXN0058555,0
TXN0024391,0
TXN0002762,0
TXN0055185,0
TXN0059436,0
TXN0033049,0
TXN0045618,0
TXN0049943,0
TXN0002625,0
TXN0025549,0
TXN0000866,0
TXN0009856,0
TXN0055465,0
TXN0000985,0
TXN0037774,0
TXN0017150,0
TXN0015938,0
TXN0042478,0
TXN0006964,0
TXN0009769,0
TXN0032957,0
TXN0037938,0
TXN0033794,0
TXN0025162,0
TXN0023410,0
TXN0023884,0
TXN0024468,0
TXN0017814,0
TXN0058156,0
TXN0020589,0
TXN0016495,0
TXN0014164,0
TXN0017937,0
TXN0035413,0
TXN0031123,0
TXN0002165,0
TXN0031701,0
TXN0056470,0
TXN0039623,0
TXN0049725,0
TXN0054784,0
TXN0046123,0
TXN0014278,0
TXN0023257,0
TXN0009618,0
TXN0017681,0
TXN0002185,0
TXN0045132,0
TXN0041105,0
TXN0019891,0
TXN0055728,0
TXN0041443,0
TXN0003649,0
TXN0040290,0
TXN0046188,0
TXN0036037,0
TXN0030591,0
TXN0031309,0
TXN0009620,0
TXN0038257,0
TXN0011477,0
TXN0023141,0
TXN0028519,0
TXN0042436,0
TXN0034128,0
TXN0049253,0
TXN0033544,0
TXN0007920,0
TXN0052046,0
TXN0000904,0
TXN0028238,0
TXN0025830,0
TXN0037948,0
TXN0003030,0
TXN0052575,0
TXN0002569,0
TXN0033150,0
TXN0037126,0
TXN0044946,0
TXN0057084,0
TXN0017904,0
TXN0021937,0
TXN0005701,0
TXN0041027,0
TXN0000803,0
TXN0000335,0
TXN0002784,0
TXN0043223,0
TXN0004822,0
TXN0046351,0
TXN0007451,0
TXN0002007,0
TXN0000849,0
TXN0049511,0
TXN0030503,0
TXN0047693,0
TXN0044883,0
TXN0021210,0
TXN0036544,0
TXN0049077,0
TXN0058006,0
TXN0022248,0
TXN0032978,0
TXN0018726,0
TXN0048662,0
TXN0032817,0
TXN0026581,0
TXN0010331,0
TXN0017928,0
TXN0020274,0
TXN0006788,0
TXN0057731,0
TXN0025417,0
TXN0044404,0
TXN0053089,0
TXN0025635,0
TXN0022974,0
TXN0057720,0
TXN0049322,0
TXN0021211,0
TXN0054396,0
TXN0049392,0
TXN0001276,0
TXN0016434,0
TXN0042656,0
TXN0055520,0
TXN0051255,0
TXN0034541,0
TXN0024421,0
TXN0022519,0
TXN0051424,0
TXN0037642,0
TXN0013728,0
TXN0019872,0
TXN0018483,0
TXN0037674,0
TXN0018954,0
TXN0049581,0
TXN0000853,0
TXN0019966,0
TXN0020415,0
TXN0009961,0
TXN0029159,0
TXN0031666,0
TXN0049431,0
TXN0003035,0
TXN0025695,0
TXN0048481,0
TXN0057897,0
TXN0033931,0
TXN0036707,0
TXN0036257,0
TXN0028998,0
TXN0052959,0
TXN0032100,0
TXN0055878,0
TXN0022059,0
TXN0029780,0
TXN0025661,0
TXN0031048,0
TXN0021558,0
TXN0016072,0
TXN0010981,0
TXN0009134,0
TXN0038103,0
TXN0055851,0
TXN0052478,0
TXN0051248,0
TXN0048599,0
TXN0011578,0
TXN0014998,0
TXN0009206,0
TXN0025946,0
TXN0035808,0
TXN0027595,0
TXN0033252,0
TXN0048319,0
TXN0050573,0
TXN0040930,0
TXN0005194,0
TXN0025877,0
TXN0031197,0
TXN0057561,0
TXN0059808,0
TXN0007753,0
TXN0047436,0
TXN0011716,0
TXN0004890,0
TXN0059403,0
TXN0059233,0
TXN0038786,0
TXN0013744,0
TXN0004207,0
TXN0004569,0
TXN0035156,0
TXN0053526,0
TXN0056825,0
TXN0015969,0
TXN0034150,0
TXN0057121,0
TXN0055914,0
TXN0051071,0
TXN0006075,0
TXN0020682,0
TXN0032273,0
TXN0012362,0
TXN0009025,0
TXN0017155,0
TXN0039629,0
TXN0021428,0
TXN0044585,0
TXN0016929,0
TXN0019272,0
TXN0019438,0
TXN0007063,0
TXN0031538,0
TXN0001392,0
TXN0024656,0
TXN0006268,0
TXN0049534,0
TXN0058388,0
TXN0038432,0
TXN0009485,0
TXN0009998,0
TXN0045534,0
TXN0042831,0
TXN0031544,0
TXN0043888,0
TXN0033079,0
TXN0058432,0
TXN0045524,0
TXN0051044,0
TXN0026142,0
TXN0002000,0
TXN0008836,0
TXN0020784,0
TXN0037527,0
TXN0040217,0
TXN0043710,0
TXN0043235,0
TXN0049147,0
TXN0004130,0
TXN0021569,0
TXN0030407,0
TXN0014474,0
TXN0028102,0
TXN0027130,0
TXN0017385,0
TXN0054304,0
TXN0059774,0
TXN0001397,0
TXN0003016,0
TXN0013671,0
TXN0035521,0
TXN0009709,0
TXN0030021,0
TXN0036601,0
TXN0032296,0
TXN0028540,0
TXN0021998,0
TXN0039639,0
TXN0022818,0
TXN0039583,0
TXN0026247,0
TXN0037524,0
TXN0054603,0
TXN0051543,0
TXN0059820,0
TXN0042463,0
TXN0041726,0
TXN0049426,0
TXN0030196,0
TXN0019876,0
TXN0033942,0
TXN0053771,0
TXN0032466,0
TXN0006161,0
TXN0009957,0
TXN0028352,0
TXN0010684,0
TXN0015331,0
TXN0053440,0
TXN0058244,0
TXN0036922,0
TXN0026676,0
TXN0044729,0
TXN0031487,0
TXN0020016,0
TXN0034507,0
TXN0044992,0
TXN0013359,0
TXN0011272,0
TXN0045594,0
TXN0047654,0
TXN0029279,0
TXN0049092,0
TXN0058316,0
TXN0038895,0
TXN0007100,0
TXN0027055,0
TXN0054297,0
TXN0055012,0
TXN0043256,0
TXN0003503,0
TXN0000725,0
TXN0018969,0
TXN0038961,0
TXN0028928,0
TXN0006322,0
TXN0031071,0
TXNR0153,1
TXN0011547,0
TXN0053840,0
TXN0013717,0
TXN0038008,0
TXN0041981,0
TXN0058078,0
TXN0010904,0
TXN0022249,0
TXN0000687,0
TXN0001864,0
TXN0005262,0
TXN0045181,0
TXN0050803,0
TXN0028366,0
TXN0049657,0
TXN0054861,0
TXN0001558,0
TXN0017075,0
TXN0011607,0
TXN0044626,0
TXN0032051,0
TXN0023734,0
TXN0021156,0
TXN0007949,0
TXN0044677,0
TXN0029082,0
TXN0038058,0
TXN0042957,0
TXN0009444,0
TXN0030442,0
TXN0030871,0
TXN0018391,0
TXN0016097,0
TXN0042117,0
TXN0046864,0
TXN0012520,0
TXN0043683,0
TXN0013270,0
TXN0008741,0
TXN0028423,0
TXN0044937,0
TXN0012487,0
TXN0059654,0
TXN0000186,0
TXN0036557,0
TXN0023742,0
TXN0057296,0
TXN0015242,0
TXN0053867,0
TXN0042762,0
TXN0031834,0
TXN0029037,0
TXN0008618,0
TXN0058861,0
TXN0035866,0
TXN0047110,0
TXN0009480,0
TXN0054779,0
TXN0057712,0
TXN0045443,0
TXN0006020,0
TXN0024097,0
TXN0053857,0
TXN0045575,0
TXN0039530,0
TXN0037758,0
TXN0031972,0
TXN0053948,0
TXN0026538,0
TXN0049822,0
TXN0038954,0
TXN0055298,0
TXN0049460,0
TXN0036781,0
TXN0005187,0
TXN0030774,0
TXN0051426,0
TXN0011247,0
TXN0014763,0
TXN0042886,0
TXN0010121,0
TXN0020091,0
TXN0020627,0
TXN0026749,0
TXN0025779,0
TXN0022348,0
TXN0057314,0
TXN0033325,0
TXN0009683,0
TXN0055816,0
TXN0001453,0
TXN0041625,0
TXN0014832,0
TXN0050836,0
TXN0004510,0
TXN0044329,0
TXN0032671,0
TXN0023288,0
TXN0009459,0
TXN0015580,0
TXN0028685,0
TXN0009672,0
TXN0037786,0
TXN0010867,0
TXN0012909,0
TXN0048556,0
TXN0052121,0
TXN0001599,0
TXN0041468,0
TXN0017053,0
TXN0034991,0
TXN0038522,0
TXN0010880,0
TXN0010565,0
TXN0051884,0
TXN0003298,0
TXN0015147,0
TXN0021738,0
TXN0011069,0
TXN0026071,0
TXN0009606,0
TXN0000939,0
TXN0043091,0
TXN0016235,0
TXN0056344,0
TXN0018683,0
TXN0009661,0
TXN0049610,0
TXN0038497,0
TXN0020744,0
TXN0056986,0
TXN0046090,0
TXN0030155,0
TXN0001790,0
TXN0050499,0
TXN0015443,0
TXN0017876,0
TXN0019475,0
TXN0049367,0
TXN0046729,0
TXN0042403,0
TXN0028836,0
TXN0041028,0
TXN0046254,0
TXN0024577,0
TXN0050235,0
TXN0021374,0
TXN0045943,0
TXN0025374,0
TXN0043313,0
TXN0044969,0
TXN0008011,0
TXN0052392,0
TXN0052918,0
TXN0028526,0
TXN0021361,0
TXN0038803,0
TXN0056814,0
TXN0054752,0
TXN0019277,0
TXN0024106,0
TXN0033237,0
TXN0059973,0
TXN0002993,0
TXN0038073,0
TXN0027322,0
TXN0048104,0
TXN0048073,0
TXN0029095,0
TXN0044030,0
TXN0036938,0
TXN0041363,0
TXN0030035,0
TXN0051845,0
TXN0019489,0
TXN0034225,0
TXN0038793,0
TXN0016377,0
TXN0041423,0
TXN0014064,0
TXN0049698,0
TXN0009731,0
TXN0013614,0
TXN0059123,0
TXN0055203,0
TXN0029650,0
TXN0007744,0
TXN0009246,0
TXN0034882,0
TXN0018872,0
TXN0010676,0
TXN0058749,0
TXN0000927,0
TXN0042177,0
TXN0018817,0
TXN0019849,0
TXN0018551,0
TXN0015632,0
TXN0043529,0
TXNS00813,1
TXN0025804,0
TXN0000759,0
TXN0017210,0
TXN0045448,0
TXN0023715,0
TXN0031004,0
TXN0018301,0
TXN0020118,0
TXN0007175,0
TXN0030643,0
TXN0013813,0
TXN0008588,0
TXN0034767,0
TXN0057667,0
TXN0033410,0
TXN0024095,0
TXN0004182,0
TXN0042737,0
TXN0047665,0
TXN0045070,0
TXN0014499,0
TXN0048313,0
TXN0023579,0
TXN0020727,0
TXN0021956,0
TXN0032791,0
TXN0059429,0
TXN0017479,0
TXN0052671,0
TXN0053835,0
TXN0021726,0
TXN0053015,0
TXN0031398,0
TXN0034995,0
TXN0039931,0
TXN0032014,0
TXN0006459,0
TXN0059435,0
TXN0009194,0
TXN0039109,0
TXN0052972,0
TXN0050969,0
TXN0002898,0
TXN0015325,0
TXN0040291,0
TXN0044259,0
TXN0042659,0
TXN0008886,0
TXN0016261,0
TXN0033874,0
TXN0020392,0
TXN0042715,0
TXN0047481,0
TXN0051545,0
TXN0056943,0
TXN0043458,0
TXN0023269,0
TXN0026310,0
TXN0034940,0
TXN0031473,0
TXN0037213,0
TXN0020192,0
TXN0007586,0
TXN0042693,0
TXN0000623,0
TXN0048978,0
TXN0048007,0
TXN0000383,0
TXN0022753,0
TXN0000283,0
TXN0059871,0
TXN0028396,0
TXN0036207,0
TXN0053388,0
TXN0053522,0
TXN0000804,0
TXN0001765,0
TXN0002286,0
TXN0009580,0
TXN0037718,0
TXN0005729,0
TXN0048210,0
TXN0017112,0
TXN0054410,0
TXN0001121,0
TXN0050157,0
TXN0058142,0
TXN0053834,0
TXN0016582,0
TXN0022810,0
TXN0018967,0
TXN0059929,0
TXN0039466,0
TXN0031267,0
TXN0056096,0
TXN0055542,0
TXN0007449,0
TXN0041676,0
TXN0025928,0
TXN0048985,0
TXN0025571,0
TXN0052571,0
TXN0036156,0
TXN0028023,0
TXN0040454,0
TXN0011306,0
TXN0056910,0
TXN0032084,0
TXN0003931,0
TXN0047589,0
TXN0002133,0
TXN0029106,0
TXN0059932,0
TXN0033347,0
TXN0032386,0
TXN0053378,0
TXN0053190,0
TXN0059306,0
TXN0028309,0
TXN0033546,0
TXN0013712,0
TXN0035252,0
TXN0011599,0
TXN0011239,0
TXN0029453,0
TXN0058035,0
TXN0048609,0
TXN0058391,0
TXN0007841,0
TXN0047901,0
TXN0029107,0
TXN0023588,0
TXN0010308,0
TXN0017324,0
TXN0008370,0
TXN0003219,0
TXN0057102,0
TXN0011348,0
TXN0019271,0
TXN0035810,0
TXN0044280,0
TXN0040012,0
TXN0009391,0
TXN0041611,0
TXN0014257,0
TXN0037472,0
TXN0031388,0
TXN0022712,0
TXN0026318,0
TXN0011296,0
TXN0027966,0
TXN0041163,0
TXN0005831,0
TXN0016886,0
TXN0031962,0
TXN0052843,0
TXN0019219,0
TXN0050759,0
TXN0015607,0
TXN0010539,0
TXN0053773,0
TXN0048186,0
TXN0013661,0
TXN0014006,0
TXN0042201,0
TXN0010393,0
TXN0049336,0
TXN0056707,0
TXN0017887,0
TXN0037652,0
TXN0054176,0
TXN0022389,0
TXN0059125,0
TXN0002687,0
TXN0004315,0
TXN0021418,0
TXN0038775,0
TXN0034967,0
TXN0047650,0
TXN0024708,0
TXN0024410,0
TXN0025944,0
TXN0053286,0
TXN0028150,0
TXN0054986,0
TXN0049260,0
TXN0051111,0
TXN0009924,0
TXN0044072,0
TXN0026023,0
TXN0003555,0
TXN0048110,0
TXN0016171,0
TXN0042938,0
TXN0006082,0
TXN0044110,0
TXN0030347,0
TXN0000304,0
TXN0004518,0
TXN0058119,0
TXN0002186,0
TXN0045843,0
TXN0042069,0
TXN0006705,0
TXN0058049,0
TXN0056615,0
TXN0010477,0
TXN0015351,0
TXN0051144,0
TXN0013485,0
TXN0008540,0
TXN0023695,0
TXN0057275,0
TXN0019850,0
TXN0048819,0
TXN0028990,0
TXN0045776,0
TXN0055907,0
TXN0019227,0
TXN0006400,0
TXN0013184,0
TXN0056452,0
TXN0008659,0
TXN0028551,0
TXN0015724,0
TXN0008777,0
TXN0020304,0
TXN0046749,0
TXN0002820,0
TXN0007272,0
TXN0024711,0
TXN0009538,0
TXN0047547,0
TXN0022204,0
TXN0059612,0
TXN0007772,0
TXN0001827,0
TXN0008045,0
TXN0056710,0
TXN0037393,0
TXN0041582,0
TXN0010311,0
TXN0032569,0
TXN0032738,0
TXN0020261,0
TXN0056365,0
TXN0007200,0
TXN0021538,0
TXN0047372,0
TXN0038205,0
TXN0001298,0
TXN0051123,0
TXN0046969,0
TXN0018341,0
TXN0029688,0
TXN0057538,0
TXN0011484,0
TXN0012422,0
TXN0037512,0
TXN0013862,0
TXN0017378,0
TXN0056618,0
TXN0027888,0
TXN0041382,0
TXN0006669,0
TXN0010849,0
TXN0019414,0
TXN0052900,0
TXN0005879,0
TXN0037638,0
TXN0023326,0
TXN0020296,0
TXN0010646,0
TXN0044758,0
TXN0056015,0
TXN0031158,0
TXN0017080,0
TXN0045941,0
TXN0035451,0
TXN0027824,0
TXN0045363,0
TXN0019893,0
TXN0005234,0
TXN0030277,0
TXN0019791,0
TXN0002445,0
TXN0044336,0
TXN0029365,0
TXN0053907,0
TXN0015276,0
TXN0016196,0
TXN0030547,0
TXN0016825,0
TXN0007289,0
TXN0031741,0
TXN0025961,0
TXN0020038,0
TXN0015506,0
TXN0012797,0
TXN0029331,0
TXN0024984,0
TXN0010324,0
TXN0049375,0
TXN0052795,0
TXN0026904,0
TXN0034098,0
TXN0010029,0
TXN0034608,0
TXN0039296,0
TXN0036696,0
TXN0054012,0
TXN0047264,0
TXN0056220,0
TXN0020740,0
TXN0029720,0
TXN0037225,0
TXN0027983,0
TXN0043228,0
TXN0049462,0
TXN0048001,0
TXN0021640,0
TXN0042341,0
TXN0045267,0
TXN0006468,0
TXN0035091,0
TXN0048333,0
TXN0041806,0
TXN0027078,0
TXN0036799,0
TXN0005921,0
TXN0022264,0
TXN0033016,0
TXN0053552,0
TXN0034871,0
TXN0014981,0
TXN0044665,0
TXN0011761,0
TXN0042613,0
TXN0035846,0
TXN0059049,0
TXN0004416,0
TXN0001106,0
TXN0047313,0
TXN0058120,0
TXN0050150,0
TXN0014302,0
TXN0038094,0
TXN0042976,0
TXN0026683,0
TXN0005582,0
TXN0035475,0
TXN0033454,0
TXN0030603,0
TXN0044461,0
TXN0029194,0
TXN0024859,0
TXN0057878,0
TXN0044575,0
TXN0039678,0
TXN0039689,0
TXN0041189,0
TXN0050570,0
TXN0038966,0
TXN0025441,0
TXN0050282,0
TXN0059760,0
TXN0046033,0
TXN0027781,0
TXN0032037,0
TXN0031637,0
TXN0032592,0
TXN0030944,0
TXN0022324,0
TXN0023801,0
TXN0003863,0
TXN0048125,0
TXN0050053,0
TXN0057300,0
TXN0047491,0
TXN0045304,0
TXN0015054,0
TXN0002741,0
TXN0025962,0
TXN0019364,0
TXN0018299,0
TXN0005708,0
TXN0059624,0
TXN0017051,0
TXN0030920,0
TXN0019890,0
TXN0044554,0
TXN0005371,0
TXN0031240,0
TXN0017122,0
TXN0042245,0
TXN0056398,0
TXN0048022,0
TXN0000913,0
TXN0013905,0
TXN0035463,0
TXN0049044,0
TXN0001738,0
TXN0024139,0
TXN0033007,0
TXN0001274,0
TXN0027438,0
TXN0025234,0
TXN0013252,0
TXN0041301,0
TXN0000807,0
TXN0009988,0
TXN0056745,0
TXN0007950,0
TXN0002441,0
TXN0008454,0
TXN0037542,0
TXN0054421,0
TXN0002004,0
TXN0023129,0
TXN0027845,0
TXN0041257,0
TXN0030853,0
TXN0056192,0
TXN0045668,0
TXN0029249,0
TXN0026412,0
TXN0052352,0
TXN0042210,0
TXN0032110,0
TXN0027319,0
TXN0036500,0
TXN0056440,0
TXN0021488,0
TXN0021595,0
TXN0038329,0
TXN0043745,0
TXN0032609,0
TXN0041471,0
TXN0002638,0
TXN0014888,0
TXN0014632,0
TXN0013871,0
TXN0004165,0
TXN0011451,0
TXN0053662,0
TXN0055189,0
TXN0049794,0
TXN0042947,0
TXN0011647,0
TXN0046986,0
TXN0046140,0
TXN0004892,0
TXN0039262,0
TXN0016726,0
TXN0012981,0
TXN0022930,0
TXN0053650,0
TXN0010415,0
TXN0024032,0
TXN0042074,0
TXN0058226,0
TXN0053957,0
TXN0043746,0
TXN0011396,0
TXN0018862,0
TXN0038274,0
TXN0044926,0
TXN0025747,0
TXN0001972,0
TXN0058208,0
TXN0002030,0
TXN0046203,0
TXN0032303,0
TXN0044198,0
TXN0054598,0
TXN0025807,0
TXN0023725,0
TXN0053415,0
TXN0027184,0
TXN0043806,0
TXN0013059,0
TXN0027602,0
TXN0036614,0
TXN0009639,0
TXN0052990,0
TXN0028995,0
TXN0013719,0
TXN0009019,0
TXN0019672,0
TXN0043991,0
TXN0000032,0
TXN0043312,0
TXN0039718,0
TXN0024969,0
TXN0048228,0
TXN0035581,0
TXN0018092,0
TXN0028002,0
TXN0020413,0
TXN0056809,0
TXN0039114,0
TXN0022245,0
TXN0001966,0
TXN0012248,0
TXN0037457,0
TXN0044393,0
TXN0025723,0
TXN0023789,0
TXN0055445,0
TXN0035004,0
TXN0022328,0
TXN0006230,0
TXN0029298,0
TXN0002189,0
TXN0037720,0
TXN0041273,0
TXN0016796,0
TXN0024388,0
TXN0003933,0
TXN0019258,0
TXN0048557,0
TXN0016437,0
TXN0024033,0
TXN0059659,0
TXN0047492,0
TXN0029579,0
TXN0008435,0
TXN0050255,0
TXN0010459,0
TXN0009613,0
TXN0001156,0
TXN0035054,0
TXN0024997,0
TXN0022086,0
TXN0007606,0
TXN0034580,0
TXN0046426,0
TXN0044540,0
TXN0011550,0
TXN0018598,0
TXN0031798,0
TXN0049171,0
TXN0056803,0
TXN0051666,0
TXN0005373,0
TXN0055666,0
TXN0026874,0
TXN0038321,0
TXN0018359,0
TXN0005996,0
TXN0020226,0
TXN0058745,0
TXN0005284,0
TXN0034740,0
TXN0004855,0
TXN0009023,0
TXN0003402,0
TXN0010595,0
TXN0058240,0
TXN0016655,0
TXN0038399,0
TXN0050486,0
TXN0039860,0
TXN0034287,0
TXN0009452,0
TXN0041828,0
TXN0021351,0
TXN0026738,0
TXN0002830,0
TXN0051339,0
TXN0001623,0
TXN0042646,0
TXN0054662,0
TXN0036823,0
TXN0056244,0
TXN0016172,0
TXN0018421,0
TXN0030244,0
TXN0005876,0
TXN0021519,0
TXN0017377,0
TXN0023496,0
TXN0006181,0
TXN0017201,0
TXN0026002,0
TXN0022235,0
TXN0041272,0
TXN0057266,0
TXN0004896,0
TXN0030115,0
TXN0011032,0
TXN0043210,0
TXN0019021,0
TXN0023079,0
TXN0029071,0
TXN0004119,0
TXN0051778,0
TXN0011270,0
TXN0043044,0
TXN0019231,0
TXN0058617,0
TXN0022503,0
TXN0035812,0
TXN0037281,0
TXN0002789,0
TXN0053147,0
TXN0017012,0
TXN0042793,0
TXN0005251,0
TXN0023994,0
TXN0019413,0
TXN0015067,0
TXN0020427,0
TXN0050921,0
TXN0018855,0
TXN0026371,0
TXN0016372,0
TXN0022707,0
TXN0047581,0
TXN0003850,0
TXN0057877,0
TXN0019175,0
TXN0011373,0
TXN0028181,0
TXN0050694,0
TXN0056270,0
TXN0002968,0
TXN0012510,0
TXN0048293,0
TXN0009384,0
TXN0035484,0
TXN0050056,0
TXN0008736,0
TXN0036152,0
TXN0015731,0
TXN0033901,0
TXN0043101,0
TXN0054999,0
TXN0025141,0
TXN0040579,0
TXN0057907,0
TXN0055250,0
TXN0050919,0
TXN0057968,0
TXN0006927,0
TXN0004048,0
TXN0050111,0
TXN0039859,0
TXN0023578,0
TXN0027645,0
TXN0001497,0
TXN0007969,0
TXN0016483,0
TXN0051602,0
TXN0048019,0
TXN0053517,0
TXN0004305,0
TXN0004326,0
TXN0014411,0
TXN0003316,0
TXN0039108,0
TXN0025771,0
TXN0059815,0
TXN0053292,0
TXN0034277,0
TXN0019387,0
TXN0053506,0
TXN0017726,0
TXN0059600,0
TXN0023861,0
TXN0050604,0
TXN0032611,0
TXN0054490,0
TXN0040961,0
TXN0030524,0
TXN0059373,0
TXN0024203,0
TXN0051325,0
TXN0003635,0
TXN0009010,0
TXN0047334,0
TXN0039053,0
TXN0045999,0
TXN0040398,0
TXN0053165,0
TXN0011836,0
TXN0037243,0
TXN0032565,0
TXN0007703,0
TXN0016718,0
TXN0030319,0
TXN0013609,0
TXN0007250,0
TXN0008608,0
TXN0021069,0
TXN0045958,0
TXN0010469,0
TXN0056266,0
TXN0019331,0
TXN0000480,0
TXN0037523,0
TXN0030007,0
TXN0054072,0
TXN0016100,0
TXN0035664,0
TXN0017294,0
TXN0009068,0
TXN0008690,0
TXN0009598,0
TXN0017797,0
TXN0023955,0
TXN0025260,0
TXN0057805,0
TXN0000351,0
TXN0020248,0
TXN0032425,0
TXN0005823,0
TXN0007457,0
TXN0034561,0
TXN0035787,0
TXN0058038,0
TXN0001853,0
TXN0037884,0
TXN0045118,0
TXN0004077,0
TXN0020276,0
TXN0013856,0
TXN0057902,0
TXN0035508,0
TXN0055634,0
TXN0032700,0
TXN0031064,0
TXN0054498,0
TXN0026360,0
TXN0017649,0
TXN0008546,0
TXN0037985,0
TXN0013960,0
TXN0016295,0
TXN0049547,0
TXN0043150,0
TXN0025335,0
TXN0015614,0
TXN0058772,0
TXN0056767,0
TXN0050070,0
TXN0054506,0
TXN0047720,0
TXN0003489,0
TXN0049637,0
TXN0031355,0
TXN0044733,0
TXN0043850,0
TXN0000108,0
TXN0002440,0
TXN0031785,0
TXN0003446,0
TXN0048126,0
TXN0000953,0
TXN0041007,0
TXN0000770,0
TXN0000279,0
TXN0025487,0
TXN0039733,0
TXN0005195,0
TXN0031609,0
TXN0031134,0
TXN0019671,0
TXN0040465,0
TXN0017063,0
TXN0041524,0
TXN0048184,0
TXN0039788,0
TXN0012179,0
TXN0008510,0
TXN0014991,0
TXN0015541,0
TXN0000536,0
TXN0047711,0
TXN0024195,0
TXN0058947,0
TXN0050194,0
TXN0032763,0
TXN0043906,0
TXN0039687,0
TXN0042375,0
TXN0036424,0
TXN0000682,0
TXN0054829,0
TXN0058971,0
TXN0006887,0
TXN0041200,0
TXN0024939,0
TXN0057640,0
TXN0058976,0
TXN0036453,0
TXN0024152,0
TXN0023727,0
TXN0010708,0
TXN0039270,0
TXN0057267,0
TXN0050052,0
TXN0044428,0
TXN0047967,0
TXN0028479,0
TXN0054541,0
TXN0022108,0
TXN0052950,0
TXN0049182,0
TXN0032958,0
TXN0031015,0
TXN0030644,0
TXN0051624,0
TXN0046809,0
TXN0012030,0
TXN0013413,0
TXN0032138,0
TXN0021967,0
TXN0032905,0
TXN0022893,0
TXN0053545,0
TXN0044756,0
TXN0036565,0
TXN0058569,0
TXN0039156,0
TXN0009877,0
TXN0010803,0
TXN0035894,0
TXN0056504,0
TXN0025076,0
TXN0032871,0
TXN0046362,0
TXN0022224,0
TXN0001197,0
TXN0055155,0
TXN0038863,0
TXN0058072,0
TXN0050201,0
TXN0017503,0
TXN0040259,0
TXN0031245,0
TXN0024023,0
TXN0012945,0
TXN0004826,0
TXN0043566,0
TXN0011061,0
TXN0026184,0
TXN0024522,0
TXN0032650,0
TXN0017616,0
TXN0033264,0
TXN0007667,0
TXN0008578,0
TXN0020499,0
TXN0038022,0
TXN0036699,0
TXN0022819,0
TXN0045979,0
TXN0043506,0
TXN0039548,0
TXN0007524,0
TXN0034950,0
TXN0008278,0
TXN0047584,0
TXN0003378,0
TXN0054353,0
TXN0025514,0
TXN0044681,0
TXN0016276,0
TXN0010441,0
TXN0042765,0
TXN0017758,0
TXN0012635,0
TXN0015517,0
TXN0055905,0
TXN0036406,0
TXN0010172,0
TXN0035697,0
TXN0054067,0
TXN0048501,0
TXN0024372,0
TXN0036970,0
TXN0046894,0
TXN0050148,0
TXN0008040,0
TXN0032880,0
TXN0050155,0
TXN0007915,0
TXN0024301,0
TXN0030166,0
TXN0013797,0
TXN0058481,0
TXN0011497,0
TXN0012594,0
TXN0050268,0
TXN0055345,0
TXN0002138,0
TXN0023338,0
TXN0019051,0
TXN0050296,0
TXN0055064,0
TXN0005638,0
TXN0038690,0
TXN0054817,0
TXN0040402,0
TXN0054339,0
TXN0058467,0
TXN0042822,0
TXN0059530,0
TXN0006311,0
TXN0035826,0
TXN0032338,0
TXN0047842,0
TXN0047265,0
TXN0007284,0
TXN0001122,0
TXN0020904,0
TXN0034251,0
TXN0015165,0
TXN0021412,0
TXN0028762,0
TXN0024705,0
TXN0013325,0
TXN0002276,0
TXN0030207,0
TXN0025782,0
TXN0047977,0
TXN0047642,0
TXN0037558,0
TXN0025340,0
TXN0023034,0
TXN0016247,0
TXN0014631,0
TXN0000439,0
TXN0000850,0
TXN0001438,0
TXN0057919,0
TXN0003639,0
TXN0043588,0
TXN0007978,0
TXN0011658,0
TXN0045608,0
TXN0006896,0
TXN0011402,0
TXN0030438,0
TXN0027907,0
TXN0013150,0
TXN0041840,0
TXN0002022,0
TXN0005576,0
TXN0047094,0
TXN0018762,0
TXN0038945,0
TXN0045441,0
TXN0016577,0
TXN0034913,0
TXN0048752,0
TXN0016313,0
TXN0059818,0
TXN0000651,0
TXN0043519,0
TXN0053063,0
TXN0036516,0
TXN0022651,0
TXN0016674,0
TXN0042347,0
TXN0049825,0
TXN0042755,0
TXN0056162,0
TXN0057153,0
TXN0034282,0
TXN0014050,0
TXN0038331,0
TXN0059027,0
TXN0032582,0
TXN0012955,0
TXN0030730,0
TXN0029153,0
TXN0039031,0
TXN0023556,0
TXN0029111,0
TXN0035008,0
TXN0001596,0
TXN0014811,0
TXN0042592,0
TXN0003221,0
TXN0053992,0
TXN0048622,0
TXN0003604,0
TXN0034517,0
TXN0022137,0
TXN0009536,0
TXN0013822,0
TXN0051957,0
TXN0019593,0
TXN0040321,0
TXN0041339,0
TXN0029221,0
TXN0000861,0
TXN0045762,0
TXN0054672,0
TXN0007503,0
TXN0010506,0
TXN0035559,0
TXN0016338,0
TXN0058457,0
TXN0004202,0
TXN0004139,0
TXN0025408,0
TXN0022969,0
TXN0054639,0
TXN0042035,0
TXN0014673,0
TXN0058723,0
TXN0002069,0
TXN0000465,0
TXN0033663,0
TXN0043181,0
TXN0013367,0
TXN0007751,0
TXN0049755,0
TXN0009462,0
TXN0001508,0
TXN0037982,0
TXN0052240,0
TXN0017811,0
TXN0037037,0
TXN0029066,0
TXN0021006,0
TXN0025590,0
TXN0025149,0
TXN0046192,0
TXN0011594,0
TXN0022154,0
TXN0058677,0
TXN0034422,0
TXN0009270,0
TXN0026511,0
TXN0010074,0
TXN0032797,0
TXN0010784,0
TXN0018736,0
TXN0043997,0
TXN0048680,0
TXN0038989,0
TXN0037264,0
TXN0014883,0
TXN0054782,0
TXN0024116,0
TXN0043069,0
TXN0053265,0
TXN0014361,0
TXN0005854,0
TXN0042898,0
TXN0000194,0
TXN0052419,0
TXN0029363,0
TXN0036475,0
TXN0010810,0
TXN0012143,0
TXN0045476,0
TXN0049403,0
TXN0053118,0
TXN0029939,0
TXN0014337,0
TXN0009730,0
TXN0001444,0
TXN0003067,0
TXN0032950,0
TXN0056402,0
TXN0000673,0
TXN0046187,0
TXN0037426,0
TXN0032756,0
TXN0053489,0
TXN0031628,0
TXN0038748,0
TXN0011904,0
TXN0007149,0
TXN0038251,0
TXN0008341,0
TXN0042518,0
TXN0004740,0
TXN0020273,0
TXN0031546,0
TXN0015825,0
TXN0043396,0
TXN0049887,0
TXN0059890,0
TXN0016641,0
TXN0039797,0
TXN0005140,0
TXN0002418,0
TXN0053202,0
TXN0038162,0
TXN0039782,0
TXN0044349,0
TXN0036889,0
TXN0007748,0
TXN0055403,0
TXN0055958,0
TXN0030395,0
TXN0037551,0
TXN0028638,0
TXN0009430,0
TXN0005536,0
TXN0035022,0
TXN0054527,0
TXN0027580,0
TXN0058416,0
TXN0033698,0
TXN0053739,0
TXN0011790,0
TXN0046697,0
TXN0045683,0
TXN0005865,0
TXN0054704,0
TXN0021995,0
TXN0046554,0
TXN0043177,0
TXN0013723,0
TXN0035406,0
TXN0059571,0
TXN0018154,0
TXN0012575,0
TXN0022070,0
TXN0014595,0
TXN0022309,0
TXN0047449,0
TXN0016927,0
TXN0058668,0
TXN0003674,0
TXN0008676,0
TXN0030088,0
TXN0020220,0
TXN0020728,0
TXN0029201,0
TXN0003939,0
TXN0053547,0
TXN0028462,0
TXN0021284,0
TXN0027013,0
TXN0027335,0
TXN0011300,0
TXN0016870,0
TXN0052344,0
TXN0018618,0
TXN0000702,0
TXN0055957,0
TXN0014224,0
TXN0034545,0
TXN0049140,0
TXN0016974,0
TXN0012060,0
TXN0022013,0
TXN0055641,0
TXN0009129,0
TXN0051437,0
TXN0047141,0
TXN0029322,0
TXN0034538,0
TXN0045296,0
TXN0006646,0
TXN0040181,0
TXN0040243,0
TXN0054315,0
TXN0045609,0
TXN0006675,0
TXN0058424,0
TXN0051961,0
TXN0018397,0
TXN0011299,0
TXN0013126,0
TXN0001562,0
TXNS01122,1
TXN0051261,0
TXN0027957,0
TXN0016993,0
TXN0002132,0
TXN0038671,0
TXN0058371,0
TXN0016339,0
TXN0054288,0
TXN0050537,0
TXN0057971,0
TXN0029078,0
TXN0017287,0
TXN0035041,0
TXN0030084,0
TXN0039669,0
TXN0034099,0
TXN0045824,0
TXN0054295,0
TXN0004962,0
TXN0053708,0
TXN0008596,0
TXN0004303,0
TXN0040849,0
TXN0053044,0
TXN0037627,0
TXN0040016,0
TXN0049832,0
TXN0028217,0
TXN0041613,0
TXN0019988,0
TXN0023687,0
TXN0005158,0
TXN0005653,0
TXN0034336,0
TXN0059146,0
TXN0001232,0
TXN0035736,0
TXN0006545,0
TXN0017017,0
TXN0019304,0
TXN0024433,0
TXN0027851,0
TXN0020999,0
TXN0022177,0
TXN0007615,0
TXN0021393,0
TXN0043357,0
TXN0030687,0
TXN0005734,0
TXN0050361,0
TXN0006413,0
TXN0048716,0
TXN0010430,0
TXN0002562,0
TXN0031026,0
TXN0052085,0
TXN0013757,0
TXN0052776,0
TXN0034006,0
TXN0025589,0
TXN0032647,0
TXN0047993,0
TXN0022902,0
TXN0050809,0
TXN0032223,0
TXN0059866,0
TXN0018554,0
TXN0006537,0
TXN0009258,0
TXN0030745,0
TXN0036716,0
TXN0027789,0
TXN0008677,0
TXN0031682,0
TXN0011901,0
TXN0001956,0
TXN0021847,0
TXN0004064,0
TXN0013205,0
TXN0001704,0
TXN0011006,0
TXN0048170,0
TXN0017820,0
TXN0012788,0
TXN0037409,0
TXN0017690,0
TXN0019217,0
TXN0052935,0
TXN0011868,0
TXN0013904,0
TXN0021877,0
TXN0027520,0
TXN0015334,0
TXN0039877,0
TXN0039345,0
TXN0048943,0
TXN0050140,0
TXN0030599,0
TXN0018115,0
TXN0025730,0
TXN0047385,0
TXN0024418,0
TXN0051457,0
TXN0026923,0
TXN0051351,0
TXN0011601,0
TXN0034194,0
TXN0048377,0
TXN0047627,0
TXN0059984,0
TXN0059847,0
TXN0015483,0
TXN0019732,0
TXN0055238,0
TXN0058444,0
TXN0018649,0
TXN0034037,0
TXN0015557,0
TXN0029161,0
TXN0013139,0
TXN0015463,0
TXN0009437,0
TXN0039755,0
TXN0009614,0
TXN0049038,0
TXN0022637,0
TXN0052689,0
TXN0054556,0
TXN0023026,0
TXN0007474,0
TXN0041683,0
TXN0032498,0
TXN0056757,0
TXN0037667,0
TXN0047992,0
TXN0043955,0
TXN0022717,0
TXN0059706,0
TXN0001114,0
TXN0031722,0
TXN0013611,0
TXN0031768,0
TXN0035832,0
TXN0050738,0
TXN0028598,0
TXN0016758,0
TXNR0201,1
TXN0018376,0
TXN0055329,0
TXN0045472,0
TXN0030672,0
TXN0049959,0
TXN0003210,0
TXN0006129,0
TXN0028052,0
TXN0046374,0
TXN0043327,0
TXN0016765,0
TXN0025981,0
TXN0008931,0
TXN0057094,0
TXN0003391,0
TXN0058051,0
TXN0054090,0
TXN0024973,0
TXN0048759,0
TXN0031631,0
TXN0019785,0
TXN0007671,0
TXN0052150,0
TXN0057812,0
TXN0005792,0
TXN0024799,0
TXN0057240,0
TXN0026942,0
TXN0054753,0
TXN0028406,0
TXN0032645,0
TXN0050339,0
TXN0035154,0
TXN0025222,0
TXN0059539,0
TXN0034659,0
TXN0046582,0
TXN0047434,0
TXN0026889,0
TXN0054017,0
TXN0051658,0
TXN0012407,0
TXN0019717,0
TXN0032778,0
TXN0045957,0
TXN0020418,0
TXN0005048,0
TXN0009584,0
TXN0053667,0
TXN0005035,0
TXN0008191,0
TXN0057663,0
TXN0034223,0
TXN0006067,0
TXN0031485,0
TXN0022907,0
TXN0036287,0
TXN0048444,0
TXN0045794,0
TXN0023282,0
TXN0047765,0
TXN0029457,0
TXN0032907,0
TXN0002354,0
TXN0025726,0
TXN0054265,0
TXN0054798,0
TXN0059444,0
TXN0044907,0
TXN0025353,0
TXN0040043,0
TXN0011744,0
TXN0004647,0
TXN0009526,0
TXN0038184,0
TXN0056300,0
TXN0055338,0
TXN0033956,0
TXN0018519,0
TXN0020814,0
TXN0042507,0
TXN0048331,0
TXN0019380,0
TXN0001048,0
TXN0009403,0
TXN0049987,0
TXN0023881,0
TXN0048545,0
TXN0042657,0
TXN0037106,0
TXN0059886,0
TXN0001183,0
TXN0011968,0
TXN0000905,0
TXN0038959,0
TXN0030781,0
TXN0005860,0
TXN0019740,0
TXN0021131,0
TXN0009353,0
TXN0055498,0
TXN0000833,0
TXN0024602,0
TXN0018370,0
TXN0045467,0
TXN0053195,0
TXN0034756,0
TXN0043318,0
TXN0013835,0
TXN0007621,0
TXN0001703,0
TXN0052204,0
TXN0058770,0
TXN0041842,0
TXN0027330,0
TXN0056121,0
TXN0014200,0
TXN0042238,0
TXN0020722,0
TXN0029973,0
TXN0040467,0
TXN0037378,0
TXN0004420,0
TXN0037059,0
TXN0052337,0
TXN0033404,0
TXN0035121,0
TXN0008936,0
TXN0000204,0
TXN0001941,0
TXN0023137,0
TXN0052525,0
TXN0048697,0
TXN0045786,0
TXN0023787,0
TXN0022846,0
TXN0018057,0
TXN0010063,0
TXN0027091,0
TXN0026024,0
TXN0040608,0
TXN0028420,0
TXN0046709,0
TXN0046084,0
TXN0035727,0
TXN0001954,0
TXN0039408,0
TXN0056824,0
TXN0055083,0
TXN0025206,0
TXN0027662,0
TXN0021240,0
TXN0008628,0
TXN0050934,0
TXN0048339,0
TXN0022621,0
TXN0021055,0
TXN0057361,0
TXN0042664,0
TXN0026239,0
TXN0007134,0
TXN0041231,0
TXN0004283,0
TXN0012994,0
TXN0036471,0
TXN0003366,0
TXN0059519,0
TXN0027193,0
TXN0043483,0
TXN0042293,0
TXN0024695,0
TXN0059350,0
TXN0057317,0
TXN0049947,0
TXN0053904,0
TXN0041526,0
TXN0001680,0
TXN0058917,0
TXN0047081,0
TXN0053848,0
TXN0050322,0
TXN0006583,0
TXN0054142,0
TXN0004622,0
TXN0027971,0
TXN0039521,0
TXN0047516,0
TXN0018307,0
TXN0050105,0
TXN0050608,0
TXN0015460,0
TXN0030787,0
TXN0058044,0
TXN0053955,0
TXN0014865,0
TXN0008759,0
TXN0025129,0
TXN0054948,0
TXN0014446,0
TXN0036967,0
TXN0040174,0
TXN0005621,0
TXN0015692,0
TXN0046623,0
TXN0015311,0
TXN0013168,0
TXN0053824,0
TXN0052070,0
TXN0017521,0
TXN0057837,0
TXN0036887,0
TXN0002344,0
TXN0011863,0
TXN0008021,0
TXN0014398,0
TXN0055253,0
TXN0051113,0
TXN0010675,0
TXN0004813,0
TXN0012415,0
TXN0005733,0
TXN0045504,0
TXN0050595,0
TXN0027511,0
TXN0046682,0
TXN0051156,0
TXN0057255,0
TXN0038075,0
TXN0010926,0
TXN0057838,0
TXN0033704,0
TXN0003382,0
TXN0032461,0
TXN0054257,0
TXN0032142,0
TXN0049524,0
TXN0049101,0
TXN0048999,0
TXN0023872,0
TXN0009170,0
TXN0023389,0
TXN0041179,0
TXN0042574,0
TXN0000581,0
TXN0022879,0
TXN0022529,0
TXN0036460,0
TXN0034895,0
TXN0035084,0
TXN0008428,0
TXN0032213,0
TXN0045248,0
TXN0035077,0
TXN0005071,0
TXN0017089,0
TXN0045897,0
TXN0016904,0
TXN0030801,0
TXN0001928,0
TXN0027062,0
TXN0046419,0
TXN0040015,0
TXN0018709,0
TXN0029950,0
TXN0052462,0
TXN0000460,0
TXN0059768,0
TXN0017353,0
TXN0046317,0
TXN0031534,0
TXN0001741,0
TXN0010012,0
TXN0056788,0
TXN0041409,0
TXN0020731,0
TXN0008085,0
TXN0006660,0
TXN0043189,0
TXN0042115,0
TXN0057406,0
TXN0008449,0
TXN0015811,0
TXN0044878,0
TXN0056180,0
TXN0014283,0
TXN0035211,0
TXN0022750,0
TXN0033294,0
TXN0049042,0
TXN0011582,0
TXN0007716,0
TXN0047499,0
TXN0021787,0
TXN0058502,0
TXN0044083,0
TXN0018110,0
TXN0055930,0
TXN0006747,0
TXN0010034,0
TXN0016421,0
TXN0023923,0
TXN0020283,0
TXN0015382,0
TXN0025809,0
TXN0045582,0
TXN0044101,0
TXN0039036,0
TXN0045169,0
TXN0030744,0
TXN0058884,0
TXN0017891,0
TXN0036866,0
TXN0035394,0
TXN0016469,0
TXN0046222,0
TXN0006658,0
TXN0037803,0
TXN0034643,0
TXN0039302,0
TXN0050182,0
TXN0030003,0
TXN0027787,0
TXN0053956,0
TXN0001226,0
TXN0002213,0
TXN0053446,0
TXN0005754,0
TXN0022657,0
TXN0054157,0
TXN0023271,0
TXN0054115,0
TXN0035857,0
TXN0050769,0
TXN0024166,0
TXN0048108,0
TXN0010199,0
TXN0059456,0
TXN0049107,0
TXN0020870,0
TXN0057646,0
TXN0041703,0
TXN0004449,0
TXN0010268,0
TXN0012385,0
TXN0012547,0
TXN0053865,0
TXN0000330,0
TXN0011915,0
TXN0030768,0
TXN0021356,0
TXN0000150,0
TXN0030141,0
TXN0026070,0
TXN0047986,0
TXN0040464,0
TXN0051870,0
TXN0034257,0
TXN0024960,0
TXN0015703,0
TXN0011832,0
TXN0044203,0
TXN0010927,0
TXN0023947,0
TXN0003256,0
TXN0038124,0
TXN0037331,0
TXN0023587,0
TXN0017109,0
TXN0012528,0
TXN0040407,0
TXN0014697,0
TXN0048162,0
TXN0046568,0
TXN0037257,0
TXN0014829,0
TXN0002531,0
TXN0035455,0
TXN0033817,0
TXN0029156,0
TXN0011912,0
TXN0020052,0
TXN0003284,0
TXN0028782,0
TXN0050633,0
TXN0057364,0
TXN0040124,0
TXN0038325,0
TXN0058741,0
TXN0020582,0
TXN0028726,0
TXN0002664,0
TXN0033720,0
TXN0037801,0
TXN0016816,0
TXN0047004,0
TXN0017819,0
TXN0055688,0
TXN0017432,0
TXN0037318,0
TXN0056002,0
TXN0022811,0
TXN0048451,0
TXN0005541,0
TXN0021842,0
TXN0032518,0
TXN0048937,0
TXN0041031,0
TXN0019536,0
TXN0012633,0
TXN0024627,0
TXN0004146,0
TXN0048458,0
TXN0043197,0
TXN0006314,0
TXN0051306,0
TXN0040748,0
TXN0058641,0
TXN0012293,0
TXN0046039,0
TXN0031603,0
TXN0035760,0
TXNS00330,1
TXN0017516,0
TXN0051459,0
TXN0033504,0
TXN0003611,0
TXN0055048,0
TXN0051010,0
TXN0037843,0
TXN0056739,0
TXN0029634,0
TXN0022338,0
TXN0026680,0
TXN0046826,0
TXN0040271,0
TXN0036030,0
TXN0020723,0
TXN0007132,0
TXN0024126,0
TXN0015192,0
TXN0000128,0
TXN0003862,0
TXN0020260,0
TXN0005878,0
TXN0024865,0
TXN0012967,0
TXN0005306,0
TXN0003150,0
TXN0040681,0
TXN0016342,0
TXN0031990,0
TXN0001282,0
TXN0024712,0
TXN0035012,0
TXN0005087,0
TXN0038291,0
TXN0030578,0
TXN0037519,0
TXN0024416,0
TXN0025924,0
TXN0043017,0
TXN0012736,0
TXN0011203,0
TXN0006193,0
TXN0036552,0
TXN0012432,0
TXN0007138,0
TXN0048283,0
TXN0011812,0
TXN0010610,0
TXN0032204,0
TXN0016883,0
TXN0038364,0
TXN0024057,0
TXN0033726,0
TXN0039630,0
TXN0038692,0
TXN0038720,0
TXN0034915,0
TXN0032426,0
TXN0022342,0
TXN0043022,0
TXN0030019,0
TXN0006550,0
TXN0030637,0
TXN0050424,0
TXN0044837,0
TXN0032156,0
TXN0006316,0
TXN0058580,0
TXN0025356,0
TXN0003118,0
TXN0027418,0
TXN0005216,0
TXN0043777,0
TXN0045834,0
TXN0030888,0
TXN0019647,0
TXN0052856,0
TXN0041565,0
TXN0003494,0
TXN0001818,0
TXN0028283,0
TXN0035882,0
TXN0012895,0
TXN0044109,0
TXN0043482,0
TXN0041342,0
TXN0039359,0
TXN0020024,0
TXN0047940,0
TXN0018586,0
TXN0010212,0
TXN0059348,0
TXN0007337,0
TXN0034050,0
TXN0022955,0
TXN0052974,0
TXN0027379,0
TXN0013075,0
TXN0033353,0
TXN0048889,0
TXN0057490,0
TXN0050477,0
TXN0016307,0
TXN0006542,0
TXN0028986,0
TXN0008304,0
TXN0023214,0
TXN0059320,0
TXN0057622,0
TXN0041567,0
TXN0009976,0
TXN0021403,0
TXN0050670,0
TXN0022381,0
TXN0006720,0
TXN0050790,0
TXN0022921,0
TXN0032136,0
TXN0012690,0
TXN0043031,0
TXN0002561,0
TXN0024748,0
TXN0057152,0
TXN0018775,0
TXN0044984,0
TXN0050158,0
TXN0030422,0
TXN0033096,0
TXN0007122,0
TXN0005525,0
TXN0011988,0
TXN0003396,0
TXN0042216,0
TXN0050127,0
TXN0036574,0
TXN0003510,0
TXN0030621,0
TXN0005727,0
TXN0052794,0
TXN0025337,0
TXN0022156,0
TXN0018479,0
TXN0036089,0
TXN0016869,0
TXN0044683,0
TXN0050883,0
TXN0047896,0
TXN0034284,0
TXN0026533,0
TXN0041263,0
TXN0048798,0
TXN0004273,0
TXN0022917,0
TXN0028855,0
TXN0014488,0
TXN0023585,0
TXN0034689,0
TXN0026896,0
TXN0015572,0
TXN0059394,0
TXN0046363,0
TXN0051078,0
TXN0015215,0
TXN0000829,0
TXN0043902,0
TXN0023584,0
TXN0020486,0
TXN0041926,0
TXN0059025,0
TXN0000479,0
TXN0043830,0
TXN0045340,0
TXN0049673,0
TXN0037456,0
TXN0040309,0
TXN0048668,0
TXN0040107,0
TXN0020062,0
TXN0027756,0
TXN0008450,0
TXN0025240,0
TXN0057845,0
TXN0055394,0
TXN0022377,0
TXN0041546,0
TXN0006978,0
TXN0030074,0
TXN0022325,0
TXN0017295,0
TXN0023008,0
TXN0008452,0
TXN0008178,0
TXN0032502,0
TXN0035718,0
TXN0022980,0
TXN0030380,0
TXN0036416,0
TXN0054885,0
TXN0017967,0
TXN0030513,0
TXN0051664,0
TXN0034209,0
TXN0058129,0
TXN0012862,0
TXN0056751,0
TXN0032653,0
TXN0053615,0
TXN0018903,0
TXN0037216,0
TXN0008893,0
TXN0036342,0
TXN0044986,0
TXN0046382,0
TXN0051238,0
TXN0012414,0
TXN0014510,0
TXN0011067,0
TXN0052432,0
TXN0001863,0
TXN0044828,0
TXN0010733,0
TXN0020685,0
TXN0038790,0
TXN0045432,0
TXN0039662,0
TXN0030778,0
TXN0031970,0
TXN0006246,0
TXN0057131,0
TXN0020401,0
TXN0019334,0
TXN0018914,0
TXN0050808,0
TXN0001602,0
TXN0045185,0
TXN0008423,0
TXN0011762,0
TXN0021184,0
TXN0052095,0
TXN0018264,0
TXN0054317,0
TXN0010018,0
TXN0055668,0
TXN0035850,0
TXN0030570,0
TXN0017351,0
TXN0058068,0
TXN0053588,0
TXN0039447,0
TXN0050963,0
TXN0036712,0
TXN0007598,0
TXN0046369,0
TXN0056807,0
TXN0044067,0
TXN0045626,0
TXN0003007,0
TXN0033711,0
TXN0010648,0
TXN0003422,0
TXN0014409,0
TXN0004775,0
TXN0032477,0
TXN0041303,0
TXN0053349,0
TXN0049493,0
TXN0012399,0
TXN0044483,0
TXN0045191,0
TXN0000250,0
TXN0003785,0
TXN0037700,0
TXN0034759,0
TXN0002793,0
TXN0024191,0
TXN0028321,0
TXN0041769,0
TXN0044164,0
TXN0044676,0
TXN0024926,0
TXN0032023,0
TXN0031142,0
TXN0034960,0
TXN0027593,0
TXN0052225,0
TXN0054619,0
TXN0054840,0
TXN0049081,0
TXN0000471,0
TXN0022808,0
TXN0012630,0
TXN0057370,0
TXN0013114,0
TXN0041024,0
TXN0013431,0
TXN0013685,0
TXN0056962,0
TXN0042276,0
TXN0049572,0
TXN0030236,0
TXN0000341,0
TXN0052728,0
TXN0026937,0
TXN0030878,0
TXN0041956,0
TXN0041512,0
TXN0029254,0
TXN0038789,0
TXN0014858,0
TXN0042909,0
TXN0038716,0
TXN0030114,0
TXN0057893,0
TXN0024332,0
TXN0027635,0
TXN0005828,0
TXN0026688,0
TXN0058383,0
TXN0003986,0
TXN0011900,0
TXN0044437,0
TXN0032990,0
TXN0027581,0
TXN0009006,0
TXN0040800,0
TXN0041253,0
TXN0057129,0
TXN0011072,0
TXN0023805,0
TXN0000655,0
TXN0029981,0
TXN0017095,0
TXN0035040,0
TXN0009056,0
TXN0053203,0
TXN0038148,0
TXN0037368,0
TXN0018138,0
TXN0037023,0
TXN0027656,0
TXN0037942,0
TXN0055941,0
TXN0012428,0
TXN0011500,0
TXN0036698,0
TXN0038147,0
TXN0016002,0
TXN0049529,0
TXN0040628,0
TXN0020485,0
TXN0054577,0
TXN0051902,0
TXN0018045,0
TXN0055241,0
TXN0044071,0
TXN0041730,0
TXN0051370,0
TXN0053425,0
TXN0052390,0
TXN0021265,0
TXN0016089,0
TXN0029121,0
TXN0044478,0
TXN0018237,0
TXN0004407,0
TXN0045877,0
TXN0017930,0
TXN0008607,0
TXN0023995,0
TXN0027422,0
TXN0012826,0
TXN0023637,0
TXN0009830,0
TXN0018592,0
TXN0019837,0
TXN0006347,0
TXN0020265,0
TXN0039215,0
TXN0010146,0
TXN0048686,0
TXN0023539,0
TXN0036029,0
TXN0017418,0
TXN0057834,0
TXN0002116,0
TXN0013363,0
TXN0018411,0
TXN0005377,0
TXN0047217,0
TXN0036271,0
TXN0002330,0
TXN0048475,0
TXN0033958,0
TXN0044612,0
TXN0008971,0
TXN0018248,0
TXN0004246,0
TXN0045738,0
TXN0040374,0
TXN0057391,0
TXN0049083,0
TXN0005990,0
TXN0040577,0
TXN0017737,0
TXN0037673,0
TXN0027743,0
TXN0043984,0
TXN0043799,0
TXN0057441,0
TXN0004461,0
TXN0055330,0
TXN0011096,0
TXN0008336,0
TXN0043982,0
TXN0037871,0
TXN0040356,0
TXN0018684,0
TXN0012790,0
TXN0017047,0
TXN0020048,0
TXN0018933,0
TXN0019914,0
TXN0001430,0
TXN0049025,0
TXN0031863,0
TXN0057113,0
TXN0024551,0
TXN0047130,0
TXN0013695,0
TXN0015027,0
TXN0043983,0
TXN0006708,0
TXN0048911,0
TXN0033784,0
TXN0027767,0
TXN0021674,0
TXN0031314,0
TXN0023942,0
TXN0049124,0
TXN0039484,0
TXN0007422,0
TXN0017134,0
TXN0047572,0
TXN0051259,0
TXN0053196,0
TXN0014637,0
TXN0005715,0
TXN0029129,0
TXN0026369,0
TXN0022000,0
TXN0009433,0
TXN0048710,0
TXN0009313,0
TXN0014095,0
TXN0027514,0
TXN0040967,0
TXN0052711,0
TXN0043698,0
TXN0001426,0
TXN0029775,0
TXN0043501,0
TXN0043394,0
TXN0001035,0
TXN0056380,0
TXN0031879,0
TXN0010542,0
TXN0033797,0
TXN0050264,0
TXN0017317,0
TXN0012007,0
TXN0046915,0
TXN0019353,0
TXN0014085,0
TXN0014969,0
TXN0016274,0
TXN0018998,0
TXN0059822,0
TXN0036252,0
TXN0045452,0
TXN0002084,0
TXN0025529,0
TXN0038539,0
TXN0016408,0
TXN0019002,0
TXN0041237,0
TXN0049609,0
TXN0054348,0
TXN0034797,0
TXN0051509,0
TXN0000399,0
TXN0053264,0
TXN0027019,0
TXN0012350,0
TXN0028193,0
TXN0031930,0
TXN0019421,0
TXN0012758,0
TXN0014769,0
TXN0048242,0
TXN0036560,0
TXN0048912,0
TXN0032120,0
TXN0051360,0
TXN0049135,0
TXN0015837,0
TXN0012102,0
TXN0014311,0
TXN0030317,0
TXN0030983,0
TXN0035681,0
TXN0035705,0
TXN0042055,0
TXN0035617,0
TXN0010824,0
TXN0038510,0
TXN0059714,0
TXN0030803,0
TXN0002305,0
TXN0033104,0
TXN0054846,0
TXN0012858,0
TXN0002434,0
TXN0015856,0
TXN0058292,0
TXN0048860,0
TXN0054852,0
TXN0043358,0
TXN0029034,0
TXN0050944,0
TXN0032492,0
TXN0043557,0
TXN0028573,0
TXN0042890,0
TXN0032404,0
TXN0044862,0
TXN0032013,0
TXN0004408,0
TXN0007893,0
TXN0048296,0
TXN0047395,0
TXN0039117,0
TXN0030465,0
TXN0038569,0
TXN0008474,0
TXN0033134,0
TXN0038694,0
TXN0002225,0
TXN0016912,0
TXN0050929,0
TXN0032215,0
TXN0050643,0
TXN0026153,0
TXN0001162,0
TXN0035964,0
TXN0025871,0
TXN0027010,0
TXN0024263,0
TXN0030200,0
TXN0058060,0
TXN0003703,0
TXN0015400,0
TXN0008220,0
TXN0014522,0
TXN0054252,0
TXN0001443,0
TXN0041066,0
TXN0039045,0
TXN0028883,0
TXN0000920,0
TXN0038728,0
TXN0039253,0
TXN0027177,0
TXN0027495,0
TXN0026837,0
TXN0032493,0
TXN0027329,0
TXN0051898,0
TXN0002824,0
TXN0033395,0
TXN0012761,0
TXN0018875,0
TXN0005235,0
TXN0002174,0
TXN0016914,0
TXN0046064,0
TXN0001671,0
TXN0011986,0
TXN0052444,0
TXN0011245,0
TXN0028515,0
TXN0023820,0
TXN0038254,0
TXN0053766,0
TXN0018442,0
TXN0055621,0
TXN0038152,0
TXN0043164,0
TXN0019737,0
TXN0001911,0
TXN0037691,0
TXN0022050,0
TXN0055108,0
TXN0016731,0
TXN0001423,0
TXN0007745,0
TXN0059591,0
TXN0003202,0
TXN0008147,0
TXN0006194,0
TXN0006888,0
TXN0043042,0
TXN0027908,0
TXN0042426,0
TXN0003813,0
TXN0034988,0
TXN0037471,0
TXN0004605,0
TXN0004310,0
TXN0040007,0
TXN0032944,0
TXN0035487,0
TXN0046133,0
TXN0017483,0
TXN0004523,0
TXN0025066,0
TXN0023441,0
TXN0006972,0
TXN0003548,0
TXN0033246,0
TXN0019626,0
TXN0042108,0
TXN0051703,0
TXN0056458,0
TXN0033304,0
TXN0015747,0
TXN0021769,0
TXN0025296,0
TXN0058063,0
TXN0004330,0
TXN0057572,0
TXN0043583,0
TXN0025288,0
TXN0056098,0
TXN0028720,0
TXN0054812,0
TXN0051141,0
TXN0041154,0
TXN0036543,0
TXN0055649,0
TXN0039806,0
TXN0000609,0
TXN0056062,0
TXN0036426,0
TXN0022806,0
TXN0012792,0
TXN0033186,0
TXN0005952,0
TXN0026559,0
TXN0048455,0
TXN0019443,0
TXN0025834,0
TXN0012140,0
TXN0052360,0
TXN0049803,0
TXN0026591,0
TXN0029957,0
TXN0020679,0
TXN0013047,0
TXN0002029,0
TXN0013911,0
TXN0058815,0
TXN0002532,0
TXN0043467,0
TXN0032412,0
TXN0017009,0
TXN0017411,0
TXN0032896,0
TXN0001687,0
TXN0006496,0
TXN0016849,0
TXN0035602,0
TXN0049685,0
TXN0012154,0
TXN0026717,0
TXN0051022,0
TXN0053198,0
TXN0030234,0
TXN0052023,0
TXN0001291,0
TXN0029524,0
TXN0052734,0
TXN0036559,0
TXN0039738,0
TXN0008441,0
TXN0057058,0
TXN0021001,0
TXN0040730,0
TXN0025228,0
TXN0056460,0
TXN0055785,0
TXN0013966,0
TXN0037413,0
TXN0047007,0
TXN0046529,0
TXN0032234,0
TXN0056311,0
TXN0036825,0
TXN0059725,0
TXN0016046,0
TXN0037658,0
TXN0059511,0
TXN0017643,0
TXN0017041,0
TXN0035389,0
TXN0050393,0
TXN0043752,0
TXN0058188,0
TXN0032165,0
TXN0015922,0
TXN0059634,0
TXN0049983,0
TXN0043195,0
TXN0023000,0
TXN0034598,0
TXN0014486,0
TXN0042160,0
TXN0057569,0
TXN0030045,0
TXN0047042,0
TXN0006993,0
TXN0040687,0
TXN0012486,0
TXN0005872,0
TXN0017624,0
TXN0032197,0
TXN0012733,0
TXN0024659,0
TXN0012617,0
TXN0042279,0
TXN0045517,0
TXN0052470,0
TXN0022877,0
TXN0038438,0
TXN0009173,0
TXN0027359,0
TXN0025145,0
TXN0053143,0
TXN0027113,0
TXN0004214,0
TXN0020109,0
TXN0059132,0
TXN0008321,0
TXN0011482,0
TXN0037858,0
TXN0025007,0
TXN0024235,0
TXN0055154,0
TXN0023314,0
TXN0015949,0
TXN0053518,0
TXN0024266,0
TXN0040790,0
TXN0025843,0
TXN0052987,0
TXN0044782,0
TXN0053366,0
TXN0045752,0
TXN0025111,0
TXN0002731,0
TXN0034713,0
TXN0002646,0
TXN0036773,0
TXN0029942,0
TXN0033081,0
TXN0032819,0
TXN0056322,0
TXN0053405,0
TXN0043699,0
TXN0053081,0
TXN0050554,0
TXN0036261,0
TXN0026851,0
TXN0030970,0
TXN0050433,0
TXN0032877,0
TXN0051227,0
TXN0054398,0
TXN0055586,0
TXN0001697,0
TXN0044743,0
TXN0000512,0
TXN0013858,0
TXN0031842,0
TXN0052273,0
TXN0008274,0
TXN0059245,0
TXN0059117,0
TXN0052505,0
TXN0000994,0
TXN0008288,0
TXN0031264,0
TXN0024069,0
TXN0057377,0
TXN0023228,0
TXN0013039,0
TXN0004181,0
TXN0006424,0
TXN0013519,0
TXN0036170,0
TXN0004280,0
TXN0052159,0
TXN0054711,0
TXN0045761,0
TXN0039418,0
TXN0002061,0
TXN0001870,0
TXN0049158,0
TXN0055823,0
TXN0016597,0
TXN0010907,0
TXN0057981,0
TXN0000149,0
TXN0000423,0
TXN0017792,0
TXN0032501,0
TXN0046829,0
TXN0016242,0
TXN0032453,0
TXN0017638,0
TXN0007090,0
TXN0030797,0
TXN0010996,0
TXN0051505,0
TXN0007672,0
TXN0003504,0
TXN0053802,0
TXN0035143,0
TXN0023622,0
TXN0017299,0
TXN0045720,0
TXN0014967,0
TXN0033929,0
TXN0000198,0
TXN0026861,0
TXN0001448,0
TXN0033815,0
TXN0037741,0
TXN0035286,0
TXN0027324,0
TXN0017417,0
TXN0022345,0
TXN0053978,0
TXN0052556,0
TXN0020207,0
TXN0015897,0
TXN0011670,0
TXN0016730,0
TXN0058615,0
TXN0050479,0
TXN0041333,0
TXN0016604,0
TXN0029216,0
TXN0046487,0
TXN0045277,0
TXN0059181,0
TXN0003529,0
TXN0049307,0
TXN0029671,0
TXN0058886,0
TXN0043342,0
TXN0024840,0
TXN0040896,0
TXN0031911,0
TXN0046990,0
TXN0044735,0
TXN0045075,0
TXN0026689,0
TXN0051979,0
TXN0010317,0
TXN0041790,0
TXN0050871,0
TXN0045143,0
TXN0043496,0
TXN0037269,0
TXN0021647,0
TXN0008318,0
TXN0019904,0
TXN0032056,0
TXN0026101,0
TXN0000242,0
TXN0005633,0
TXN0042066,0
TXN0003253,0
TXN0017208,0
TXN0058623,0
TXN0056630,0
TXN0056059,0
TXN0011026,0
TXN0011065,0
TXN0003539,0
TXN0001216,0
TXN0029679,0
TXN0002652,0
TXN0052298,0
TXN0021417,0
TXN0002571,0
TXN0040798,0
TXN0019110,0
TXN0024202,0
TXN0003229,0
TXN0037662,0
TXN0003290,0
TXN0020468,0
TXNS00710,1
TXN0025678,0
TXN0057165,0
TXN0005308,0
TXN0014240,0
TXN0026729,0
TXN0004362,0
TXN0041807,0
TXN0043941,0
TXN0017919,0
TXN0055432,0
TXN0052609,0
TXN0006925,0
TXN0052193,0
TXN0017074,0
TXN0022014,0
TXN0014181,0
TXN0040241,0
TXN0005880,0
TXN0020701,0
TXN0006184,0
TXN0026847,0
TXN0055906,0
TXN0021671,0
TXN0016131,0
TXN0016601,0
TXN0057788,0
TXN0037215,0
TXN0037021,0
TXN0019210,0
TXN0046074,0
TXN0048995,0
TXN0055422,0
TXN0057756,0
TXN0033888,0
TXN0031837,0
TXN0002900,0
TXN0029707,0
TXN0034360,0
TXN0000158,0
TXN0049129,0
TXN0046873,0
TXN0047692,0
TXN0038854,0
TXN0010016,0
TXN0058294,0
TXN0030452,0
TXN0013623,0
TXN0006262,0
TXN0038416,0
TXN0017999,0
TXN0031777,0
TXN0038722,0
TXN0009545,0
TXN0026005,0
TXN0036369,0
TXN0035275,0
TXN0016573,0
TXN0042440,0
TXN0021840,0
TXN0035867,0
TXN0039260,0
TXN0011838,0
TXN0027582,0
TXN0026496,0
TXN0035302,0
TXN0020985,0
TXN0003700,0
TXN0043366,0
TXN0024171,0
TXN0000322,0
TXN0032258,0
TXN0005294,0
TXN0041391,0
TXN0047205,0
TXN0057158,0
TXN0047826,0
TXN0026610,0
TXN0005411,0
TXN0022952,0
TXN0015780,0
TXN0044888,0
TXN0001357,0
TXN0039805,0
TXN0038154,0
TXN0054010,0
TXN0057905,0
TXN0014786,0
TXN0046047,0
TXN0008784,0
TXN0019704,0
TXN0045924,0
TXN0024876,0
TXN0013022,0
TXN0019557,0
TXN0011960,0
TXN0035907,0
TXN0041870,0
TXN0009062,0
TXN0007658,0
TXN0045617,0
TXN0035997,0
TXN0029752,0
TXN0011535,0
TXN0023748,0
TXN0037428,0
TXN0017987,0
TXN0028097,0
TXN0004719,0
TXN0005955,0
TXN0004469,0
TXN0049000,0
TXN0007096,0
TXN0008372,0
TXN0007774,0
TXN0013726,0
TXN0000817,0
TXN0046013,0
TXN0059362,0
TXN0048553,0
TXN0033285,0
TXN0046599,0
TXN0001850,0
TXN0005625,0
TXN0056169,0
TXN0034176,0
TXN0052189,0
TXN0016264,0
TXN0013506,0
TXN0044844,0
TXN0054702,0
TXN0018149,0
TXN0018780,0
TXN0010496,0
TXN0004914,0
TXN0029133,0
TXN0057470,0
TXN0006392,0
TXN0023293,0
TXN0018310,0
TXN0003305,0
TXN0005298,0
TXN0027833,0
TXN0011029,0
TXN0002385,0
TXN0039562,0
TXN0040819,0
TXN0007891,0
TXN0023577,0
TXN0042739,0
TXN0004256,0
TXN0040420,0
TXN0039956,0
TXN0005215,0
TXN0014606,0
TXN0022038,0
TXN0045367,0
TXN0019482,0
TXN0030190,0
TXN0056252,0
TXN0004817,0
TXN0013818,0
TXN0021870,0
TXN0016554,0
TXN0058098,0
TXN0054244,0
TXN0013742,0
TXN0031062,0
TXN0032494,0
TXN0004995,0
TXN0036326,0
TXN0047168,0
TXN0022961,0
TXN0046779,0
TXN0026877,0
TXN0032572,0
TXN0008620,0
TXN0021973,0
TXN0059810,0
TXN0058670,0
TXN0026744,0
TXN0015694,0
TXN0057768,0
TXN0011771,0
TXN0021247,0
TXN0058788,0
TXN0002813,0
TXN0036573,0
TXN0013290,0
TXN0055579,0
TXN0029420,0
TXN0056256,0
TXN0022478,0
TXN0030884,0
TXN0040789,0
TXN0059693,0
TXN0055340,0
TXN0031162,0
TXN0023249,0
TXN0021436,0
TXN0057683,0
TXN0043595,0
TXN0055115,0
TXN0058801,0
TXN0012005,0
TXN0053456,0
TXN0037595,0
TXN0044697,0
TXN0017541,0
TXN0052207,0
TXN0005862,0
TXN0013734,0
TXN0057114,0
TXN0050823,0
TXN0046272,0
TXN0059835,0
TXN0048726,0
TXN0055616,0
TXN0032878,0
TXN0023961,0
TXN0013651,0
TXN0009331,0
TXN0010525,0
TXN0035861,0
TXN0040504,0
TXN0035273,0
TXN0008825,0
TXN0030764,0
TXN0056227,0
TXN0030217,0
TXN0032932,0
TXN0040614,0
TXN0045547,0
TXN0055877,0
TXN0043255,0
TXN0026457,0
TXN0037369,0
TXN0029286,0
TXN0004058,0
TXN0031961,0
TXN0049621,0
TXN0013289,0
TXN0020465,0
TXN0007126,0
TXN0002194,0
TXN0032578,0
TXN0037155,0
TXN0059670,0
TXN0006582,0
TXN0041078,0
TXN0019349,0
TXN0026115,0
TXN0055570,0
TXN0058469,0
TXN0047171,0
TXN0052388,0
TXN0052147,0
TXN0053935,0
TXN0047429,0
TXN0033675,0
TXN0037002,0
TXN0050639,0
TXN0006417,0
TXN0026046,0
TXN0004459,0
TXN0057050,0
TXN0019132,0
TXN0001045,0
TXN0028944,0
TXN0044257,0
TXN0040507,0
TXN0043720,0
TXN0001876,0
TXN0044734,0
TXN0032823,0
TXN0014894,0
TXN0006227,0
TXN0025903,0
TXN0012838,0
TXN0055585,0
TXN0010287,0
TXN0026700,0
TXN0003462,0
TXN0001714,0
TXN0038747,0
TXN0032384,0
TXN0032032,0
TXN0045546,0
TXN0040410,0
TXN0038264,0
TXN0027731,0
TXN0017366,0
TXN0044730,0
TXN0014273,0
TXN0052919,0
TXN0046822,0
TXN0003994,0
TXN0020021,0
TXN0021858,0
TXN0010989,0
TXN0007335,0
TXN0010171,0
TXN0020907,0
TXN0044746,0
TXN0052994,0
TXN0005762,0
TXN0031900,0
TXN0005010,0
TXN0022756,0
TXN0031163,0
TXN0024068,0
TXN0053062,0
TXN0012603,0
TXN0007858,0
TXN0033587,0
TXN0048497,0
TXN0041085,0
TXN0046201,0
TXN0014169,0
TXN0033803,0
TXN0028232,0
TXN0020120,0
TXN0005455,0
TXN0035566,0
TXN0057975,0
TXN0009163,0
TXN0012783,0
TXN0032417,0
TXN0018380,0
TXN0026908,0
TXN0016890,0
TXN0007732,0
TXN0041239,0
TXN0035672,0
TXN0048691,0
TXN0053126,0
TXN0020761,0
TXN0006802,0
TXN0002372,0
TXN0011321,0
TXN0015190,0
TXN0053721,0
TXN0031942,0
TXN0055768,0
TXN0010197,0
TXN0007530,0
TXN0028374,0
TXN0033753,0
TXN0003507,0
TXN0017151,0
TXN0001012,0
TXN0026359,0
TXN0058162,0
TXN0055981,0
TXN0003023,0
TXN0056459,0
TXN0042357,0
TXN0015200,0
TXN0006381,0
TXN0007268,0
TXN0012932,0
TXN0011841,0
TXN0045866,0
TXN0032557,0
TXN0044474,0
TXN0057316,0
TXN0014343,0
TXN0057451,0
TXN0045691,0
TXN0047753,0
TXN0034197,0
TXN0000071,0
TXN0039162,0
TXN0004783,0
TXN0047559,0
TXN0054660,0
TXN0030942,0
TXN0053407,0
TXN0032062,0
TXN0028329,0
TXN0041768,0
TXN0007985,0
TXN0004504,0
TXNS00923,1
TXN0050415,0
TXN0007411,0
TXN0058779,0
TXN0042644,0
TXN0052468,0
TXN0028127,0
TXN0020321,0
TXN0010540,0
TXN0015662,0
TXN0022427,0
TXN0050936,0
TXN0045016,0
TXN0022803,0
TXN0053224,0
TXN0021913,0
TXN0030732,0
TXN0040964,0
TXN0014759,0
TXN0023690,0
TXN0006576,0
TXN0031380,0
TXN0039507,0
TXN0014768,0
TXN0027486,0
TXN0002188,0
TXN0055614,0
TXN0044881,0
TXN0053627,0
TXN0024270,0
TXN0013542,0
TXN0035071,0
TXN0002325,0
TXN0007183,0
TXN0050190,0
TXN0019815,0
TXN0023850,0
TXN0055314,0
TXN0059316,0
TXN0007234,0
TXN0051812,0
TXN0054030,0
TXN0052956,0
TXN0037747,0
TXN0019927,0
TXN0025098,0
TXN0040674,0
TXN0031330,0
TXN0024390,0
TXN0051876,0
TXN0000625,0
TXN0053754,0
TXN0026344,0
TXN0039467,0
TXN0039715,0
TXN0024432,0
TXN0006628,0
TXN0026828,0
TXN0033280,0
TXN0027336,0
TXN0013762,0
TXN0006205,0
TXN0012114,0
TXN0047179,0
TXN0030704,0
TXN0012496,0
TXN0046790,0
TXN0019474,0
TXN0050888,0
TXN0004585,0
TXN0026030,0
TXN0017416,0
TXN0011509,0
TXN0040607,0
TXN0041387,0
TXN0003806,0
TXN0035049,0
TXN0021744,0
TXN0008639,0
TXN0045769,0
TXN0003126,0
TXN0030864,0
TXN0025623,0
TXN0031503,0
TXN0051263,0
TXN0008465,0
TXN0005677,0
TXN0035540,0
TXN0019783,0
TXN0012160,0
TXN0043328,0
TXN0042312,0
TXN0015757,0
TXN0051732,0
TXN0052391,0
TXN0050147,0
TXN0028954,0
TXN0046166,0
TXN0048641,0
TXN0054363,0
TXN0000758,0
TXN0040574,0
TXN0007673,0
TXN0056737,0
TXN0004982,0
TXN0010946,0
TXN0019761,0
TXN0010460,0
TXN0059226,0
TXN0015984,0
TXN0042706,0
TXN0045905,0
TXN0013110,0
TXN0029149,0
TXN0052762,0
TXN0054866,0
TXN0022665,0
TXN0020148,0
TXN0052407,0
TXN0029578,0
TXN0016344,0
TXN0058389,0
TXN0015500,0
TXN0042834,0
TXN0009349,0
TXN0019609,0
TXN0005853,0
TXN0020966,0
TXN0036638,0
TXN0054332,0
TXN0050170,0
TXN0020996,0
TXN0008543,0
TXN0037868,0
TXN0027681,0
TXN0008113,0
TXN0004193,0
TXN0055119,0
TXN0035621,0
TXN0027706,0
TXN0054019,0
TXN0036879,0
TXN0024692,0
TXN0044277,0
TXN0048229,0
TXN0015469,0
TXN0021955,0
TXN0009052,0
TXN0056112,0
TXN0044771,0
TXN0014564,0
TXN0043104,0
TXN0004455,0
TXN0051734,0
TXN0005795,0
TXN0005264,0
TXN0029479,0
TXN0014261,0
TXN0004351,0
TXN0049468,0
TXN0012144,0
TXN0012208,0
TXN0017039,0
TXN0040414,0
TXN0030230,0
TXN0038887,0
TXN0042517,0
TXN0044630,0
TXN0051689,0
TXN0003910,0
TXN0015616,0
TXN0036272,0
TXN0058345,0
TXN0008875,0
TXN0057827,0
TXN0033445,0
TXN0002902,0
TXN0057637,0
TXN0042696,0
TXN0041175,0
TXN0051462,0
TXN0012837,0
TXN0013649,0
TXN0017871,0
TXN0000558,0
TXN0022060,0
TXN0057726,0
TXN0058022,0
TXN0051890,0
TXN0056299,0
TXN0013312,0
TXN0052334,0
TXN0010951,0
TXN0057388,0
TXN0004199,0
TXN0032755,0
TXN0017940,0
TXN0043725,0
TXN0016323,0
TXN0016776,0
TXN0016248,0
TXN0010657,0
TXN0001480,0
TXN0029549,0
TXN0011142,0
TXN0039272,0
TXN0043551,0
TXN0044596,0
TXN0016356,0
TXN0002156,0
TXN0012189,0
TXN0006811,0
TXN0038903,0
TXN0015609,0
TXN0043011,0
TXN0002554,0
TXN0009040,0
TXN0047472,0
TXN0034021,0
TXN0013941,0
TXN0050376,0
TXN0002848,0
TXN0031803,0
TXN0035936,0
TXN0003875,0
TXN0011902,0
TXN0007653,0
TXN0012387,0
TXN0051798,0
TXN0030500,0
TXN0046046,0
TXN0000836,0
TXN0009226,0
TXN0039942,0
TXN0042577,0
TXN0010125,0
TXN0048468,0
TXN0020911,0
TXN0020295,0
TXN0032354,0
TXN0030959,0
TXN0048657,0
TXN0034554,0
TXN0039006,0
TXN0002514,0
TXN0031975,0
TXN0022112,0
TXN0043889,0
TXN0004385,0
TXN0028212,0
TXN0006151,0
TXN0000745,0
TXN0055924,0
TXN0057677,0
TXN0029726,0
TXN0054907,0
TXN0057367,0
TXN0038425,0
TXN0017567,0
TXN0010458,0
TXN0003036,0
TXN0025655,0
TXN0059190,0
TXN0001682,0
TXN0037382,0
TXN0020657,0
TXN0006915,0
TXN0051887,0
TXN0029933,0
TXN0028249,0
TXN0047884,0
TXN0039007,0
TXN0050260,0
TXN0045950,0
TXN0018716,0
TXN0051580,0
TXN0047698,0
TXN0007558,0
TXN0011983,0
TXN0052622,0
TXN0003252,0
TXN0045214,0
TXN0040773,0
TXN0018879,0
TXN0054406,0
TXN0009192,0
TXN0027006,0
TXN0012590,0
TXN0014556,0
TXN0001343,0
TXN0047836,0
TXN0044696,0
TXN0056077,0
TXN0014019,0
TXN0031799,0
TXN0033416,0
TXN0006892,0
TXN0043823,0
TXN0048239,0
TXN0027479,0
TXN0015681,0
TXN0040898,0
TXN0008443,0
TXN0013641,0
TXN0038540,0
TXN0016584,0
TXN0017180,0
TXN0037064,0
TXN0002290,0
TXN0045307,0
TXN0031435,0
TXN0029922,0
TXN0027442,0
TXN0041748,0
TXN0009848,0
TXN0000413,0
TXN0002143,0
TXN0052818,0
TXN0053929,0
TXN0027465,0
TXN0021707,0
TXN0059427,0
TXN0037417,0
TXN0025657,0
TXN0059533,0
TXN0018629,0
TXN0059279,0
TXN0044147,0
TXN0028463,0
TXN0019382,0
TXN0007624,0
TXN0019723,0
TXN0047529,0
TXN0049022,0
TXN0048830,0
TXN0036896,0
TXN0002641,0
TXN0045238,0
TXN0005478,0
TXN0053952,0
TXN0010522,0
TXN0038788,0
TXN0015296,0
TXN0031808,0
TXN0024615,0
TXN0039118,0
TXN0022090,0
TXN0016348,0
TXN0042555,0
TXN0047128,0
TXN0002755,0
TXN0001377,0
TXN0012934,0
TXN0051479,0
TXN0039212,0
TXN0023759,0
TXN0059141,0
TXN0056817,0
TXN0007325,0
TXN0045557,0
TXN0045612,0
TXN0054505,0
TXN0006850,0
TXN0022051,0
TXN0032770,0
TXN0025725,0
TXN0012301,0
TXN0004851,0
TXN0032469,0
TXN0036520,0
TXN0058055,0
TXN0011088,0
TXN0054029,0
TXN0023343,0
TXN0023198,0
TXN0003022,0
TXN0036974,0
TXN0000857,0
TXN0002927,0
TXN0022468,0
TXN0028195,0
TXN0022305,0
TXN0047534,0
TXN0016159,0
TXN0039626,0
TXN0020896,0
TXN0010520,0
TXN0032610,0
TXN0055882,0
TXN0008899,0
TXN0026487,0
TXN0038901,0
TXN0015832,0
TXN0025427,0
TXN0035786,0
TXN0032858,0
TXN0043709,0
TXN0036757,0
TXN0017104,0
TXN0019302,0
TXN0012848,0
TXN0050377,0
TXN0046597,0
TXN0013656,0
TXN0017212,0
TXN0018398,0
TXN0030923,0
TXN0023460,0
TXN0042041,0
TXN0019983,0
TXN0002609,0
TXN0016516,0
TXN0055746,0
TXN0059504,0
TXN0045598,0
TXN0009572,0
TXN0042802,0
TXN0028186,0
TXN0049872,0
TXN0028624,0
TXN0042021,0
TXN0051909,0
TXN0019138,0
TXN0016670,0
TXN0045218,0
TXN0058846,0
TXN0024434,0
TXN0038702,0
TXN0017943,0
TXN0046139,0
TXN0043815,0
TXN0058728,0
TXN0011010,0
TXN0006848,0
TXN0059643,0
TXN0030245,0
TXN0000343,0
TXN0056430,0
TXN0026702,0
TXN0035206,0
TXN0043419,0
TXN0039503,0
TXN0043623,0
TXN0026410,0
TXN0011028,0
TXN0057189,0
TXN0014804,0
TXN0034000,0
TXN0010746,0
TXN0003714,0
TXN0056887,0
TXN0046310,0
TXN0037498,0
TXN0005389,0
TXN0041489,0
TXN0037733,0
TXN0047450,0
TXN0034671,0
TXN0050794,0
TXN0016379,0
TXN0015736,0
TXN0000156,0
TXN0040377,0
TXN0051708,0
TXN0039777,0
TXN0016700,0
TXN0039680,0
TXN0013451,0
TXN0012423,0
TXN0037252,0
TXN0032435,0
TXN0001503,0
TXN0023842,0
TXN0017056,0
TXN0015262,0
TXN0014933,0
TXN0022956,0
TXN0029772,0
TXN0026169,0
TXN0008180,0
TXN0019926,0
TXN0025627,0
TXN0019754,0
TXN0047175,0
TXN0012181,0
TXN0010243,0
TXN0051684,0
TXN0051673,0
TXN0031375,0
TXN0032086,0
TXN0015293,0
TXN0054580,0
TXN0037950,0
TXN0057850,0
TXN0059302,0
TXN0002495,0
TXN0026803,0
TXN0022364,0
TXN0042067,0
TXN0014584,0
TXN0048550,0
TXN0029993,0
TXN0055263,0
TXN0019126,0
TXN0030275,0
TXN0019224,0
TXN0053663,0
TXN0024516,0
TXN0045810,0
TXN0055431,0
TXN0012353,0
TXN0031690,0
TXN0049648,0
TXN0059352,0
TXN0022777,0
TXN0019809,0
TXN0019792,0
TXN0015363,0
TXN0022896,0
TXN0004844,0
TXN0024742,0
TXN0003289,0
TXN0037404,0
TXN0019496,0
TXN0002313,0
TXN0022826,0
TXN0034615,0
TXN0009128,0
TXN0016180,0
TXN0058712,0
TXN0058320,0
TXN0006946,0
TXN0028637,0
TXN0037602,0
TXN0003831,0
TXN0027519,0
TXN0039123,0
TXN0033179,0
TXN0050176,0
TXN0019388,0
TXN0051528,0
TXN0001720,0
TXN0045042,0
TXN0001092,0
TXN0016866,0
TXN0007918,0
TXN0015041,0
TXN0029834,0
TXN0056000,0
TXN0042100,0
TXN0053762,0
TXN0014448,0
TXN0031187,0
TXN0011786,0
TXN0014430,0
TXN0019453,0
TXN0028851,0
TXN0008962,0
TXN0037765,0
TXN0024200,0
TXN0039935,0
TXN0053333,0
TXN0008570,0
TXN0002825,0
TXN0018466,0
TXN0034730,0
TXN0050756,0
TXN0008889,0
TXN0034362,0
TXN0000297,0
TXN0056937,0
TXN0011475,0
TXN0036504,0
TXN0023846,0
TXN0033288,0
TXN0038341,0
TXN0001068,0
TXN0048865,0
TXN0038940,0
TXN0007356,0
TXN0051879,0
TXN0033806,0
TXN0004335,0
TXN0018107,0
TXN0025246,0
TXN0036626,0
TXN0005864,0
TXN0056952,0
TXN0032102,0
TXN0043014,0
TXN0026932,0
TXN0023263,0
TXN0043767,0
TXN0003401,0
TXN0046061,0
TXN0037184,0
TXN0057285,0
TXN0052842,0
TXN0045319,0
TXN0007831,0
TXN0021095,0
TXN0006748,0
TXN0021771,0
TXN0006420,0
TXN0009724,0
TXN0017319,0
TXN0057052,0
TXN0047910,0
TXN0034590,0
TXN0024140,0
TXN0055543,0
TXN0031648,0
TXN0006056,0
TXN0035295,0
TXN0054441,0
TXN0033255,0
TXN0003230,0
TXN0057111,0
TXN0021255,0
TXN0030250,0
TXN0024579,0
TXN0049505,0
TXN0040300,0
TXN0003976,0
TXN0017108,0
TXN0017498,0
TXN0036383,0
TXN0015404,0
TXN0005459,0
TXN0037730,0
TXN0045089,0
TXNR0242,1
TXN0057940,0
TXN0052366,0
TXN0004832,0
TXN0008343,0
TXN0035125,0
TXN0046268,0
TXN0001077,0
TXN0024192,0
TXN0054016,0
TXN0022965,0
TXN0036118,0
TXN0020571,0
TXN0058352,0
TXN0007365,0
TXN0036608,0
TXN0028701,0
TXN0043540,0
TXN0031894,0
TXN0003000,0
TXN0008760,0
TXN0041310,0
TXN0015695,0
TXN0020602,0
TXN0028046,0
TXN0052109,0
TXN0047626,0
TXN0042949,0
TXN0019685,0
TXN0033091,0
TXN0045299,0
TXN0037754,0
TXN0012628,0
TXN0022171,0
TXN0045388,0
TXN0043990,0
TXN0053589,0
TXN0030507,0
TXN0037330,0
TXN0040221,0
TXN0018527,0
TXN0058560,0
TXN0014944,0
TXN0015019,0
TXN0023856,0
TXN0050234,0
TXN0009165,0
TXN0021505,0
TXN0012622,0
TXN0055575,0
TXN0015013,0
TXN0002417,0
TXN0010339,0
TXN0021905,0
TXN0059779,0
TXN0040890,0
TXN0010557,0
TXN0004120,0
TXN0021056,0
TXN0033855,0
TXN0041140,0
TXN0016618,0
TXN0045665,0
TXN0022988,0
TXN0039581,0
TXN0029073,0
TXN0014682,0
TXN0034377,0
TXN0022767,0
TXN0002829,0
TXN0024079,0
TXN0009736,0
TXN0049132,0
TXN0020676,0
TXN0021377,0
TXN0047026,0
TXN0027449,0
TXN0054640,0
TXN0043386,0
TXN0004865,0
TXN0020268,0
TXN0031697,0
TXN0036518,0
TXN0000441,0
TXN0018188,0
TXN0034170,0
TXN0014700,0
TXN0037791,0
TXN0008414,0
TXN0029996,0
TXN0056653,0
TXN0029574,0
TXN0000195,0
TXN0020433,0
TXN0043126,0
TXN0002705,0
TXN0040987,0
TXN0018203,0
TXN0020237,0
TXN0014128,0
TXN0059149,0
TXN0015836,0
TXN0055011,0
TXN0028263,0
TXN0022029,0
TXN0053368,0
TXN0022883,0
TXN0030126,0
TXN0050366,0
TXN0048682,0
TXN0018534,0
TXN0022393,0
TXN0041288,0
TXN0045620,0
TXN0029537,0
TXN0056946,0
TXN0055801,0
TXN0001470,0
TXN0004559,0
TXN0018068,0
TXN0059592,0
TXN0027310,0
TXN0032418,0
TXN0004071,0
TXN0058451,0
TXN0029522,0
TXN0058125,0
TXN0029603,0
TXN0005894,0
TXN0048761,0
TXN0036200,0
TXN0028240,0
TXN0038035,0
TXN0000031,0
TXN0029887,0
TXN0018577,0
TXN0013791,0
TXN0002323,0
TXN0051963,0
TXN0027363,0
TXN0021528,0
TXN0058873,0
TXN0048284,0
TXN0045265,0
TXN0009841,0
TXN0012050,0
TXN0016349,0
TXN0001157,0
TXN0010413,0
TXN0038868,0
TXN0025633,0
TXN0030879,0
TXN0042889,0
TXN0054918,0
TXN0030777,0
TXN0049639,0
TXN0031304,0
TXN0033898,0
TXN0013129,0
TXN0003858,0
TXN0051935,0
TXN0040568,0
TXN0021632,0
TXN0037785,0
TXN0021544,0
TXN0002772,0
TXN0046586,0
TXN0004745,0
TXN0032936,0
TXN0022411,0
TXN0011250,0
TXN0023152,0
TXN0023680,0
TXN0030065,0
TXN0041236,0
TXN0027692,0
TXN0023001,0
TXN0035688,0
TXN0031176,0
TXN0027902,0
TXN0026733,0
TXN0031963,0
TXN0022874,0
TXN0020795,0
TXN0001788,0
TXN0002740,0
TXN0058231,0
TXN0040264,0
TXN0006427,0
TXN0050891,0
TXN0005908,0
TXN0003876,0
TXN0013586,0
TXN0040458,0
TXN0003433,0
TXN0053421,0
TXN0021779,0
TXN0004034,0
TXN0048452,0
TXN0018241,0
TXN0055550,0
TXN0018512,0
TXN0055684,0
TXN0053447,0
TXN0007290,0
TXN0020790,0
TXN0018389,0
TXN0046992,0
TXN0010890,0
TXN0053878,0
TXN0044595,0
TXN0042342,0
TXN0045297,0
TXN0027719,0
TXN0003161,0
TXN0027231,0
TXN0057299,0
TXN0026264,0
TXN0030305,0
TXN0030426,0
TXN0007078,0
TXN0049362,0
TXN0011789,0
TXN0026713,0
TXN0054451,0
TXN0031088,0
TXN0042221,0
TXN0058865,0
TXN0020916,0
TXN0002081,0
TXN0053920,0
TXN0015520,0
TXN0021020,0
TXN0022477,0
TXN0043658,0
TXN0050204,0
TXN0030073,0
TXN0002087,0
TXN0058705,0
TXN0050783,0
TXN0046198,0
TXN0037849,0
TXN0054221,0
TXN0042093,0
TXN0055577,0
TXN0024393,0
TXN0024012,0
TXN0040856,0
TXN0005685,0
TXN0033192,0
TXN0034530,0
TXN0006956,0
TXN0003296,0
TXN0000523,0
TXN0012409,0
TXN0018796,0
TXN0007962,0
TXN0050267,0
TXN0037506,0
TXN0012514,0
TXN0007789,0
TXN0032842,0
TXN0007517,0
TXN0005343,0
TXN0058825,0
TXN0014107,0
TXN0021802,0
TXN0056889,0
TXN0008409,0
TXN0038027,0
TXN0033042,0
TXN0041052,0
TXN0019428,0
TXNS00411,1
TXN0035723,0
TXN0000743,0
TXN0037293,0
TXN0006676,0
TXN0046613,0
TXN0013683,0
TXN0008586,0
TXN0025648,0
TXN0053037,0
TXN0003068,0
TXN0001654,0
TXN0033230,0
TXN0035363,0
TXN0014651,0
TXN0008231,0
TXN0035437,0
TXN0052506,0
TXN0020574,0
TXN0021720,0
TXN0013857,0
TXN0012261,0
TXN0003759,0
TXN0037689,0
TXN0002676,0
TXN0006585,0
TXN0010098,0
TXN0005130,0
TXN0007779,0
TXN0028772,0
TXN0014354,0
TXN0043956,0
TXN0029836,0
TXN0001930,0
TXN0020549,0
TXN0059749,0
TXN0025713,0
TXN0054025,0
TXN0020825,0
TXN0024062,0
TXN0054023,0
TXN0055808,0
TXN0005046,0
TXN0040453,0
TXN0046596,0
TXN0007505,0
TXN0012791,0
TXN0003125,0
TXN0023146,0
TXN0013572,0
TXN0008393,0
TXN0053852,0
TXN0017115,0
TXN0038430,0
TXN0010250,0
TXN0031249,0
TXN0046503,0
TXN0026124,0
TXN0023015,0
TXN0044588,0
TXN0023305,0
TXN0052860,0
TXN0020508,0
TXN0007459,0
TXN0043439,0
TXN0036549,0
TXN0049266,0
TXN0052038,0
TXN0039396,0
TXN0006365,0
TXN0014533,0
TXN0049301,0
TXN0005923,0
TXN0010044,0
TXN0046758,0
TXN0011018,0
TXN0035555,0
TXN0043480,0
TXN0010992,0
TXN0008648,0
TXN0047286,0
TXN0046129,0
TXN0014845,0
TXN0050658,0
TXN0046354,0
TXN0054368,0
TXN0056421,0
TXN0018596,0
TXN0055938,0
TXN0009568,0
TXN0034994,0
TXN0032034,0
TXN0010347,0
TXN0012894,0
TXN0057700,0
TXN0040095,0
TXN0045324,0
TXN0052706,0
TXN0000883,0
TXN0032906,0
TXN0037644,0
TXN0025977,0
TXN0015074,0
TXN0057223,0
TXN0033589,0
TXN0057562,0
TXN0003610,0
TXN0023278,0
TXN0057635,0
TXN0017306,0
TXN0029925,0
TXN0026628,0
TXN0002464,0
TXN0001185,0
TXN0056025,0
TXN0039013,0
TXN0050752,0
TXN0009506,0
TXN0050203,0
TXN0037127,0
TXN0019373,0
TXN0053673,0
TXN0014000,0
TXN0002499,0
TXN0008057,0
TXN0027736,0
TXN0055060,0
TXN0032212,0
TXN0013902,0
TXN0047792,0
TXN0005540,0
TXN0024540,0
TXN0041782,0
TXN0013664,0
TXN0035280,0
TXN0044783,0
TXN0026699,0
TXN0032566,0
TXN0048088,0
TXN0038718,0
TXN0057754,0
TXN0034910,0
TXN0026444,0
TXN0026587,0
TXN0051340,0
TXN0042282,0
TXN0043537,0
TXN0050722,0
TXN0039312,0
TXN0036605,0
TXN0034868,0
TXN0040850,0
TXN0056934,0
TXN0007342,0
TXN0030103,0
TXN0021861,0
TXN0051815,0
TXN0036653,0
TXN0027508,0
TXN0037236,0
TXN0017523,0
TXN0058783,0
TXN0049881,0
TXN0005005,0
TXN0047213,0
TXN0043374,0
TXN0055262,0
TXN0057941,0
TXN0000640,0
TXN0031710,0
TXN0020741,0
TXN0046943,0
TXN0007294,0
TXN0042859,0
TXN0002875,0
TXN0032810,0
TXN0056494,0
TXN0023965,0
TXN0055545,0
TXN0053962,0
TXN0017713,0
TXN0000248,0
TXN0021165,0
TXN0009324,0
TXN0020179,0
TXN0006034,0
TXN0038472,0
TXN0012544,0
TXN0028449,0
TXN0017395,0
TXN0016675,0
TXN0011873,0
TXN0031372,0
TXN0030757,0
TXN0051083,0
TXN0014029,0
TXN0005503,0
TXN0036836,0
TXN0043176,0
TXN0057613,0
TXN0028957,0
TXN0025646,0
TXN0046079,0
TXN0004816,0
TXN0018294,0
TXN0055046,0
TXN0043885,0
TXN0058850,0
TXN0041436,0
TXN0044017,0
TXN0003607,0
TXN0016701,0
TXN0014049,0
TXN0053318,0
TXN0052934,0
TXN0059221,0
TXN0058221,0
TXN0020979,0
TXN0009440,0
TXN0032657,0
TXN0046899,0
TXN0002732,0
TXN0015655,0
TXN0019985,0
TXN0002624,0
TXN0015597,0
TXN0046257,0
TXN0015744,0
TXN0020913,0
TXN0035078,0
TXN0050410,0
TXN0008850,0
TXN0036278,0
TXN0057261,0
TXN0020613,0
TXN0045103,0
TXN0020088,0
TXN0005354,0
TXN0044429,0
TXN0056816,0
TXN0032039,0
TXN0044079,0
TXN0036452,0
TXN0043184,0
TXN0014940,0
TXN0041681,0
TXN0057403,0
TXN0008322,0
TXN0009750,0
TXN0057446,0
TXN0002211,0
TXN0053194,0
TXN0025088,0
TXN0007519,0
TXN0037882,0
TXN0026611,0
TXN0025267,0
TXN0055246,0
TXN0037431,0
TXN0034114,0
TXN0030520,0
TXN0035100,0
TXN0050544,0
TXN0042738,0
TXN0026976,0
TXN0007544,0
TXN0018957,0
TXN0007153,0
TXN0023887,0
TXN0047944,0
TXN0043398,0
TXN0030153,0
TXN0052069,0
TXN0018197,0
TXN0031193,0
TXN0052316,0
TXN0005553,0
TXN0050856,0
TXN0022922,0
TXN0000407,0
TXN0050874,0
TXN0041053,0
TXN0041463,0
TXN0020214,0
TXN0002284,0
TXN0051994,0
TXN0017644,0
TXN0054360,0
TXN0031767,0
TXN0043193,0
TXN0044744,0
TXN0023317,0
TXN0001417,0
TXN0038226,0
TXN0015983,0
TXN0048059,0
TXN0010602,0
TXN0011107,0
TXN0021229,0
TXN0053088,0
TXN0040839,0
TXN0008647,0
TXN0025674,0
TXN0013643,0
TXN0003481,0
TXN0056507,0
TXN0040518,0
TXN0056955,0
TXN0008582,0
TXN0050744,0
TXN0053428,0
TXN0040951,0
TXN0029110,0
TXN0016948,0
TXN0015294,0
TXN0057665,0
TXN0046960,0
TXN0058406,0
TXN0047820,0
TXN0020763,0
TXN0043562,0
TXN0038039,0
TXN0017525,0
TXN0024445,0
TXN0013511,0
TXN0008224,0
TXN0045497,0
TXN0040442,0
TXN0012936,0
TXN0027274,0
TXN0006215,0
TXN0010026,0
TXN0008093,0
TXN0003351,0
TXN0022497,0
TXN0009240,0
TXN0046870,0
TXN0032052,0
TXN0045488,0
TXN0025200,0
TXN0034823,0
TXN0007441,0
TXN0049618,0
TXN0047676,0
TXN0045055,0
TXN0033692,0
TXN0030033,0
TXN0055697,0
TXN0005186,0
TXN0027147,0
TXN0018924,0
TXN0018417,0
TXN0045069,0
TXN0042198,0
TXN0042625,0
TXN0019568,0
TXN0002401,0
TXN0031374,0
TXN0016419,0
TXN0048266,0
TXN0008976,0
TXN0000267,0
TXN0010814,0
TXN0003108,0
TXN0008883,0
TXN0040925,0
TXN0022085,0
TXN0030357,0
TXN0000862,0
TXN0058263,0
TXN0000474,0
TXN0023415,0
TXN0014013,0
TXN0027891,0
TXN0033221,0
TXN0004867,0
TXN0041076,0
TXN0006981,0
TXN0043141,0
TXN0005746,0
TXN0000214,0
TXN0038240,0
TXN0000712,0
TXN0005040,0
TXN0038564,0
TXN0032639,0
TXN0036391,0
TXN0001131,0
TXN0030148,0
TXN0055978,0
TXN0050145,0
TXN0031790,0
TXN0007963,0
TXN0033316,0
TXN0005245,0
TXN0014321,0
TXN0014458,0
TXN0016707,0
TXN0018283,0
TXN0009803,0
TXN0017475,0
TXN0006882,0
TXN0054722,0
TXN0006810,0
TXN0059902,0
TXN0057821,0
TXN0005304,0
TXN0045812,0
TXN0012781,0
TXN0008808,0
TXN0041428,0
TXN0026938,0
TXN0037543,0
TXN0017941,0
TXN0013943,0
TXN0047270,0
TXN0006261,0
TXN0023865,0
TXN0008345,0
TXN0053021,0
TXN0028829,0
TXN0047392,0
TXN0007635,0
TXN0050762,0
TXN0036128,0
TXN0017313,0
TXN0017179,0
TXN0027600,0
TXN0019273,0
TXN0015135,0
TXN0040698,0
TXN0003049,0
TXN0006217,0
TXN0027515,0
TXN0000049,0
TXN0028076,0
TXN0049566,0
TXN0025636,0
TXN0023662,0
TXN0006529,0
TXN0046833,0
TXN0055734,0
TXN0017724,0
TXN0055557,0
TXN0008022,0
TXN0012591,0
TXN0002943,0
TXN0002337,0
TXN0059971,0
TXN0055965,0
TXN0050360,0
TXN0041317,0
TXN0056174,0
TXN0050616,0
TXN0058227,0
TXN0035657,0
TXN0050092,0
TXN0051138,0
TXN0051510,0
TXN0056385,0
TXN0008365,0
TXN0054893,0
TXN0012400,0
TXN0021132,0
TXN0035404,0
TXN0051020,0
TXN0016158,0
TXN0000419,0
TXN0023376,0
TXN0039609,0
TXN0005794,0
TXN0013624,0
TXN0015291,0
TXN0020211,0
TXN0057400,0
TXN0059471,0
TXN0033515,0
TXN0034089,0
TXN0048109,0
TXN0011732,0
TXN0057991,0
TXN0054442,0
TXN0002020,0
TXN0003027,0
TXN0034927,0
TXN0051256,0
TXN0003243,0
TXN0033540,0
TXN0050584,0
TXNS00603,1
TXN0046134,0
TXN0020861,0
TXN0016969,0
TXN0050403,0
TXN0043632,0
TXN0047960,0
TXN0022317,0
TXN0004082,0
TXN0014938,0
TXN0027910,0
TXN0027287,0
TXN0024420,0
TXN0026684,0
TXN0028289,0
TXN0033112,0
TXN0009326,0
TXN0013090,0
TXN0053580,0
TXN0031565,0
TXN0007142,0
TXN0043737,0
TXN0058139,0
TXN0012536,0
TXN0045930,0
TXN0048076,0
TXN0024764,0
TXN0035675,0
TXN0030274,0
TXN0054651,0
TXN0003663,0
TXN0009744,0
TXN0029704,0
TXN0017692,0
TXN0049094,0
TXN0008344,0
TXN0032395,0
TXN0006113,0
TXN0030738,0
TXN0057729,0
TXN0021382,0
TXN0055794,0
TXN0034619,0
TXN0027612,0
TXN0022510,0
TXN0040689,0
TXN0046360,0
TXN0012472,0
TXN0042265,0
TXN0057362,0
TXN0010280,0
TXN0052775,0
TXN0001952,0
TXN0041549,0
TXN0019437,0
TXN0002086,0
TXN0051234,0
TXN0011749,0
TXN0006143,0
TXN0032529,0
TXN0051301,0
TXN0031277,0
TXN0027735,0
TXN0027842,0
TXN0018794,0
TXN0035671,0
TXN0048829,0
TXN0020902,0
TXN0005987,0
TXN0038511,0
TXN0039330,0
TXN0003643,0
TXN0024792,0
TXN0007247,0
TXN0056200,0
TXN0046034,0
TXN0023114,0
TXN0034175,0
TXN0011153,0
TXN0051133,0
TXN0017549,0
TXN0030862,0
TXN0059198,0
TXN0001057,0
TXN0028197,0
TXN0006923,0
TXN0011872,0
TXN0022730,0
TXN0035528,0
TXN0002799,0
TXN0012153,0
TXN0021714,0
TXN0053825,0
TXN0051592,0
TXN0038441,0
TXN0044375,0
TXN0030671,0
TXN0037800,0
TXN0054461,0
TXN0048087,0
TXN0058957,0
TXN0010325,0
TXN0036198,0
TXN0011980,0
TXN0046328,0
TXN0005579,0
TXN0007540,0
TXN0044804,0
TXN0012737,0
TXN0014300,0
TXN0058381,0
TXN0050781,0
TXN0013748,0
TXN0058077,0
TXN0051121,0
TXN0019485,0
TXN0038504,0
TXN0039686,0
TXN0056467,0
TXN0001668,0
TXN0010653,0
TXN0047731,0
TXN0044934,0
TXN0031789,0
TXN0056855,0
TXN0047206,0
TXN0017960,0
TXN0028953,0
TXN0055536,0
TXN0057138,0
TXN0041928,0
TXN0012966,0
TXN0004919,0
TXN0006016,0
TXN0011702,0
TXN0038186,0
TXN0001032,0
TXN0048779,0
TXN0017688,0
TXN0014668,0
TXN0003777,0
TXN0017024,0
TXN0052335,0
TXN0042852,0
TXN0006244,0
TXN0057201,0
TXN0003486,0
TXN0036783,0
TXN0002480,0
TXN0055779,0
TXN0031356,0
TXN0030002,0
TXN0000354,0
TXN0042730,0
TXN0040470,0
TXN0015177,0
TXN0026100,0
TXN0025997,0
TXN0026466,0
TXN0038955,0
TXN0058187,0
TXN0059094,0
TXN0038984,0
TXN0052993,0
TXN0018536,0
TXN0026980,0
TXN0057359,0
TXN0051998,0
TXN0039746,0
TXN0014619,0
TXN0058088,0
TXN0034475,0
TXN0026237,0
TXN0050973,0
TXN0019652,0
TXN0036985,0
TXN0020629,0
TXN0041008,0
TXN0056744,0
TXN0012824,0
TXN0040858,0
TXN0009992,0
TXN0041211,0
TXN0038917,0
TXN0054331,0
TXN0058330,0
TXN0051025,0
TXN0008225,0
TXN0048436,0
TXN0033048,0
TXN0039475,0
TXN0057915,0
TXN0025858,0
TXN0046743,0
TXN0050804,0
TXN0014402,0
TXN0020489,0
TXN0033052,0
TXN0022255,0
TXN0033838,0
TXN0051035,0
TXN0042720,0
TXN0053987,0
TXN0058247,0
TXN0056535,0
TXN0053066,0
TXN0021965,0
TXN0022954,0
TXN0043067,0
TXN0040436,0
TXN0003028,0
TXN0059010,0
TXN0036138,0
TXN0010772,0
TXN0026208,0
TXN0038222,0
TXN0010192,0
TXN0026383,0
TXN0041114,0
TXN0030376,0
TXN0005473,0
TXN0024165,0
TXN0031649,0
TXN0044168,0
TXN0025667,0
TXN0045130,0
TXN0019588,0
TXN0031343,0
TXN0040000,0
TXN0011521,0
TXN0022517,0
TXN0033232,0
TXN0018484,0
TXN0004542,0
TXN0036443,0
TXN0040895,0
TXN0026948,0
TXN0046161,0
TXN0039314,0
TXN0026848,0
TXN0021546,0
TXN0059577,0
TXN0020194,0
TXN0049016,0
TXN0034690,0
TXN0020616,0
TXN0059938,0
TXN0015292,0
TXN0023909,0
TXN0003169,0
TXN0054520,0
TXN0006308,0
TXN0034199,0
TXN0009005,0
TXN0018455,0
TXN0033938,0
TXN0019172,0
TXN0010210,0
TXN0031549,0
TXN0013447,0
TXN0033354,0
TXN0001418,0
TXN0054983,0
TXN0033233,0
TXN0016273,0
TXN0028823,0
TXN0056694,0
TXN0026089,0
TXN0025794,0
TXN0018698,0
TXN0022279,0
TXN0051447,0
TXN0004831,0
TXN0014092,0
TXN0010755,0
TXN0022146,0
TXN0022817,0
TXN0020164,0
TXN0019949,0
TXN0054232,0
TXN0021634,0
TXN0050104,0
TXN0006501,0
TXN0001487,0
TXN0023751,0
TXN0055198,0
TXN0006354,0
TXN0027283,0
TXN0014018,0
TXN0005418,0
TXN0037247,0
TXN0038447,0
TXN0018783,0
TXN0004336,0
TXN0049020,0
TXN0019393,0
TXN0025955,0
TXN0034343,0
TXN0040506,0
TXN0056436,0
TXN0042772,0
TXN0051959,0
TXN0047844,0
TXN0027752,0
TXN0045291,0
TXN0021897,0
TXN0021678,0
TXN0042362,0
TXN0033020,0
TXN0016112,0
TXN0058710,0
TXN0058443,0
TXN0001190,0
TXN0009026,0
TXN0044270,0
TXN0045370,0
TXN0023213,0
TXN0057445,0
TXN0003912,0
TXN0048840,0
TXN0022396,0
TXN0006043,0
TXN0019724,0
TXN0034193,0
TXN0045385,0
TXN0005881,0
TXN0057467,0
TXN0059076,0
TXN0041927,0
TXN0034093,0
TXN0031927,0
TXN0048727,0
TXN0009053,0
TXN0009225,0
TXN0024024,0
TXN0030191,0
TXN0015035,0
TXN0001594,0
TXN0011638,0
TXN0047314,0
TXN0040240,0
TXN0059321,0
TXN0051630,0
TXN0016141,0
TXN0002181,0
TXN0043144,0
TXN0047455,0
TXN0015368,0
TXN0012027,0
TXN0049686,0
TXN0004530,0
TXN0034264,0
TXN0007359,0
TXN0007030,0
TXN0034408,0
TXN0055709,0
TXN0032445,0
TXN0054293,0
TXN0021926,0
TXN0038602,0
TXN0020850,0
TXN0050568,0
TXN0059189,0
TXN0055911,0
TXN0023443,0
TXN0018379,0
TXN0024905,0
TXN0034522,0
TXN0004726,0
TXN0023700,0
TXN0014090,0
TXN0048913,0
TXN0027342,0
TXN0038876,0
TXN0028755,0
TXN0013702,0
TXN0052846,0
TXN0006467,0
TXN0006755,0
TXN0017617,0
TXN0049370,0
TXN0035926,0
TXN0047794,0
TXN0043840,0
TXN0018200,0
TXN0035087,0
TXN0011813,0
TXN0025880,0
TXN0035064,0
TXN0028073,0
TXN0009381,0
TXN0052104,0
TXN0033446,0
TXN0041731,0
TXN0031995,0
TXN0058404,0
TXN0004538,0
TXN0030258,0
TXN0038283,0
TXN0041233,0
TXN0047194,0
TXN0005645,0
TXN0021160,0
TXN0034982,0
TXN0036350,0
TXN0009207,0
TXN0002916,0
TXN0007596,0
TXN0011380,0
TXN0017836,0
TXN0004928,0
TXN0044201,0
TXN0039537,0
TXN0049026,0
TXN0019635,0
TXN0025620,0
TXN0013197,0
TXN0049095,0
TXN0025414,0
TXN0047858,0
TXN0037267,0
TXN0056588,0
TXN0037967,0
TXN0014871,0
TXN0013889,0
TXN0044470,0
TXN0053782,0
TXN0021333,0
TXN0002987,0
TXN0000052,0
TXN0041132,0
TXN0053691,0
TXN0025055,0
TXN0033088,0
TXN0042064,0
TXN0032266,0
TXN0025953,0
TXN0028650,0
TXN0037611,0
TXN0055477,0
TXN0023044,0
TXN0058682,0
TXN0028918,0
TXN0037508,0
TXN0024902,0
TXN0031572,0
TXN0051169,0
TXN0046846,0
TXN0055193,0
TXN0021854,0
TXN0018590,0
TXN0034822,0
TXN0057832,0
TXN0005236,0
TXN0018685,0
TXN0017224,0
TXN0048952,0
TXN0001413,0
TXN0026637,0
TXN0033247,0
TXN0056008,0
TXN0015280,0
TXN0047278,0
TXN0012340,0
TXN0018012,0
TXN0042302,0
TXN0014359,0
TXN0029591,0
TXN0033185,0
TXN0045634,0
TXN0026931,0
TXN0008569,0
TXN0002161,0
TXN0015999,0
TXN0009813,0
TXN0016657,0
TXN0049982,0
TXN0002404,0
TXN0011487,0
TXN0024228,0
TXN0035589,0
TXN0042253,0
TXN0056115,0
TXN0035728,0
TXN0047786,0
TXN0003624,0
TXN0031119,0
TXN0056804,0
TXN0042569,0
TXN0052568,0
TXN0001784,0
TXN0032662,0
TXN0044202,0
TXN0032616,0
TXN0019107,0
TXN0051946,0
TXN0002627,0
TXN0051487,0
TXN0054394,0
TXN0029740,0
TXN0038261,0
TXN0037604,0
TXN0038846,0
TXN0024625,0
TXN0015910,0
TXN0009625,0
TXN0019419,0
TXN0028576,0
TXN0050289,0
TXN0037187,0
TXN0020944,0
TXN0024653,0
TXN0002178,0
TXN0036225,0
TXN0055456,0
TXN0024983,0
TXN0017595,0
TXN0001851,0
TXN0051343,0
TXN0011897,0
TXN0023919,0
TXN0024664,0
TXN0029213,0
TXN0035005,0
TXN0058962,0
TXN0057676,0
TXN0027259,0
TXN0047034,0
TXN0043224,0
TXN0051471,0
TXN0040472,0
TXN0053873,0
TXN0025388,0
TXN0033891,0
TXN0000516,0
TXN0003705,0
TXN0053154,0
TXN0046398,0
TXN0036052,0
TXN0046224,0
TXN0048316,0
TXN0034115,0
TXN0003859,0
TXN0033562,0
TXN0023166,0
TXN0023647,0
TXN0004116,0
TXN0052574,0
TXN0026901,0
TXN0029297,0
TXN0055587,0
TXN0051289,0
TXN0021144,0
TXN0004550,0
TXN0042488,0
TXN0046770,0
TXN0044493,0
TXN0025447,0
TXN0025182,0
TXN0054409,0
TXN0032448,0
TXN0048663,0
TXN0018494,0
TXN0055977,0
TXN0013906,0
TXN0054496,0
TXN0024296,0
TXN0001516,0
TXN0026603,0
TXN0017546,0
TXN0017526,0
TXN0032783,0
TXN0016694,0
TXN0004670,0
TXN0001289,0
TXN0017389,0
TXN0034942,0
TXN0039845,0
TXN0056116,0
TXN0013120,0
TXN0050825,0
TXN0001976,0
TXN0012169,0
TXN0034399,0
TXN0053172,0
TXN0036022,0
TXN0006235,0
TXN0054856,0
TXN0030696,0
TXN0052354,0
TXN0036886,0
TXN0020227,0
TXN0045111,0
TXN0004456,0
TXN0056620,0
TXN0016298,0
TXN0000657,0
TXN0041852,0
TXN0056928,0
TXN0011505,0
TXN0012627,0
TXN0044294,0
TXN0034394,0
TXN0005388,0
TXN0014540,0
TXN0034697,0
TXN0003257,0
TXN0028509,0
TXN0027142,0
TXN0035828,0
TXN0024848,0
TXN0019484,0
TXN0045330,0
TXN0047743,0
TXN0006186,0
TXN0004779,0
TXN0024167,0
TXN0036470,0
TXN0008920,0
TXN0010318,0
TXN0028978,0
TXN0000038,0
TXN0028518,0
TXN0034025,0
TXN0055888,0
TXN0055363,0
TXN0025690,0
TXN0010955,0
TXN0040360,0
TXN0051366,0
TXN0034298,0
TXN0059223,0
TXN0053020,0
TXN0042310,0
TXN0057522,0
TXN0044960,0
TXN0053471,0
TXN0034535,0
TXN0007460,0
TXN0030113,0
TXN0006567,0
TXN0007895,0
TXN0027694,0
TXN0050994,0
TXN0043808,0
TXN0000075,0
TXN0058211,0
TXN0000316,0
TXN0052108,0
TXN0022915,0
TXN0014896,0
TXN0045566,0
TXN0043167,0
TXN0027110,0
TXN0001841,0
TXN0031220,0
TXN0002386,0
TXN0030931,0
TXN0051434,0
TXN0043724,0
TXN0058401,0
TXN0012372,0
TXN0038809,0
TXN0003349,0
TXN0017466,0
TXN0057841,0
TXN0004911,0
TXN0055411,0
TXN0034067,0
TXN0018461,0
TXN0013399,0
TXN0037147,0
TXN0048398,0
TXN0045978,0
TXN0030883,0
TXN0016739,0
TXN0056409,0
TXN0010644,0
TXN0053152,0
TXN0012345,0
TXN0000742,0
TXN0057455,0
TXN0053533,0
TXN0010104,0
TXN0057794,0
TXN0044322,0
TXN0036195,0
TXN0024699,0
TXN0022367,0
TXN0048822,0
TXN0039058,0
TXN0016039,0
TXN0052163,0
TXN0056118,0
TXN0050277,0
TXN0037501,0
TXN0020807,0
TXN0000344,0
TXN0047805,0
TXN0031801,0
TXN0036871,0
TXN0030969,0
TXN0014851,0
TXN0027577,0
TXN0041244,0
TXN0039921,0
TXN0044043,0
TXN0056765,0
TXN0017020,0
TXN0018905,0
TXN0011347,0
TXN0003795,0
TXN0001458,0
TXN0032098,0
TXN0013959,0
TXN0021084,0
TXN0004623,0
TXN0006231,0
TXN0013863,0
TXN0004845,0
TXN0046242,0
TXN0040859,0
TXN0014313,0
TXN0019246,0
TXN0052132,0
TXN0023568,0
TXN0019863,0
TXN0059819,0
TXN0054690,0
TXN0017278,0
TXN0023962,0
TXN0059194,0
TXN0039195,0
TXN0039834,0
TXN0046446,0
TXN0018737,0
TXN0008746,0
TXN0007518,0
TXN0038851,0
TXN0023922,0
TXN0042774,0
TXN0046630,0
TXN0048571,0
TXN0014771,0
TXN0001796,0
TXN0020779,0
TXN0022691,0
TXN0030901,0
TXN0051444,0
TXN0006361,0
TXN0011438,0
TXN0020041,0
TXN0048276,0
TXN0006350,0
TXN0033802,0
TXN0053064,0
TXN0045797,0
TXN0003612,0
TXN0045050,0
TXN0013061,0
TXN0000816,0
TXN0016889,0
TXN0050879,0
TXN0016140,0
TXN0025326,0
TXN0018191,0
TXN0036844,0
TXN0006224,0
TXN0017203,0
TXN0052077,0
TXN0052790,0
TXN0044715,0
TXN0050172,0
TXN0046948,0
TXN0047180,0
TXN0013040,0
TXN0028116,0
TXN0041444,0
TXN0004291,0
TXN0042414,0
TXN0046086,0
TXN0053248,0
TXN0006465,0
TXN0039327,0
TXN0025031,0
TXN0039888,0
TXN0055336,0
TXN0032867,0
TXN0022220,0
TXN0021667,0
TXN0046509,0
TXN0051213,0
TXN0006079,0
TXN0023941,0
TXN0033013,0
TXN0019402,0
TXN0054853,0
TXN0035544,0
TXN0011570,0
TXN0054939,0
TXN0048309,0
TXN0039988,0
TXN0032389,0
TXN0019527,0
TXN0030381,0
TXN0037063,0
TXN0050854,0
TXN0044059,0
TXN0056408,0
TXN0002906,0
TXN0009811,0
TXN0058489,0
TXN0023059,0
TXN0019599,0
TXN0017683,0
TXN0036429,0
TXN0001945,0
TXN0059300,0
TXN0059676,0
TXN0011220,0
TXN0043117,0
TXN0050754,0
TXN0017437,0
TXN0027466,0
TXN0004296,0
TXN0030332,0
TXN0052415,0
TXN0032607,0
TXN0013253,0
TXN0008807,0
TXN0006250,0
TXN0018495,0
TXN0038380,0
TXN0050347,0
TXN0025166,0
TXN0052239,0
TXN0033968,0
TXN0043364,0
TXN0026405,0
TXN0030700,0
TXN0028105,0
TXN0021104,0
TXN0010743,0
TXN0027739,0
TXN0000791,0
TXN0052670,0
TXN0014187,0
TXN0047062,0
TXN0004988,0
TXN0021687,0
TXN0051081,0
TXN0032630,0
TXN0032942,0
TXN0040068,0
TXN0024378,0
TXN0040793,0
TXN0033619,0
TXN0050096,0
TXN0041010,0
TXN0047006,0
TXN0021349,0
TXN0012949,0
TXN0039621,0
TXN0057534,0
TXN0052012,0
TXN0041222,0
TXN0006807,0
TXN0041837,0
TXN0050405,0
TXN0037435,0
TXN0022782,0
TXN0038433,0
TXN0008023,0
TXN0003434,0
TXN0031421,0
TXN0058387,0
TXN0001107,0
TXN0057268,0
TXN0050411,0
TXN0006824,0
TXN0004882,0
TXN0045456,0
TXN0008821,0
TXN0006179,0
TXN0044293,0
TXN0023374,0
TXN0058711,0
TXN0002146,0
TXN0026010,0
TXN0051358,0
TXN0011472,0
TXN0059187,0
TXN0035251,0
TXN0059315,0
TXN0033601,0
TXN0023912,0
TXN0026275,0
TXN0058981,0
TXN0044736,0
TXN0010783,0
TXN0052967,0
TXN0034499,0
TXN0037589,0
TXN0048656,0
TXN0018524,0
TXN0038618,0
TXN0034877,0
TXN0048914,0
TXN0030042,0
TXN0023951,0
TXN0059928,0
TXN0026259,0
TXN0005165,0
TXN0049578,0
TXN0001675,0
TXN0052592,0
TXN0044442,0
TXN0040942,0
TXN0047803,0
TXN0026621,0
TXN0004707,0
TXN0002585,0
TXN0006835,0
TXN0055573,0
TXN0032787,0
TXN0026922,0
TXN0040666,0
TXN0029597,0
TXN0047308,0
TXN0025238,0
TXN0030965,0
TXN0043487,0
TXN0019811,0
TXN0023592,0
TXN0019214,0
TXN0038970,0
TXN0034848,0
TXN0043882,0
TXN0039186,0
TXN0036274,0
TXN0027267,0
TXN0037014,0
TXN0000349,0
TXN0014174,0
TXN0004277,0
TXN0041134,0
TXN0005121,0
TXN0006017,0
TXN0021484,0
TXN0017286,0
TXN0047689,0
TXN0001034,0
TXN0000233,0
TXN0022334,0
TXN0035937,0
TXN0010823,0
TXN0019497,0
TXN0040735,0
TXN0057298,0
TXN0038194,0
TXN0000579,0
TXN0042934,0
TXN0041030,0
TXN0024389,0
TXN0014158,0
TXN0001331,0
TXN0050334,0
TXN0027627,0
TXN0053052,0
TXN0004293,0
TXN0055489,0
TXN0036121,0
TXN0059717,0
TXN0014791,0
TXN0052139,0
TXN0011034,0
TXN0000630,0
TXN0044514,0
TXN0021489,0
TXN0012830,0
TXN0005042,0
TXN0030489,0
TXN0025948,0
TXN0016245,0
TXN0015197,0
TXN0044371,0
TXN0020475,0
TXN0037959,0
TXN0009378,0
TXN0051650,0
TXN0037897,0
TXN0018119,0
TXN0006367,0
TXN0014757,0
TXN0025853,0
TXN0032776,0
TXN0014881,0
TXN0008410,0
TXN0007003,0
TXN0056163,0
TXN0048881,0
TXN0005172,0
TXN0013497,0
TXN0035943,0
TXN0018234,0
TXN0028961,0
TXN0038487,0
TXN0045549,0
TXN0042660,0
TXN0046297,0
TXN0035974,0
TXN0014061,0
TXN0019016,0
TXN0005382,0
TXN0010822,0
TXN0030790,0
TXN0040825,0
TXN0024460,0
TXN0055885,0
TXN0055891,0
TXN0043600,0
TXN0005545,0
TXN0002635,0
TXN0037307,0
TXN0021257,0
TXN0041720,0
TXN0033761,0
TXN0027901,0
TXN0030674,0
TXN0047196,0
TXN0049386,0
TXN0016424,0
TXN0017880,0
TXN0017832,0
TXN0014144,0
TXN0004222,0
TXN0049193,0
TXN0049746,0
TXN0005170,0
TXN0013553,0
TXN0007525,0
TXN0054383,0
TXN0009253,0
TXN0010870,0
TXN0021590,0
TXN0021477,0
TXN0011893,0
TXN0024481,0
TXN0053812,0
TXN0030439,0
TXN0000827,0
TXN0022994,0
TXN0051378,0
TXN0043196,0
TXN0027080,0
TXN0034559,0
TXN0036756,0
TXN0038382,0
TXN0018765,0
TXN0035707,0
TXN0015610,0
TXN0001396,0
TXN0033705,0
TXN0008402,0
TXNS00600,1
TXN0021296,0
TXN0008869,0
TXN0056067,0
TXN0025001,0
TXN0044218,0
TXN0043353,0
TXN0033973,0
TXN0019025,0
TXN0004110,0
TXN0030046,0
TXN0003151,0
TXN0050542,0
TXN0016286,0
TXN0041793,0
TXN0018769,0
TXN0053005,0
TXN0025404,0
TXN0055647,0
TXN0008763,0
TXN0053216,0
TXN0025243,0
TXN0015075,0
TXN0034673,0
TXN0026166,0
TXN0020909,0
TXN0036890,0
TXN0035253,0
TXN0035821,0
TXN0031780,0
TXN0028972,0
TXN0024179,0
TXN0057618,0
TXN0051463,0
TXN0009826,0
TXN0014696,0
TXN0049827,0
TXN0016093,0
TXN0037995,0
TXN0024773,0
TXN0031201,0
TXN0003031,0
TXN0032106,0
TXN0030817,0
TXN0010390,0
TXN0000116,0
TXN0005356,0
TXN0025786,0
TXN0027221,0
TXN0005405,0
TXN0011987,0
TXN0020554,0
TXN0017712,0
TXN0037625,0
TXN0044524,0
TXN0053243,0
TXN0019967,0
TXN0057160,0
TXN0047955,0
TXN0020005,0
TXN0030551,0
TXN0046108,0
TXN0050739,0
TXN0017124,0
TXN0003739,0
TXN0023428,0
TXN0006832,0
TXN0014142,0
TXN0005568,0
TXN0021609,0
TXN0023210,0
TXN0038217,0
TXN0016166,0
TXN0023972,0
TXN0018670,0
TXN0032489,0
TXN0045630,0
TXN0014513,0
TXN0013883,0
TXN0052049,0
TXN0023215,0
TXN0010266,0
TXN0033614,0
TXN0022344,0
TXN0048013,0
TXN0026018,0
TXN0034705,0
TXN0019577,0
TXN0035130,0
TXN0053576,0
TXN0026257,0
TXN0047669,0
TXN0025472,0
TXN0000447,0
TXN0031363,0
TXN0005907,0
TXN0040917,0
TXN0000686,0
TXN0025423,0
TXN0056753,0
TXN0003647,0
TXN0052486,0
TXN0042102,0
TXN0046253,0
TXN0019044,0
TXN0039170,0
TXN0026138,0
TXN0033195,0
TXN0042313,0
TXN0034438,0
TXN0054011,0
TXN0005994,0
TXN0033563,0
TXN0047817,0
TXN0053011,0
TXN0009420,0
TXN0035511,0
TXN0057783,0
TXN0010077,0
TXN0043671,0
TXN0043274,0
TXN0023626,0
TXN0015253,0
TXN0056963,0
TXN0000855,0
TXN0038555,0
TXN0002952,0
TXN0014277,0
TXN0059458,0
TXN0019959,0
TXN0037936,0
TXN0026518,0
TXN0058176,0
TXN0029923,0
TXN0035397,0
TXN0018439,0
TXN0002195,0
TXN0053911,0
TXN0046417,0
TXN0046526,0
TXN0036568,0
TXN0058114,0
TXN0008649,0
TXN0006847,0
TXN0005504,0
TXN0043875,0
TXN0036785,0
TXN0035138,0
TXN0045309,0
TXN0038276,0
TXN0043780,0
TXN0020217,0
TXN0031953,0
TXN0018048,0
TXN0035345,0
TXN0042421,0
TXN0027421,0
TXN0047525,0
TXN0028416,0
TXN0001631,0
TXN0027187,0
TXN0032948,0
TXN0023300,0
TXN0052199,0
TXN0002510,0
TXN0000839,0
TXN0038902,0
TXN0029417,0
TXN0040211,0
TXN0059289,0
TXN0006763,0
TXN0052165,0
TXN0016231,0
TXN0035522,0
TXN0032531,0
TXN0058972,0
TXN0018178,0
TXN0011343,0
TXN0035373,0
TXN0059505,0
TXN0051324,0
TXN0030963,0
TXN0042711,0
TXN0016013,0
TXN0036095,0
TXN0026227,0
TXN0010388,0
TXN0034418,0
TXN0013062,0
TXN0017249,0
TXN0039663,0
TXN0011168,0
TXNR0203,1
TXN0044180,0
TXN0029562,0
TXN0026377,0
TXN0024056,0
TXN0007560,0
TXN0001846,0
TXN0042556,0
TXN0035263,0
TXN0035637,0
TXN0022645,0
TXN0019834,0
TXN0055342,0
TXN0000606,0
TXN0001775,0
TXN0000120,0
TXN0050775,0
TXN0008692,0
TXN0003581,0
TXN0032374,0
TXN0034906,0
TXN0017856,0
TXN0003197,0
TXN0002865,0
TXN0028153,0
TXN0014971,0
TXN0008663,0
TXN0055893,0
TXN0056875,0
TXN0011378,0
TXN0009928,0
TXN0023964,0
TXN0032712,0
TXN0052157,0
TXN0029852,0
TXN0052192,0
TXN0047970,0
TXN0038144,0
TXN0056613,0
TXN0048883,0
TXN0041507,0
TXN0013676,0
TXN0053618,0
TXN0056364,0
TXN0055623,0
TXN0026915,0
TXN0043971,0
TXN0010122,0
TXN0041767,0
TXN0050482,0
TXN0040700,0
TXN0050196,0
TXN0053705,0
TXN0020297,0
TXN0031924,0
TXN0049830,0
TXN0038127,0
TXN0016810,0
TXN0057546,0
TXN0028498,0
TXN0057280,0
TXN0053559,0
TXN0021582,0
TXN0038527,0
TXN0002888,0
TXN0009282,0
TXN0033167,0
TXN0055488,0
TXN0022385,0
TXN0028070,0
TXN0017863,0
TXN0041392,0
TXN0010586,0
TXN0050770,0
TXN0022531,0
TXN0014317,0
TXN0018885,0
TXN0038707,0
TXN0016073,0
TXN0000941,0
TXN0002455,0
TXN0035155,0
TXN0045209,0
TXN0018362,0
TXN0034843,0
TXN0043227,0
TXN0014597,0
TXN0007454,0
TXN0035593,0
TXN0039596,0
TXN0025943,0
TXN0005200,0
TXN0046264,0
TXN0027778,0
TXN0044750,0
TXN0009925,0
TXN0047398,0
TXN0020326,0
TXN0052001,0
TXN0005662,0
TXN0040678,0
TXN0051085,0
TXN0030514,0
TXN0017318,0
TXN0004592,0
TXN0056500,0
TXN0028260,0
TXN0014644,0
TXN0000061,0
TXN0040503,0
TXN0021052,0
TXN0032313,0
TXN0023367,0
TXN0052035,0
TXN0021808,0
TXN0016517,0
TXN0000409,0
TXN0036073,0
TXN0001808,0
TXN0017998,0
TXN0033068,0
TXN0039539,0
TXN0026313,0
TXN0037727,0
TXN0024199,0
TXN0028241,0
TXN0034879,0
TXN0012217,0
TXN0049856,0
TXN0016528,0
TXN0022157,0
TXN0054802,0
TXN0026845,0
TXN0024580,0
TXN0007094,0
TXN0055695,0
TXN0022633,0
TXN0049187,0
TXN0032967,0
TXN0027814,0
TXN0021039,0
TXN0001143,0
TXN0041851,0
TXN0057777,0
TXN0012764,0
TXN0057040,0
TXN0017239,0
TXN0014875,0
TXN0018841,0
TXN0011605,0
TXN0038804,0
TXN0014326,0
TXN0007852,0
TXN0046883,0
TXN0003171,0
TXN0051706,0
TXN0033571,0
TXN0048906,0
TXN0040824,0
TXN0053260,0
TXN0023819,0
TXN0009682,0
TXN0021297,0
TXN0046774,0
TXN0046375,0
TXN0039471,0
TXN0007468,0
TXN0047460,0
TXN0039000,0
TXN0006750,0
TXN0013192,0
TXN0028951,0
TXN0055375,0
TXN0022067,0
TXN0009801,0
TXN0013053,0
TXN0036305,0
TXN0042954,0
TXN0042820,0
TXN0056191,0
TXN0003460,0
TXNS00912,1
TXN0056949,0
TXN0041112,0
TXN0006845,0
TXN0007916,0
TXN0048603,0
TXN0021317,0
TXN0029339,0
TXN0007439,0
TXN0052277,0
TXN0018247,0
TXN0022379,0
TXN0029407,0
TXN0047797,0
TXN0019688,0
TXN0036810,0
TXN0032965,0
TXN0038731,0
TXN0016269,0
TXN0035603,0
TXN0003021,0
TXN0043743,0
TXN0027148,0
TXN0043453,0
TXN0059627,0
TXN0050316,0
TXN0057145,0
TXN0025940,0
TXN0049373,0
TXN0043294,0
TXN0044956,0
TXN0024105,0
TXN0035925,0
TXN0021583,0
TXN0007584,0
TXN0034891,0
TXN0012870,0
TXN0016487,0
TXN0016358,0
TXN0010337,0
TXN0019412,0
TXN0050088,0
TXN0033867,0
TXN0054719,0
TXN0012065,0
TXN0014701,0
TXN0003929,0
TXN0036684,0
TXN0054677,0
TXN0023497,0
TXN0057994,0
TXN0052263,0
TXN0006965,0
TXN0009681,0
TXN0041696,0
TXN0008857,0
TXN0041746,0
TXN0015714,0
TXN0034233,0
TXN0056432,0
TXN0050249,0
TXN0057188,0
TXN0002206,0
TXN0029366,0
TXN0058546,0
TXN0015766,0
TXN0019498,0
TXN0059402,0
TXN0059525,0
TXN0042184,0
TXN0046871,0
TXN0025756,0
TXN0027191,0
TXN0057616,0
TXN0038195,0
TXN0028713,0
TXN0006115,0
TXN0047755,0
TXN0030681,0
TXN0041079,0
TXN0053162,0
TXN0014165,0
TXN0036691,0
TXN0025561,0
TXN0014902,0
TXN0029170,0
TXN0041765,0
TXN0010598,0
TXN0003633,0
TXN0028722,0
TXN0034323,0
TXN0036760,0
TXN0051621,0
TXN0029642,0
TXN0040802,0
TXN0050055,0
TXN0055910,0
TXN0038701,0
TXN0048000,0
TXN0051391,0
TXN0045492,0
TXN0011499,0
TXN0044274,0
TXN0034291,0
TXN0001709,0
TXN0031520,0
TXN0004036,0
TXN0030752,0
TXN0059646,0
TXN0057588,0
TXN0038172,0
TXN0021829,0
TXN0039413,0
TXN0036478,0
TXN0002233,0
TXN0016620,0
TXN0053544,0
TXN0046119,0
TXN0009889,0
TXN0052120,0
TXN0052782,0
TXN0016179,0
TXN0002222,0
TXN0006735,0
TXN0039550,0
TXN0059100,0
TXN0027826,0
TXN0022573,0
TXN0008902,0
TXN0010151,0
TXN0021805,0
TXN0016529,0
TXN0020532,0
TXN0036654,0
TXN0012037,0
TXN0009532,0
TXN0056283,0
TXN0031450,0
TXN0046785,0
TXN0046640,0
TXN0033318,0
TXN0026056,0
TXN0022602,0
TXN0024147,0
TXN0038221,0
TXN0009647,0
TXN0030910,0
TXN0032367,0
TXN0026969,0
TXN0013048,0
TXN0015767,0
TXN0031893,0
TXN0034259,0
TXN0042094,0
TXN0043499,0
TXN0058914,0
TXN0029247,0
TXN0028089,0
TXN0048750,0
TXN0020898,0
TXN0052244,0
TXN0027665,0
TXN0005329,0
TXN0037560,0
TXN0014773,0
TXN0047939,0
TXN0028631,0
TXN0003693,0
TXN0001393,0
TXN0012648,0
TXN0047326,0
TXN0002760,0
TXN0007547,0
TXN0040202,0
TXN0022866,0
TXN0001467,0
TXN0043688,0
TXN0030515,0
TXN0056001,0
TXN0023779,0
TXN0028079,0
TXN0046867,0
TXN0013657,0
TXN0005260,0
TXN0014494,0
TXN0008952,0
TXN0045819,0
TXN0008904,0
TXN0047346,0
TXN0002265,0
TXN0045985,0
TXN0047880,0
TXN0036599,0
TXN0033415,0
TXN0052811,0
TXN0053308,0
TXN0018078,0
TXN0015384,0
TXN0038817,0
TXN0050959,0
TXN0001544,0
TXN0040099,0
TXN0016822,0
TXN0007431,0
TXN0053138,0
TXN0015959,0
TXN0032331,0
TXN0032321,0
TXN0002507,0
TXN0003490,0
TXN0040541,0
TXN0035351,0
TXN0029512,0
TXN0041845,0
TXN0029484,0
TXN0002856,0
TXN0021014,0
TXN0022346,0
TXN0021363,0
TXN0052041,0
TXN0026341,0
TXN0029822,0
TXN0052305,0
TXN0006715,0
TXN0055163,0
TXN0041937,0
TXN0044792,0
TXN0057360,0
TXN0036119,0
TXN0048343,0
TXN0044136,0
TXN0036669,0
TXN0019770,0
TXN0014710,0
TXN0033420,0
TXN0030658,0
TXN0044142,0
TXN0018585,0
TXN0057549,0
TXN0026087,0
TXN0032714,0
TXN0028360,0
TXN0050228,0
TXN0007976,0
TXN0025767,0
TXN0010838,0
TXN0014109,0
TXN0002582,0
TXN0054801,0
TXN0000604,0
TXN0006134,0
TXN0037312,0
TXN0000324,0
TXN0034213,0
TXN0051108,0
TXN0046629,0
TXN0002051,0
TXN0030488,0
TXN0048963,0
TXN0045568,0
TXN0054379,0
TXN0041416,0
TXN0034486,0
TXN0006670,0
TXN0011398,0
TXN0009205,0
TXN0042071,0
TXN0052889,0
TXN0052602,0
TXN0027070,0
TXN0007112,0
TXN0043684,0
TXN0056477,0
TXN0043431,0
TXN0056590,0
TXN0050037,0
TXN0044087,0
TXN0055763,0
TXN0034222,0
TXN0016680,0
TXN0035439,0
TXN0039246,0
TXN0040601,0
TXN0045074,0
TXN0022089,0
TXN0026416,0
TXN0011184,0
TXN0059758,0
TXN0001213,0
TXN0054250,0
TXN0041451,0
TXN0002269,0
TXN0054095,0
TXN0016935,0
TXN0059806,0
TXN0010948,0
TXN0035638,0
TXN0054074,0
TXN0044884,0
TXN0019487,0
TXN0046493,0
TXN0046454,0
TXN0025164,0
TXN0037128,0
TXN0034452,0
TXN0046981,0
TXN0035945,0
TXN0054148,0
TXN0001139,0
TXNR0243,1
TXN0045898,0
TXN0042669,0
TXN0053018,0
TXN0054223,0
TXN0003618,0
TXN0032361,0
TXN0030315,0
TXN0027481,0
TXN0016162,0
TXN0017003,0
TXN0051980,0
TXN0055797,0
TXN0028802,0
TXN0013701,0
TXN0058949,0
TXN0029860,0
TXN0021920,0
TXN0018553,0
TXN0057993,0
TXN0043530,0
TXN0007442,0
TXN0006202,0
TXN0059832,0
TXN0011875,0
TXN0000323,0
TXN0054985,0
TXN0040189,0
TXN0016931,0
TXN0020286,0
TXN0044075,0
TXN0013247,0
TXN0049149,0
TXN0057034,0
TXN0002678,0
TXN0044546,0
TXN0019939,0
TXN0054513,0
TXN0041285,0
TXN0017403,0
TXN0042807,0
TXN0052424,0
TXN0017853,0
TXN0038632,0
TXN0009549,0
TXN0026333,0
TXN0007800,0
TXN0008037,0
TXN0007879,0
TXN0058238,0
TXN0042655,0
TXN0050887,0
TXN0018049,0
TXN0028136,0
TXN0042542,0
TXN0010527,0
TXN0045464,0
TXN0039399,0
TXN0053402,0
TXN0009427,0
TXN0053862,0
TXN0031943,0
TXN0049599,0
TXN0010502,0
TXN0057185,0
TXN0008658,0
TXN0050610,0
TXN0006211,0
TXN0059304,0
TXN0057521,0
TXN0025610,0
TXN0049233,0
TXN0026517,0
TXN0026595,0
TXN0047469,0
TXN0021328,0
TXN0025024,0
TXN0037288,0
TXN0047478,0
TXN0043538,0
TXN0056636,0
TXN0059784,0
TXN0004961,0
TXN0053344,0
TXN0037460,0
TXN0040832,0
TXN0021130,0
TXN0059788,0
TXN0010562,0
TXN0025841,0
TXN0002111,0
TXN0043943,0
TXN0002935,0
TXN0015815,0
TXN0033341,0
TXN0009822,0
TXN0052135,0
TXN0007212,0
TXN0037483,0
TXN0005875,0
TXN0009105,0
TXN0028813,0
TXN0055676,0
TXN0019461,0
TXN0041718,0
TXN0048832,0
TXN0001684,0
TXN0045520,0
TXN0037169,0
TXN0003408,0
TXN0032074,0
TXN0058574,0
TXN0038939,0
TXN0006266,0
TXN0031530,0
TXN0045030,0
TXN0030165,0
TXN0010454,0
TXN0007930,0
TXN0025873,0
TXN0050851,0
TXN0009523,0
TXN0029273,0
TXN0001047,0
TXN0055757,0
TXN0019452,0
TXN0055868,0
TXN0008087,0
TXN0003818,0
TXN0013558,0
TXN0003544,0
TXN0012348,0
TXN0054415,0
TXN0041589,0
TXN0051149,0
TXN0034265,0
TXN0058426,0
TXN0040536,0
TXN0011266,0
TXN0016147,0
TXN0036619,0
TXN0027822,0
TXN0033283,0
TXN0039068,0
TXN0016115,0
TXN0036318,0
TXN0017372,0
TXN0036354,0
TXN0025297,0
TXN0038601,0
TXN0001997,0
TXN0005924,0
TXN0020034,0
TXN0039904,0
TXN0052191,0
TXN0026696,0
TXN0011235,0
TXN0000608,0
TXN0046844,0
TXN0037054,0
TXN0054354,0
TXN0023783,0
TXN0028119,0
TXN0039808,0
TXN0047487,0
TXN0038883,0
TXN0019013,0
TXN0028590,0
TXN0029462,0
TXN0036667,0
TXN0013983,0
TXN0035276,0
TXN0016320,0
TXN0019035,0
TXN0015587,0
TXN0017781,0
TXN0055860,0
TXN0048850,0
TXN0012586,0
TXN0024449,0
TXN0004272,0
TXN0018647,0
TXN0030646,0
TXN0002145,0
TXN0024098,0
TXN0014403,0
TXN0025224,0
TXN0013842,0
TXN0001699,0
TXN0036049,0
TXN0032473,0
TXN0012990,0
TXN0046482,0
TXN0039853,0
TXN0017717,0
TXN0012038,0
TXN0032629,0
TXN0011823,0
TXN0015742,0
TXN0053025,0
TXN0011770,0
TXN0056231,0
TXN0032661,0
TXN0046152,0
TXN0050999,0
TXN0047001,0
TXN0051282,0
TXN0025750,0
TXN0003455,0
TXN0033780,0
TXN0002735,0
TXN0024543,0
TXN0036294,0
TXN0058152,0
TXN0041278,0
TXN0016429,0
TXN0001707,0
TXN0031623,0
TXN0046861,0
TXN0056769,0
TXN0036765,0
TXN0031411,0
TXN0003702,0
TXN0027854,0
TXN0043428,0
TXN0008445,0
TXN0040227,0
TXN0029386,0
TXN0029239,0
TXN0002094,0
TXN0014341,0
TXN0020094,0
TXN0055003,0
TXN0006029,0
TXN0047821,0
TXN0036753,0
TXN0016706,0
TXN0056291,0
TXN0005341,0
TXN0031420,0
TXN0011335,0
TXN0042352,0
TXN0029606,0
TXN0010417,0
TXN0009043,0
TXN0006682,0
TXN0059998,0
TXN0039889,0
TXN0058468,0
TXN0009594,0
TXN0041935,0
TXN0005822,0
TXN0055019,0
TXN0020020,0
TXN0009020,0
TXN0034344,0
TXN0053454,0
TXN0053726,0
TXN0005861,0
TXN0039257,0
TXN0001993,0
TXN0024804,0
TXN0048009,0
TXN0042747,0
TXN0029789,0
TXN0051353,0
TXN0041166,0
TXN0058253,0
TXN0021617,0
TXN0041885,0
TXN0013504,0
TXN0026934,0
TXN0037214,0
TXN0004325,0
TXN0031344,0
TXN0009376,0
TXN0023516,0
TXN0002104,0
TXN0006684,0
TXN0025887,0
TXN0006156,0
TXN0010490,0
TXN0035830,0
TXN0039572,0
TXN0006046,0
TXN0016612,0
TXN0016266,0
TXN0012457,0
TXN0005173,0
TXN0023900,0
TXN0037195,0
TXN0027229,0
TXN0015033,0
TXN0043475,0
TXN0043756,0
TXN0039012,0
TXN0044373,0
TXN0033153,0
TXN0050451,0
TXN0016599,0
TXN0049116,0
TXN0001272,0
TXN0052379,0
TXN0050011,0
TXN0028868,0
TXN0005100,0
TXN0053719,0
TXN0054370,0
TXN0029741,0
TXN0014704,0
TXN0013752,0
TXN0033652,0
TXN0007611,0
TXN0044341,0
TXN0018696,0
TXN0033373,0
TXN0006943,0
TXN0020458,0
TXN0030182,0
TXN0031083,0
TXN0007677,0
TXN0014520,0
TXN0037042,0
TXN0009608,0
TXN0010971,0
TXN0022489,0
TXN0015564,0
TXN0008362,0
TXN0033790,0
TXN0004767,0
TXN0049671,0
TXN0048494,0
TXN0008812,0
TXN0055732,0
TXN0007125,0
TXN0041138,0
TXN0003520,0
TXN0005846,0
TXN0029716,0
TXN0055146,0
TXN0042206,0
TXN0054994,0
TXN0021721,0
TXN0037977,0
TXN0001166,0
TXN0059945,0
TXN0007020,0
TXN0011281,0
TXN0044983,0
TXN0058423,0
TXN0027704,0
TXN0043218,0
TXN0037735,0
TXN0009494,0
TXN0032416,0
TXN0012913,0
TXN0009743,0
TXN0058892,0
TXN0050576,0
TXN0039769,0
TXN0022087,0
TXN0007890,0
TXN0027493,0
TXN0036411,0
TXN0018597,0
TXN0013464,0
TXN0044183,0
TXN0034857,0
TXN0002485,0
TXN0053969,0
TXN0044266,0
TXN0042444,0
TXN0021611,0
TXN0032923,0
TXN0007097,0
TXN0019592,0
TXN0015686,0
TXN0042251,0
TXN0005407,0
TXN0002348,0
TXN0045933,0
TXN0006605,0
TXN0014982,0
TXN0041649,0
TXN0039735,0
TXN0035541,0
TXN0058146,0
TXN0046539,0
TXN0010873,0
TXN0049596,0
TXN0027698,0
TXN0049695,0
TXN0047105,0
TXN0031840,0
TXN0015010,0
TXN0053223,0
TXN0011806,0
TXN0038085,0
TXN0011876,0
TXN0012759,0
TXN0022949,0
TXN0049791,0
TXN0002180,0
TXN0036620,0
TXN0032319,0
TXN0031936,0
TXN0029532,0
TXN0038923,0
TXN0009084,0
TXN0057956,0
TXN0008293,0
TXN0046521,0
TXN0056969,0
TXN0021567,0
TXN0033346,0
TXN0031548,0
TXN0054437,0
TXN0011734,0
TXN0018434,0
TXN0044418,0
TXN0050262,0
TXN0038475,0
TXN0019303,0
TXN0003286,0
TXN0024975,0
TXN0006433,0
TXN0044947,0
TXN0049395,0
TXN0001616,0
TXN0002864,0
TXN0000252,0
TXN0040378,0
TXN0005072,0
TXN0000676,0
TXN0015914,0
TXN0018126,0
TXN0019314,0
TXN0039498,0
TXNR0211,1
TXN0011608,0
TXN0054186,0
TXN0037762,0
TXN0023254,0
TXN0022130,0
TXN0058143,0
TXN0049997,0
TXN0056104,0
TXN0053803,0
TXN0052891,0
TXN0052501,0
TXN0059800,0
TXN0048134,0
TXN0018346,0
TXN0001370,0
TXN0030308,0
TXN0056388,0
TXN0001826,0
TXN0010259,0
TXN0035957,0
TXN0030882,0
TXN0022565,0
TXN0048992,0
TXN0000152,0
TXN0011583,0
TXN0053039,0
TXN0007968,0
TXN0022213,0
TXN0029359,0
TXN0040716,0
TXN0038426,0
TXN0050441,0
TXN0053868,0
TXN0036822,0
TXN0000275,0
TXN0021585,0
TXN0051042,0
TXN0006541,0
TXN0002691,0
TXN0028910,0
TXN0018641,0
TXN0013214,0
TXN0007329,0
TXN0051572,0
TXN0011189,0
TXN0045449,0
TXN0029970,0
TXN0051964,0
TXN0039800,0
TXN0017455,0
TXN0007573,0
TXN0025996,0
TXN0055953,0
TXN0020564,0
TXN0024990,0
TXN0046338,0
TXN0009058,0
TXN0015024,0
TXN0001974,0
TXN0055149,0
TXN0012263,0
TXN0039135,0
TXN0047735,0
TXN0058940,0
TXN0022071,0
TXN0039301,0
TXN0050236,0
TXN0023285,0
TXN0028137,0
TXN0056795,0
TXN0038352,0
TXN0043426,0
TXN0021660,0
TXN0023180,0
TXN0016271,0
TXN0049917,0
TXN0001398,0
TXN0014290,0
TXN0052420,0
TXN0018958,0
TXN0031699,0
TXN0041055,0
TXN0000436,0
TXN0057049,0
TXN0027705,0
TXN0001565,0
TXN0000573,0
TXN0031395,0
TXN0053476,0
TXN0037546,0
TXN0037241,0
TXN0020279,0
TXN0055524,0
TXN0018303,0
TXN0040527,0
TXN0052024,0
TXN0020882,0
TXN0000532,0
TXN0036166,0
TXN0007627,0
TXN0029646,0
TXN0009469,0
TXN0055283,0
TXN0028465,0
TXN0010508,0
TXN0035082,0
TXN0052187,0
TXN0004699,0
TXN0034983,0
TXN0055000,0
TXN0055303,0
TXN0052060,0
TXN0000624,0
TXN0009846,0
TXN0037255,0
TXN0012757,0
TXN0007990,0
TXN0034883,0
TXN0005426,0
TXN0028606,0
TXN0042284,0
TXN0015537,0
TXN0000928,0
TXN0027634,0
TXN0050682,0
TXN0003673,0
TXN0048093,0
TXN0054857,0
TXN0041824,0
TXN0012840,0
TXN0013729,0
TXN0000325,0
TXN0023295,0
TXN0000499,0
TXN0023120,0
TXN0055425,0
TXN0007308,0
TXN0040182,0
TXN0006002,0
TXN0036959,0
TXN0011742,0
TXN0014146,0
TXN0031156,0
TXN0045433,0
TXN0018367,0
TXN0001673,0
TXN0015236,0
TXN0015179,0
TXN0009548,0
TXN0009421,0
TXN0008853,0
TXN0053038,0
TXN0044176,0
TXN0054572,0
TXN0047226,0
TXN0028236,0
TXN0036893,0
TXN0050768,0
TXN0056083,0
TXN0001819,0
TXN0017995,0
TXN0050205,0
TXN0057990,0
TXN0032111,0
TXN0037364,0
TXN0033278,0
TXN0009978,0
TXN0038368,0
TXN0058787,0
TXN0022392,0
TXN0047089,0
TXN0042599,0
TXN0052457,0
TXN0054531,0
TXN0050008,0
TXN0001940,0
TXN0046425,0
TXN0007092,0
TXN0004419,0
TXN0053723,0
TXN0059367,0
TXN0023537,0
TXN0051632,0
TXN0030772,0
TXN0052230,0
TXN0037230,0
TXN0022822,0
TXN0020770,0
TXN0032945,0
TXN0056160,0
TXN0052274,0
TXN0010126,0
TXN0002467,0
TXN0039232,0
TXN0030842,0
TXN0012483,0
TXN0042884,0
TXN0021399,0
TXN0045718,0
TXN0002403,0
TXN0045818,0
TXN0045959,0
TXN0032594,0
TXN0034134,0
TXN0043559,0
TXN0007762,0
TXN0021344,0
TXN0037831,0
TXN0053734,0
TXN0005218,0
TXN0043739,0
TXN0041177,0
TXN0043191,0
TXN0039547,0
TXN0029944,0
TXN0040439,0
TXN0028382,0
TXN0028338,0
TXN0057065,0
TXN0015199,0
TXN0055818,0
TXN0015125,0
TXN0020160,0
TXN0002428,0
TXN0048103,0
TXN0036846,0
TXN0042790,0
TXN0028553,0
TXN0045082,0
TXN0038570,0
TXN0051053,0
TXN0047056,0
TXN0023672,0
TXN0014046,0
TXN0004062,0
TXN0034582,0
TXN0043321,0
TXN0041386,0
TXN0009113,0
TXN0032290,0
TXN0051303,0
TXN0057533,0
TXN0018868,0
TXN0058021,0
TXN0036528,0
TXN0017768,0
TXN0018729,0
TXN0046225,0
TXN0013963,0
TXN0040668,0
TXN0021838,0
TXN0001033,0
TXN0035401,0
TXN0021402,0
TXN0031378,0
TXN0019886,0
TXN0010827,0
TXN0040421,0
TXN0028642,0
TXN0059147,0
TXN0058023,0
TXN0051176,0
TXN0029145,0
TXN0023230,0
TXN0051210,0
TXN0049713,0
TXN0022370,0
TXN0009434,0
TXN0028588,0
TXN0042992,0
TXN0025932,0
TXN0056643,0
TXN0047364,0
TXN0033462,0
TXN0025982,0
TXN0005604,0
TXN0054314,0
TXN0035992,0
TXN0003428,0
TXN0004766,0
TXN0013433,0
TXN0044097,0
TXN0000873,0
TXN0049134,0
TXN0051206,0
TXN0004537,0
TXN0035213,0
TXN0033875,0
TXN0058233,0
TXN0040173,0
TXN0018329,0
TXN0028822,0
TXN0010214,0
TXN0041951,0
TXN0025626,0
TXN0038517,0
TXN0009273,0
TXN0015214,0
TXN0045932,0
TXN0050900,0
TXN0057154,0
TXN0056329,0
TXN0057062,0
TXN0024675,0
TXN0009014,0
TXN0027224,0
TXN0031677,0
TXN0024328,0
TXN0057015,0
TXN0046945,0
TXN0041586,0
TXN0049384,0
TXN0047029,0
TXN0048653,0
TXN0017026,0
TXN0016030,0
TXN0049060,0
TXN0053844,0
TXN0003843,0
TXN0015598,0
TXN0042172,0
TXN0056805,0
TXN0031754,0
TXN0015110,0
TXN0020788,0
TXN0052026,0
TXN0013498,0
TXN0010242,0
TXN0022382,0
TXN0037740,0
TXN0054403,0
TXN0006804,0
TXN0003734,0
TXN0058859,0
TXN0012058,0
TXN0057087,0
TXN0010741,0
TXN0035874,0
TXN0018143,0
TXN0008877,0
TXN0015158,0
TXN0012315,0
TXN0004104,0
TXN0005068,0
TXN0037723,0
TXN0051864,0
TXN0036503,0
TXN0054153,0
TXN0032741,0
TXN0058734,0
TXN0051853,0
TXN0055322,0
TXN0027651,0
TXN0037704,0
TXN0018746,0
TXN0017160,0
TXN0030538,0
TXN0004981,0
TXN0029242,0
TXN0026106,0
TXN0059016,0
TXN0031596,0
TXN0011546,0
TXN0021434,0
TXN0058984,0
TXN0057378,0
TXN0041118,0
TXN0059683,0
TXN0006025,0
TXN0041642,0
TXN0027996,0
TXN0055931,0
TXN0015821,0
TXN0004785,0
TXN0010639,0
TXN0045675,0
TXN0053097,0
TXN0029540,0
TXN0009400,0
TXN0013948,0
TXN0039943,0
TXN0014555,0
TXN0032706,0
TXN0036925,0
TXN0026065,0
TXN0056845,0
TXN0006178,0
TXN0000584,0
TXN0058298,0
TXN0015307,0
TXN0046148,0
TXN0005326,0
TXN0053765,0
TXN0001957,0
TXN0042851,0
TXN0019860,0
TXN0010175,0
TXN0038189,0
TXN0004387,0
TXN0033508,0
TXN0008615,0
TXN0044914,0
TXN0018533,0
TXN0019528,0
TXN0016895,0
TXN0017128,0
TXN0020757,0
TXN0044607,0
TXN0058321,0
TXN0009060,0
TXN0050304,0
TXN0004741,0
TXN0040071,0
TXN0055467,0
TXN0051107,0
TXN0015022,0
TXN0058449,0
TXN0059331,0
TXN0008442,0
TXN0007576,0
TXN0020252,0
TXN0007321,0
TXN0015970,0
TXN0039981,0
TXN0014160,0
TXN0017345,0
TXN0021864,0
TXN0027333,0
TXN0029824,0
TXN0025578,0
TXN0008230,0
TXN0044088,0
TXN0002692,0
TXN0023421,0
TXN0045288,0
TXN0013398,0
TXN0006999,0
TXN0002255,0
TXN0024201,0
TXN0052032,0
TXN0026776,0
TXN0025797,0
TXN0033363,0
TXN0039911,0
TXN0051023,0
TXN0011730,0
TXN0030032,0
TXN0006969,0
TXN0021287,0
TXN0049359,0
TXN0015807,0
TXN0031525,0
TXN0025581,0
TXN0052155,0
TXN0011327,0
TXN0030849,0
TXN0039203,0
TXN0014972,0
TXN0007817,0
TXN0059133,0
TXN0036108,0
TXN0022165,0
TXN0055492,0
TXN0001100,0
TXN0016187,0
TXN0012944,0
TXN0033970,0
TXN0000689,0
TXN0020815,0
TXN0002524,0
TXN0014395,0
TXN0019639,0
TXN0058838,0
TXN0052984,0
TXN0028442,0
TXN0018273,0
TXN0025205,0
TXN0047905,0
TXN0057119,0
TXN0050551,0
TXN0030014,0
TXN0030765,0
TXN0012825,0
TXN0010410,0
TXN0043048,0
TXN0025132,0
TXN0003619,0
TXN0042560,0
TXN0033579,0
TXN0021397,0
TXN0039995,0
TXN0008405,0
TXN0000988,0
TXN0006431,0
TXN0047402,0
TXN0019803,0
TXN0005925,0
TXN0024531,0
TXN0014926,0
TXN0031072,0
TXN0003452,0
TXN0030686,0
TXN0022950,0
TXN0039149,0
TXN0033460,0
TXN0045969,0
TXN0016170,0
TXN0007225,0
TXN0026647,0
TXN0022311,0
TXN0049952,0
TXN0022982,0
TXN0000621,0
TXN0038865,0
TXN0018587,0
TXN0007177,0
TXN0038824,0
TXN0028993,0
TXN0006950,0
TXN0028381,0
TXN0049023,0
TXN0038856,0
TXN0055150,0
TXN0053283,0
TXN0009143,0
TXN0044174,0
TXN0015318,0
TXN0017877,0
TXN0020958,0
TXN0018813,0
TXN0043266,0
TXN0052951,0
TXN0008940,0
TXN0041116,0
TXN0000217,0
TXN0058956,0
TXN0048855,0
TXN0045086,0
TXN0029744,0
TXN0054533,0
TXN0043931,0
TXN0034321,0
TXN0028347,0
TXN0009667,0
TXN0036379,0
TXN0014427,0
TXN0059242,0
TXN0043324,0
TXN0024669,0
TXN0051803,0
TXN0018795,0
TXN0012216,0
TXN0018289,0
TXN0038988,0
TXN0043927,0
TXN0041441,0
TXN0028996,0
TXN0034232,0
TXN0025295,0
TXN0034683,0
TXN0011910,0
TXN0031204,0
TXN0044376,0
TXN0039334,0
TXN0036570,0
TXN0054862,0
TXN0044675,0
TXN0025612,0
TXN0028935,0
TXN0004692,0
TXN0051914,0
TXN0002662,0
TXN0026482,0
TXN0049391,0
TXN0007264,0
TXN0053700,0
TXN0015712,0
TXN0018192,0
TXN0058074,0
TXN0001859,0
TXN0037205,0
TXN0017497,0
TXN0050165,0
TXN0018152,0
TXN0004701,0
TXN0051785,0
TXN0059200,0
TXN0046507,0
TXN0046465,0
TXN0042195,0
TXN0032446,0
TXN0000734,0
TXN0005697,0
TXN0056278,0
TXN0043904,0
TXN0035933,0
TXN0011511,0
TXN0042609,0
TXN0004152,0
TXN0056292,0
TXN0042288,0
TXN0053225,0
TXN0038372,0
TXN0009920,0
TXN0000991,0
TXN0002603,0
TXN0027538,0
TXN0005764,0
TXN0047247,0
TXN0014163,0
TXN0026034,0
TXN0016129,0
TXN0034356,0
TXN0007353,0
TXN0046726,0
TXN0011668,0
TXN0057107,0
TXN0052223,0
TXN0054733,0
TXN0008059,0
TXN0035483,0
TXN0032805,0
TXN0037781,0
TXN0026678,0
TXN0018999,0
TXN0059700,0
TXN0050467,0
TXN0022471,0
TXN0041943,0
TXN0051810,0
TXN0012081,0
TXN0032119,0
TXN0057392,0
TXN0022848,0
TXN0000626,0
TXN0044459,0
TXN0035438,0
TXN0039363,0
TXN0007720,0
TXN0032973,0
TXN0049728,0
TXN0021102,0
TXN0012506,0
TXN0033878,0
TXN0048720,0
TXN0032901,0
TXN0054216,0
TXN0047715,0
TXN0033018,0
TXN0056352,0
TXN0049650,0
TXN0038683,0
TXN0024628,0
TXN0039833,0
TXN0050125,0
TXN0001888,0
TXN0041636,0
TXN0023250,0
TXN0013789,0
TXN0015159,0
TXN0047625,0
TXN0019478,0
TXN0049010,0
TXN0025952,0
TXN0007565,0
TXN0031077,0
TXN0034038,0
TXN0006973,0
TXN0057828,0
TXN0036172,0
TXN0053853,0
TXN0030239,0
TXN0057684,0
TXN0018529,0
TXN0036581,0
TXN0007193,0
TXN0023791,0
TXN0020391,0
TXN0027271,0
TXN0053999,0
TXN0028472,0
TXN0032790,0
TXN0000065,0
TXN0012481,0
TXN0011660,0
TXN0057424,0
TXN0028765,0
TXN0023522,0
TXN0025033,0
TXN0029589,0
TXN0000464,0
TXN0055055,0
TXN0049939,0
TXN0024727,0
TXN0020367,0
TXN0025694,0
TXN0015998,0
TXN0011967,0
TXN0024109,0
TXN0057506,0
TXN0036811,0
TXN0013655,0
TXN0055044,0
TXN0018031,0
TXN0056466,0
TXN0056880,0
TXN0052642,0
TXN0010533,0
TXN0027497,0
TXN0020078,0
TXN0048207,0
TXN0059976,0
TXN0009315,0
TXN0046023,0
TXN0025330,0
TXN0033612,0
TXN0055287,0
TXN0051526,0
TXN0007981,0
TXN0005080,0
TXN0041221,0
TXN0018576,0
TXN0054959,0
TXN0059199,0
TXN0013066,0
TXN0031256,0
TXN0021022,0
TXN0019106,0
TXN0042841,0
TXN0020484,0
TXN0057177,0
TXN0006463,0
TXN0057434,0
TXN0023153,0
TXN0036101,0
TXN0015297,0
TXN0011022,0
TXN0024467,0
TXN0002034,0
TXN0019027,0
TXN0053621,0
TXN0026435,0
TXN0002326,0
TXN0035804,0
TXN0047951,0
TXN0012865,0
TXN0019244,0
TXN0009592,0
TXN0016028,0
TXN0022946,0
TXN0007328,0
TXN0013687,0
TXN0003916,0
TXN0029625,0
TXN0049248,0
TXN0051763,0
TXN0043963,0
TXN0007538,0
TXN0041889,0
TXN0050312,0
TXN0002730,0
TXN0024470,0
TXN0041146,0
TXN0029215,0
TXN0003640,0
TXN0009410,0
TXN0059500,0
TXN0024994,0
TXN0016329,0
TXN0012469,0
TXN0013524,0
TXN0039304,0
TXN0012146,0
TXN0038647,0
TXN0053113,0
TXN0049598,0
TXN0022215,0
TXN0052461,0
TXN0016541,0
TXN0008376,0
TXN0049387,0
TXN0050177,0
TXN0045298,0
TXN0038277,0
TXN0047318,0
TXN0044951,0
TXN0042740,0
TXN0058986,0
TXN0010342,0
TXN0013103,0
TXN0027537,0
TXN0015961,0
TXN0030064,0
TXN0052839,0
TXN0045816,0
TXN0050673,0
TXN0044416,0
TXN0041891,0
TXN0022926,0
TXN0058034,0
TXN0056177,0
TXN0012349,0
TXN0027116,0
TXN0056341,0
TXN0036808,0
TXN0055015,0
TXN0011449,0
TXN0010144,0
TXN0009725,0
TXN0052319,0
TXN0048251,0
TXN0042797,0
TXN0048074,0
TXN0019444,0
TXN0056128,0
TXN0056055,0
TXN0003600,0
TXN0007406,0
TXN0019898,0
TXN0029314,0
TXN0026266,0
TXN0036864,0
TXN0005883,0
TXN0031454,0
TXN0003458,0
TXN0031354,0
TXN0024801,0
TXN0041784,0
TXN0026763,0
TXN0020610,0
TXN0003872,0
TXN0017035,0
TXN0014646,0
TXN0028592,0
TXN0035210,0
TXN0010235,0
TXN0018476,0
TXN0018046,0
TXN0035331,0
TXN0052018,0
TXN0021324,0
TXN0003008,0
TXN0022160,0
TXN0021893,0
TXN0049665,0
TXNS00800,1
TXN0008053,0
TXN0008413,0
TXN0053991,0
TXN0052025,0
TXN0017933,0
TXN0003105,0
TXN0011958,0
TXN0007809,0
TXN0006236,0
TXN0059334,0
TXNR0202,1
TXN0058524,0
TXN0059013,0
TXN0056343,0
TXN0043692,0
TXN0007786,0
TXN0045962,0
TXN0036717,0
TXN0012609,0
TXN0055863,0
TXN0049419,0
TXN0021126,0
TXN0048195,0
TXN0016152,0
TXN0016416,0
TXN0051013,0
TXN0059956,0
TXN0045107,0
TXN0034751,0
TXN0047536,0
TXN0040394,0
TXN0007729,0
TXN0012082,0
TXN0008088,0
TXN0036629,0
TXN0013694,0
TXN0028872,0
TXN0011393,0
TXN0058532,0
TXN0054051,0
TXN0038891,0
TXN0036554,0
TXN0059188,0
TXN0015458,0
TXN0033238,0
TXN0044656,0
TXN0032742,0
TXN0011911,0
TXN0037238,0
TXN0048429,0
TXN0048169,0
TXN0037648,0
TXN0055300,0
TXN0007955,0
TXN0030710,0
TXN0039705,0
TXN0039706,0
TXN0054675,0
TXN0007237,0
TXN0034792,0
TXN0036461,0
TXN0026963,0
TXN0055954,0
TXN0004457,0
TXN0011532,0
TXN0043999,0
TXN0019193,0
TXN0022536,0
TXN0027084,0
TXN0025840,0
TXN0004180,0
TXN0036789,0
TXN0009520,0
TXN0026253,0
TXN0033960,0
TXN0018131,0
TXN0033499,0
TXN0040046,0
TXN0003115,0
TXN0037875,0
TXN0004824,0
TXN0020755,0
TXN0023811,0
TXN0004422,0
TXN0011808,0
TXN0047351,0
TXN0036865,0
TXN0035047,0
TXN0059395,0
TXN0042649,0
TXN0041959,0
TXN0019140,0
TXN0028691,0
TXN0052471,0
TXN0012117,0
TXN0004124,0
TXN0002150,0
TXN0046712,0
TXN0008726,0
TXN0051695,0
TXN0018129,0
TXN0044929,0
TXN0054013,0
TXN0050917,0
TXN0046620,0
TXN0032895,0
TXN0025303,0
TXN0001271,0
TXN0035305,0
TXN0007323,0
TXN0023096,0
TXN0046376,0
TXN0010261,0
TXN0020315,0
TXN0038681,0
TXN0028156,0
TXN0042333,0
TXN0014067,0
TXN0035938,0
TXN0003942,0
TXN0009406,0
TXN0047575,0
TXN0039052,0
TXN0023006,0
TXN0018955,0
TXN0025999,0
TXN0059439,0
TXN0046327,0
TXN0036376,0
TXN0025096,0
TXN0007390,0
TXN0005595,0
TXN0017461,0
TXN0015355,0
TXN0019059,0
TXN0055080,0
TXN0034708,0
TXN0014585,0
TXN0008617,0
TXN0058517,0
TXN0027512,0
TXN0034706,0
TXN0054337,0
TXN0005562,0
TXN0028619,0
TXN0002897,0
TXN0039157,0
TXN0011054,0
TXN0032452,0
TXN0026757,0
TXN0057123,0
TXN0014524,0
TXN0000902,0
TXN0041262,0
TXN0020720,0
TXN0032091,0
TXN0031291,0
TXN0005303,0
TXN0026348,0
TXN0054875,0
TXN0000647,0
TXN0026161,0
TXN0036107,0
TXN0052909,0
TXN0029664,0
TXN0058679,0
TXN0018713,0
TXN0022193,0
TXN0052401,0
TXN0055050,0
TXN0028915,0
TXN0030167,0
TXN0044503,0
TXN0012556,0
TXN0035848,0
TXN0006274,0
TXN0046935,0
TXN0057931,0
TXN0047643,0
TXN0043624,0
TXN0015639,0
TXN0002544,0
TXN0015031,0
TXN0005855,0
TXN0046016,0
TXN0040295,0
TXN0018218,0
TXN0023521,0
TXN0014081,0
TXN0024693,0
TXN0016094,0
TXN0021124,0
TXN0041304,0
TXN0051808,0
TXN0005214,0
TXN0043509,0
TXN0056387,0
TXN0033421,0
TXN0019714,0
TXN0000171,0
TXN0012616,0
TXN0046794,0
TXN0029830,0
TXN0034253,0
TXN0052596,0
TXN0020186,0
TXN0041194,0
TXN0047541,0
TXN0051930,0
TXN0029905,0
TXN0007376,0
TXN0018622,0
TXN0059033,0
TXN0042745,0
TXN0038746,0
TXN0002640,0
TXN0056552,0
TXNS00810,1
TXN0057387,0
TXN0044334,0
TXN0004664,0
TXN0042926,0
TXN0024455,0
TXN0039540,0
TXN0004237,0
TXN0002680,0
TXN0038421,0
TXN0001323,0
TXN0049677,0
TXN0001743,0
TXN0047830,0
TXN0008642,0
TXN0011388,0
TXN0000710,0
TXN0009792,0
TXN0000317,0
TXN0022898,0
TXN0048069,0
TXN0052970,0
TXN0011642,0
TXN0033196,0
TXN0045376,0
TXN0004564,0
TXN0012897,0
TXN0057954,0
TXN0049410,0
TXN0011385,0
TXN0044973,0
TXN0048349,0
TXN0003482,0
TXN0059285,0
TXN0000266,0
TXN0040783,0
TXN0004221,0
TXN0001912,0
TXN0010050,0
TXN0025125,0
TXN0026659,0
TXN0023724,0
TXN0046555,0
TXN0030812,0
TXN0025334,0
TXN0050976,0
TXN0013356,0
TXN0008248,0
TXN0021479,0
TXN0012229,0
TXN0036106,0
TXN0013251,0
TXN0025845,0
TXN0032748,0
TXN0044831,0
TXN0008895,0
TXN0044870,0
TXN0000843,0
TXN0021597,0
TXN0000960,0
TXN0058495,0
TXN0018236,0
TXN0022081,0
TXN0001681,0
TXN0042400,0
TXN0015542,0
TXN0044780,0
TXN0002279,0
TXN0010829,0
TXN0042789,0
TXN0034951,0
TXN0008844,0
TXN0033271,0
TXN0020076,0
TXN0041474,0
TXN0045282,0
TXN0029154,0
TXN0013256,0
TXN0028254,0
TXN0017031,0
TXN0000521,0
TXN0028279,0
TXN0016840,0
TXN0037806,0
TXN0032302,0
TXN0023754,0
TXN0056132,0
TXN0052624,0
TXN0006871,0
TXN0051711,0
TXN0007330,0
TXN0004241,0
TXN0042193,0
TXN0021027,0
TXN0059658,0
TXN0024075,0
TXN0047733,0
TXN0007281,0
TXN0055290,0
TXN0006270,0
TXN0040939,0
TXN0057900,0
TXN0050159,0
TXN0057410,0
TXN0021327,0
TXN0024534,0
TXN0008317,0
TXN0017663,0
TXN0028653,0
TXN0016497,0
TXN0013556,0
TXN0016284,0
TXN0025719,0
TXN0049660,0
TXN0003029,0
TXN0049552,0
TXN0029096,0
TXN0051683,0
TXN0033090,0
TXN0026594,0
TXN0010099,0
TXN0043711,0
TXNR0172,1
TXN0048047,0
TXN0059253,0
TXN0011538,0
TXN0029128,0
TXN0055461,0
TXN0043675,0
TXN0034717,0
TXN0031366,0
TXN0046904,0
TXN0012267,0
TXN0003946,0
TXN0047649,0
TXN0031271,0
TXN0053452,0
TXN0044128,0
TXN0022281,0
TXN0055502,0
TXN0039829,0
TXN0042307,0
TXN0023220,0
TXN0053822,0
TXN0021908,0
TXN0016355,0
TXN0043558,0
TXN0055513,0
TXN0009237,0
TXN0030135,0
TXN0035217,0
TXN0012796,0
TXN0019057,0
TXN0007808,0
TXN0054376,0
TXN0056513,0
TXN0053894,0
TXN0039437,0
TXN0048802,0
TXN0035368,0
TXN0048044,0
TXN0045122,0
TXN0047443,0
TXN0056013,0
TXN0013552,0
TXN0028203,0
TXN0032225,0
TXN0039033,0
TXN0012695,0
TXN0058948,0
TXN0018104,0
TXN0044018,0
TXN0010632,0
TXN0025927,0
TXN0028867,0
TXN0050621,0
TXN0009413,0
TXN0017457,0
TXN0021474,0
TXN0059126,0
TXN0014495,0
TXN0058537,0
TXN0006394,0
TXN0046788,0
TXN0036371,0
TXN0027325,0
TXN0059445,0
TXN0027248,0
TXN0041354,0
TXN0043316,0
TXN0035172,0
TXN0002817,0
TXN0023090,0
TXN0012750,0
TXN0032667,0
TXN0005613,0
TXN0011316,0
TXN0041209,0
TXN0022632,0
TXN0038933,0
TXN0003900,0
TXN0030837,0
TXN0048394,0
TXN0011921,0
TXN0026780,0
TXN0059499,0
TXN0053681,0
TXN0015119,0
TXN0015109,0
TXN0026497,0
TXN0038335,0
TXN0022571,0
TXN0004129,0
TXN0039245,0
TXN0017135,0
TXN0016861,0
TXN0005139,0
TXN0048844,0
TXN0041096,0
TXN0005342,0
TXN0046650,0
TXN0053683,0
TXN0007155,0
TXN0033338,0
TXN0053842,0
TXN0017805,0
TXN0029115,0
TXN0047637,0
TXN0054924,0
TXN0042935,0
TXN0051789,0
TXN0026242,0
TXN0001490,0
TXN0052205,0
TXN0056534,0
TXN0037601,0
TXN0051235,0
TXN0020184,0
TXN0032555,0
TXN0007437,0
TXN0006698,0
TXN0006432,0
TXN0016297,0
TXN0056069,0
TXN0043435,0
TXN0011903,0
TXN0016084,0
TXN0013585,0
TXN0009881,0
TXN0025086,0
TXN0019161,0
TXN0036848,0
TXN0016714,0
TXN0052441,0
TXN0040276,0
TXN0022610,0
TXN0012710,0
TXN0004730,0
TXN0008406,0
TXN0024841,0
TXN0032522,0
TXN0057589,0
TXN0038339,0
TXN0035935,0
TXN0032789,0
TXN0003594,0
TXN0040425,0
TXN0054588,0
TXN0039354,0
TXN0046278,0
TXN0058919,0
TXN0059260,0
TXN0057882,0
TXN0059192,0
TXN0029173,0
TXN0055152,0
TXN0058333,0
TXN0045670,0
TXN0003369,0
TXN0005199,0
TXN0015101,0
TXN0042270,0
TXN0030079,0
TXN0041820,0
TXN0015170,0
TXN0000989,0
TXN0041622,0
TXN0001781,0
TXN0006267,0
TXN0052922,0
TXN0020170,0
TXN0036550,0
TXN0005003,0
TXN0030470,0
TXN0028785,0
TXN0003056,0
TXN0046886,0
TXN0059270,0
TXN0046162,0
TXN0031946,0
TXN0028417,0
TXN0033647,0
TXN0019962,0
TXN0010970,0
TXN0052294,0
TXN0049862,0
TXN0013236,0
TXN0056431,0
TXN0027093,0
TXN0057005,0
TXN0027887,0
TXN0029913,0
TXN0001829,0
TXN0037966,0
TXN0030156,0
TXN0004630,0
TXN0026187,0
TXN0012463,0
TXN0057587,0
TXN0023673,0
TXN0029561,0
TXN0000418,0
TXN0029935,0
TXN0047815,0
TXN0018086,0
TXN0026057,0
TXN0041033,0
TXN0003450,0
TXN0005648,0
TXN0057331,0
TXN0051102,0
TXN0039201,0
TXN0011163,0
TXN0000847,0
TXN0007033,0
TXN0028452,0
TXN0032028,0
TXN0032641,0
TXNS00511,1
TXN0021046,0
TXN0011099,0
TXN0018339,0
TXN0026604,0
TXN0036277,0
TXN0024499,0
TXN0034145,0
TXN0034641,0
TXN0010389,0
TXN0035625,0
TXN0017874,0
TXN0032472,0
TXN0018558,0
TXN0013328,0
TXN0034829,0
TXN0029539,0
TXN0036482,0
TXN0011224,0
TXN0049730,0
TXN0032107,0
TXN0007262,0
TXN0036447,0
TXN0003923,0
TXN0039642,0
TXN0028012,0
TXN0013853,0
TXN0038815,0
TXN0013239,0
TXN0050571,0
TXN0051398,0
TXN0042030,0
TXN0024461,0
TXN0025485,0
TXN0026174,0
TXN0053424,0
TXN0007364,0
TXN0050040,0
TXN0012053,0
TXN0007157,0
TXN0044279,0
TXN0013167,0
TXN0006699,0
TXN0026236,0
TXN0011196,0
TXN0002457,0
TXN0051304,0
TXN0033390,0
TXN0013700,0
TXN0005632,0
TXN0008200,0
TXN0044364,0
TXN0007776,0
TXN0046466,0
TXN0044841,0
TXN0048907,0
TXN0023334,0
TXN0037761,0
TXN0028041,0
TXN0016079,0
TXN0017834,0
TXN0005321,0
TXN0050480,0
TXN0036759,0
TXN0023893,0
TXN0026887,0
TXN0058872,0
TXN0011015,0
TXN0013571,0
TXN0034556,0
TXN0012725,0
TXN0033530,0
TXN0026311,0
TXN0030278,0
TXN0009294,0
TXN0033155,0
TXN0015257,0
TXN0034734,0
TXN0049895,0
TXN0026194,0
TXN0035982,0
TXN0012451,0
TXN0016391,0
TXN0027035,0
TXN0058518,0
TXN0052723,0
TXN0041878,0
TXN0007483,0
TXN0045748,0
TXN0001962,0
TXN0010964,0
TXN0012700,0
TXN0054445,0
TXN0014658,0
TXN0051761,0
TXN0036242,0
TXN0057093,0
TXN0010135,0
TXN0011574,0
TXN0005457,0
TXN0001411,0
TXN0002908,0
TXN0001895,0
TXN0003488,0
TXN0054392,0
TXN0056482,0
TXN0058399,0
TXN0039899,0
TXN0028245,0
TXN0006404,0
TXN0030915,0
TXN0028348,0
TXN0018266,0
TXN0033173,0
TXN0042959,0
TXN0011827,0
TXN0031531,0
TXN0058427,0
TXN0031627,0
TXN0054955,0
TXN0005688,0
TXN0000289,0
TXN0043717,0
TXN0007905,0
TXN0038389,0
TXN0053327,0
TXN0053656,0
TXN0019247,0
TXN0027024,0
TXN0035691,0
TXN0025536,0
TXN0049222,0
TXN0020824,0
TXN0039320,0
TXN0038643,0
TXN0040165,0
TXN0055113,0
TXN0001625,0
TXN0003269,0
TXN0056414,0
TXN0026722,0
TXN0022624,0
TXN0039781,0
TXN0045386,0
TXN0029959,0
TXN0009159,0
TXN0030713,0
TXN0055569,0
TXN0003096,0
TXN0040199,0
TXN0037351,0
TXN0022142,0
TXN0006428,0
TXN0058329,0
TXN0014812,0
TXN0047501,0
TXN0037442,0
TXN0031118,0
TXN0026830,0
TXN0048259,0
TXN0004651,0
TXN0048425,0
TXN0006312,0
TXN0054518,0
TXN0002012,0
TXN0009863,0
TXN0051634,0
TXN0006857,0
TXN0022714,0
TXN0055874,0
TXN0040065,0
TXN0013591,0
TXN0057743,0
TXN0046000,0
TXN0006407,0
TXN0000219,0
TXN0022494,0
TXN0037325,0
TXN0011354,0
TXN0002289,0
TXN0051165,0
TXN0050623,0
TXN0029232,0
TXN0051678,0
TXN0008091,0
TXN0002342,0
TXN0048808,0
TXN0003905,0
TXN0028860,0
TXN0020149,0
TXN0042515,0
TXN0025016,0
TXN0018550,0
TXN0033856,0
TXN0044099,0
TXN0014575,0
TXN0048342,0
TXN0007184,0
TXN0048568,0
TXN0014073,0
TXN0039989,0
TXN0028414,0
TXN0031838,0
TXN0003064,0
TXN0024013,0
TXN0045481,0
TXN0042559,0
TXN0046229,0
TXN0047368,0
TXN0056076,0
TXN0014774,0
TXN0029397,0
TXN0040808,0
TXN0034805,0
TXN0044886,0
TXN0028784,0
TXN0050978,0
TXN0049179,0
TXN0053014,0
TXN0051393,0
TXN0032686,0
TXN0001803,0
TXN0054922,0
TXN0051537,0
TXN0024314,0
TXN0045698,0
TXN0021338,0
TXN0012968,0
TXN0046048,0
TXN0005181,0
TXN0039541,0
TXN0030590,0
TXN0018102,0
TXN0003884,0
TXN0037896,0
TXN0051309,0
TXN0013808,0
TXN0013604,0
TXN0054534,0
TXN0048480,0
TXN0036827,0
TXN0031124,0
TXN0027440,0
TXN0029867,0
TXN0033788,0
TXN0057330,0
TXN0040826,0
TXN0048898,0
TXN0054479,0
TXN0016114,0
TXN0002744,0
TXN0022892,0
TXN0000950,0
TXN0037698,0
TXN0014617,0
TXN0020925,0
TXN0036387,0
TXN0049992,0
TXN0013602,0
TXN0042767,0
TXN0018091,0
TXN0044701,0
TXN0052053,0
TXN0026755,0
TXN0006524,0
TXN0045400,0
TXN0014950,0
TXN0004807,0
TXN0046920,0
TXN0054105,0
TXN0040185,0
TXN0044818,0
TXN0006335,0
TXN0026356,0
TXN0019101,0
TXN0045501,0
TXN0010202,0
TXN0011773,0
TXN0017537,0
TXN0045128,0
TXN0053036,0
TXN0012515,0
TXN0052229,0
TXN0029031,0
TXN0010491,0
TXN0025665,0
TXN0014279,0
TXN0001635,0
TXN0056916,0
TXN0016962,0
TXN0008407,0
TXN0053641,0
TXN0012044,0
TXN0059687,0
TXN0025071,0
TXN0017147,0
TXN0044824,0
TXN0050241,0
TXN0047169,0
TXN0048828,0
TXN0019261,0
TXN0051558,0
TXN0020338,0
TXN0041884,0
TXN0039268,0
TXN0005163,0
TXN0008337,0
TXN0039792,0
TXN0022824,0
TXN0029864,0
TXN0023934,0
TXN0022040,0
TXN0048685,0
TXN0000772,0
TXN0059319,0
TXN0023976,0
TXN0044359,0
TXN0012474,0
TXN0004275,0
TXN0045867,0
TXN0013855,0
TXN0021041,0
TXN0005959,0
TXN0038118,0
TXN0057801,0
TXN0029525,0
TXN0023448,0
TXN0007402,0
TXN0047328,0
TXN0053701,0
TXN0021798,0
TXN0042415,0
TXN0020867,0
TXN0007305,0
TXN0037724,0
TXN0008358,0
TXN0045003,0
TXN0004489,0
TXN0009467,0
TXN0055156,0
TXN0046010,0
TXN0032131,0
TXN0000200,0
TXN0013249,0
TXN0017394,0
TXN0012490,0
TXN0010936,0
TXN0028739,0
TXN0058862,0
TXN0017860,0
TXN0047107,0
TXN0032570,0
TXN0046183,0
TXN0013625,0
TXN0000830,0
TXN0043651,0
TXN0003755,0
TXN0024898,0
TXN0038872,0
TXN0038334,0
TXN0053542,0
TXN0013713,0
TXN0059766,0
TXN0016539,0
TXN0045789,0
TXN0023125,0
TXN0004750,0
TXN0048005,0
TXN0019085,0
TXN0009800,0
TXN0057611,0
TXN0028456,0
TXN0009254,0
TXN0013486,0
TXN0054574,0
TXN0058606,0
TXN0004556,0
TXN0009531,0
TXN0036690,0
TXN0017082,0
TXN0041425,0
TXN0023630,0
TXN0030181,0
TXN0050995,0
TXN0052088,0
TXN0055136,0
TXN0047282,0
TXN0045706,0
TXN0038800,0
TXN0039699,0
TXN0058568,0
TXN0009713,0
TXN0005533,0
TXN0059152,0
TXN0023329,0
TXN0045085,0
TXN0029761,0
TXN0050637,0
TXN0010512,0
TXN0008592,0
TXN0022968,0
TXN0032910,0
TXN0043981,0
TXN0021342,0
TXN0057016,0
TXN0016071,0
TXN0019067,0
TXN0000747,0
TXN0053040,0
TXN0011853,0
TXN0040011,0
TXN0038037,0
TXN0016403,0
TXN0031114,0
TXN0048461,0
TXN0025911,0
TXN0036064,0
TXN0017532,0
TXN0001501,0
TXN0057308,0
TXN0040852,0
TXN0031733,0
TXN0014526,0
TXN0033449,0
TXN0005270,0
TXN0056897,0
TXN0038434,0
TXN0041554,0
TXN0025366,0
TXN0048942,0
TXN0004903,0
TXN0006693,0
TXN0057648,0
TXN0038042,0
TXN0051731,0
TXN0031434,0
TXN0015648,0
TXN0059685,0
TXN0023632,0
TXN0045292,0
TXN0008794,0
TXN0003847,0
TXN0038631,0
TXN0034589,0
TXN0026781,0
TXN0045261,0
TXN0046306,0
TXN0031387,0
TXN0015104,0
TXN0038916,0
TXN0040630,0
TXN0007849,0
TXN0011098,0
TXN0003563,0
TXN0036422,0
TXN0028980,0
TXN0049483,0
TXN0003766,0
TXN0006874,0
TXN0051135,0
TXN0016648,0
TXN0037847,0
TXN0014478,0
TXN0017893,0
TXN0013370,0
TXN0009656,0
TXN0056213,0
TXN0046155,0
TXN0027343,0
TXN0020375,0
TXN0030512,0
TXN0048163,0
TXN0027591,0
TXN0025983,0
TXN0037475,0
TXN0029908,0
TXN0033113,0
TXN0008049,0
TXN0045645,0
TXN0039998,0
TXN0040816,0
TXN0000724,0
TXN0034907,0
TXN0033111,0
TXN0003855,0
TXN0011834,0
TXN0027717,0
TXN0046608,0
TXN0003719,0
TXN0008929,0
TXN0035320,0
TXN0020632,0
TXN0013291,0
TXN0016563,0
TXN0045677,0
TXN0026996,0
TXN0036710,0
TXN0021835,0
TXN0053412,0
TXN0027980,0
TXN0020018,0
TXN0023719,0
TXN0018532,0
TXN0003790,0
TXN0024141,0
TXN0038685,0
TXN0042148,0
TXN0004471,0
TXN0029801,0
TXN0013020,0
TXN0003973,0
TXN0022256,0
TXN0003356,0
TXN0033019,0
TXN0029702,0
TXN0049450,0
TXN0048917,0
TXN0026652,0
TXN0005548,0
TXN0025886,0
TXN0017462,0
TXN0045491,0
TXN0014424,0
TXN0005431,0
TXN0024483,0
TXN0052276,0
TXN0047143,0
TXN0011568,0
TXN0025621,0
TXN0028019,0
TXN0014720,0
TXN0036232,0
TXN0041762,0
TXN0029879,0
TXN0026542,0
TXN0048591,0
TXN0020483,0
TXN0029924,0
TXN0009002,0
TXN0022682,0
TXN0017596,0
TXN0011892,0
TXN0027999,0
TXN0055311,0
TXN0008092,0
TXN0009356,0
TXN0015045,0
TXN0001647,0
TXN0039703,0
TXN0022062,0
TXN0048575,0
TXN0019153,0
TXN0002245,0
TXN0058837,0
TXN0034272,0
TXN0059538,0
TXN0035887,0
TXN0025124,0
TXN0030961,0
TXN0007301,0
TXN0026919,0
TXN0009224,0
TXN0029653,0
TXN0053605,0
TXN0017117,0
TXN0013365,0
TXN0018828,0
TXN0005038,0
TXN0027327,0
TXN0057682,0
TXN0012338,0
TXN0055508,0
TXN0002304,0
TXN0031396,0
TXN0007974,0
TXN0001653,0
TXN0029308,0
TXN0001243,0
TXN0028827,0
TXN0059732,0
TXN0033533,0
TXN0050446,0
TXN0005998,0
TXN0029423,0
TXN0017202,0
TXN0011297,0
TXN0021867,0
TXN0022790,0
TXN0036515,0
TXN0005535,0
TXN0055365,0
TXN0031725,0
TXN0013005,0
TXN0037022,0
TXN0019908,0
TXN0032005,0
TXN0015940,0
TXN0023491,0
TXN0058328,0
TXN0054037,0
TXN0051587,0
TXN0055130,0
TXN0035227,0
TXN0022124,0
TXN0049487,0
TXN0006346,0
TXN0056667,0
TXN0051922,0
TXN0045222,0
TXN0047728,0
TXN0032173,0
TXN0022678,0
TXN0037864,0
TXN0007385,0
TXN0007956,0
TXN0000201,0
TXN0024612,0
TXN0053095,0
TXN0003568,0
TXN0034916,0
TXN0054121,0
TXN0008223,0
TXN0002038,0
TXN0051861,0
TXN0026133,0
TXN0011331,0
TXN0016256,0
TXN0055196,0
TXN0033015,0
TXN0001204,0
TXN0054444,0
TXN0021898,0
TXN0052021,0
TXN0023356,0
TXN0025219,0
TXN0032941,0
TXN0017518,0
TXN0012689,0
TXN0039355,0
TXN0039814,0
TXN0005225,0
TXN0039176,0
TXN0021981,0
TXN0053550,0
TXN0001395,0
TXN0057183,0
TXN0058398,0
TXN0047421,0
TXN0058410,0
TXN0034788,0
TXN0018352,0
TXN0038589,0
TXN0053584,0
TXN0017132,0
TXN0047608,0
TXN0008932,0
TXN0033962,0
TXN0024247,0
TXN0043247,0
TXN0023277,0
TXN0051433,0
TXN0014764,0
TXN0045018,0
TXN0053207,0
TXN0035730,0
TXN0031043,0
TXN0042621,0
TXN0003440,0
TXN0030323,0
TXN0025376,0
TXN0045012,0
TXN0006027,0
TXN0024438,0
TXN0003128,0
TXN0044894,0
TXN0019819,0
TXN0004009,0
TXN0038682,0
TXN0005032,0
TXN0037328,0
TXN0019245,0
TXN0056308,0
TXN0057101,0
TXN0056678,0
TXN0041906,0
TXN0008684,0
TXN0027124,0
TXN0018087,0
TXN0037821,0
TXN0029275,0
TXN0049203,0
TXN0006688,0
TXN0025699,0
TXN0013177,0
TXN0004306,0
TXN0029235,0
TXN0044171,0
TXN0051285,0
TXN0029169,0
TXN0047568,0
TXN0020036,0
TXN0043940,0
TXN0024443,0
TXN0006600,0
TXN0002238,0
TXN0007861,0
TXN0052816,0
TXN0040198,0
TXN0055256,0
TXN0009693,0
TXN0024444,0
TXN0006552,0
TXN0024237,0
TXN0032964,0
TXN0016897,0
TXN0028882,0
TXN0044317,0
TXN0002300,0
TXN0037161,0
TXN0009287,0
TXN0009303,0
TXN0018182,0
TXN0035816,0
TXN0015459,0
TXN0038061,0
TXN0021345,0
TXN0004589,0
TXN0055269,0
TXN0014229,0
TXN0049335,0
TXN0032715,0
TXN0039264,0
TXN0035409,0
TXN0006081,0
TXN0051350,0
TXN0038715,0
TXN0030097,0
TXN0025777,0
TXN0016293,0
TXN0026873,0
TXN0006206,0
TXN0050523,0
TXN0055662,0
TXN0018809,0
TXN0044777,0
TXN0005219,0
TXN0034965,0
TXN0010463,0
TXN0033239,0
TXN0022227,0
TXN0011035,0
TXN0018010,0
TXN0000740,0
TXN0027613,0
TXN0059218,0
TXN0011636,0
TXN0018094,0
TXN0020959,0
TXN0032506,0
TXN0055459,0
TXN0056551,0
TXN0056687,0
TXN0041550,0
TXN0030724,0
TXN0039337,0
TXN0025672,0
TXN0022986,0
TXN0033213,0
TXN0043712,0
TXN0012104,0
TXN0016545,0
TXN0048462,0
TXN0012947,0
TXN0042461,0
TXN0017515,0
TXN0006863,0
TXN0059777,0
TXN0048116,0
TXN0019824,0
TXN0057650,0
TXN0031214,0
TXN0017731,0
TXN0025680,0
TXN0015130,0
TXN0042234,0
TXN0051783,0
TXN0038627,0
TXN0051080,0
TXN0028698,0
TXN0046080,0
TXN0011121,0
TXN0028542,0
TXN0023414,0
TXN0020222,0
TXN0023193,0
TXN0024223,0
TXN0049855,0
TXN0031394,0
TXN0047139,0
TXN0026430,0
TXN0034339,0
TXN0009666,0
TXN0022371,0
TXN0037510,0
TXN0039043,0
TXN0020275,0
TXN0005940,0
TXN0031052,0
TXN0056419,0
TXN0013650,0
TXN0039154,0
TXN0037283,0
TXN0036678,0
TXN0030501,0
TXN0032656,0
TXN0042862,0
TXN0021504,0
TXN0038606,0
TXN0046661,0
TXN0054589,0
TXN0017873,0
TXN0022605,0
TXN0044574,0
TXN0018187,0
TXN0040018,0
TXN0044668,0
TXN0027721,0
TXN0042813,0
TXN0001052,0
TXN0034858,0
TXN0001984,0
TXN0020579,0
TXN0057516,0
TXN0010798,0
TXN0055144,0
TXN0018083,0
TXN0056026,0
TXN0007738,0
TXN0042472,0
TXN0054920,0
TXN0058322,0
TXN0003945,0
TXN0039493,0
TXN0000940,0
TXN0042829,0
TXN0041805,0
TXN0036183,0
TXN0024634,0
TXN0057293,0
TXN0013254,0
TXN0044905,0
TXN0047950,0
TXN0059548,0
TXN0051002,0
TXN0058351,0
TXN0048790,0
TXN0029436,0
TXN0033141,0
TXN0003602,0
TXN0039207,0
TXN0022278,0
TXN0011012,0
TXN0044840,0
TXN0011879,0
TXN0000498,0
TXN0023200,0
TXN0052519,0
TXN0052899,0
TXN0029568,0
TXN0054579,0
TXN0030718,0
TXN0041639,0
TXN0059863,0
TXN0045035,0
TXN0053850,0
TXN0057273,0
TXN0025458,0
TXN0055190,0
TXN0021879,0
TXN0033198,0
TXN0027708,0
TXN0001521,0
TXN0012927,0
TXN0024598,0
TXN0033732,0
TXN0004047,0
TXN0020516,0
TXN0032801,0
TXN0026262,0
TXN0048838,0
TXN0004915,0
TXN0009600,0
TXN0048245,0
TXN0049165,0
TXN0028115,0
TXN0040257,0
TXN0010591,0
TXN0010229,0
TXN0012980,0
TXN0048806,0
TXN0051246,0
TXN0028199,0
TXN0037478,0
TXN0011474,0
TXN0000377,0
TXN0019538,0
TXN0047423,0
TXN0016900,0
TXN0049211,0
TXN0034859,0
TXN0043329,0
TXN0033908,0
TXN0046021,0
TXN0005991,0
TXN0022649,0
TXN0032909,0
TXN0026230,0
TXN0022513,0
TXN0007001,0
TXN0057485,0
TXN0025371,0
TXN0012395,0
TXN0053786,0
TXN0028492,0
TXN0008379,0
TXN0025930,0
TXN0053659,0
TXN0049629,0
TXN0035881,0
TXN0039190,0
TXN0041234,0
TXN0048745,0
TXN0045724,0
TXN0057745,0
TXN0019370,0
TXN0036148,0
TXN0023239,0
TXN0025872,0
TXN0037280,0
TXN0034606,0
TXN0002388,0
TXN0023436,0
TXN0049288,0
TXN0034367,0
TXN0011715,0
TXN0038615,0
TXN0042695,0
TXN0022198,0
TXN0038483,0
TXN0007911,0
TXN0043251,0
TXN0018378,0
TXN0050810,0
TXN0023836,0
TXN0042873,0
TXN0009289,0
TXN0057544,0
TXN0043953,0
TXN0050452,0
TXN0035884,0
TXN0053823,0
TXN0031060,0
TXN0052195,0
TXN0033668,0
TXN0052076,0
TXN0001533,0
TXN0029285,0
TXN0034280,0
TXN0048586,0
TXN0031425,0
TXN0036706,0
TXN0026381,0
TXN0031439,0
TXN0050579,0
TXN0041051,0
TXN0005893,0
TXN0030800,0
TXN0028614,0
TXN0014198,0
TXN0059495,0
TXN0024006,0
TXN0011682,0
TXN0058485,0
TXNS00320,1
TXN0014661,0
TXN0057474,0
TXN0026560,0
TXN0004253,0
TXN0005742,0
TXN0044475,0
TXN0015350,0
TXN0058230,0
TXN0005917,0
TXN0059363,0
TXN0052976,0
TXN0035975,0
TXN0025082,0
TXN0010271,0
TXN0032127,0
TXN0027730,0
TXN0013758,0
TXN0050130,0
TXN0010079,0
TXN0006339,0
TXN0016169,0
TXN0031203,0
TXN0033950,0
TXN0026893,0
TXN0021238,0
TXN0025210,0
TXN0009401,0
TXN0002666,0
TXN0010422,0
TXN0022814,0
TXN0041663,0
TXN0027576,0
TXN0027001,0
TXN0057822,0
TXN0024790,0
TXN0001500,0
TXN0049319,0
TXN0053841,0
TXN0025273,0
TXN0037168,0
TXN0003893,0
TXN0033748,0
TXN0034146,0
TXN0052835,0
TXN0017231,0
TXN0019293,0
TXN0014250,0
TXN0022543,0
TXN0011119,0
TXN0007778,0
TXN0011014,0
TXN0025119,0
TXN0052521,0
TXN0034657,0
TXN0014750,0
TXN0029988,0
TXN0042893,0
TXN0045544,0
TXN0034459,0
TXN0038420,0
TXN0057718,0
TXN0016610,0
TXN0055424,0
TXN0034968,0
TXN0010284,0
TXN0059994,0
TXN0041741,0
TXN0026743,0
TXN0043514,0
TXN0026463,0
TXN0004596,0
TXN0055608,0
TXN0018364,0
TXN0043801,0
TXN0043121,0
TXN0008132,0
TXN0000030,0
TXN0023005,0
TXN0029003,0
TXN0029551,0
TXN0006119,0
TXN0009535,0
TXN0020987,0
TXN0057168,0
TXN0056029,0
TXN0006342,0
TXN0011450,0
TXN0036065,0
TXN0030914,0
TXN0038837,0
TXN0035587,0
TXN0015507,0
TXN0036505,0
TXN0023431,0
TXN0031947,0
TXN0055784,0
TXN0027029,0
TXN0028177,0
TXN0049546,0
TXN0057422,0
TXN0033364,0
TXN0015612,0
TXN0008538,0
TXN0040726,0
TXN0018233,0
TXN0028361,0
TXN0013989,0
TXN0057963,0
TXN0049799,0
TXN0037675,0
TXN0023575,0
TXN0015868,0
TXN0021599,0
TXN0000196,0
TXN0033448,0
TXN0047236,0
TXN0003141,0
TXN0041727,0
TXN0014608,0
TXN0006730,0
TXN0055639,0
TXN0009604,0
TXN0005787,0
TXN0045964,0
TXN0013452,0
TXN0055270,0
TXN0003277,0
TXN0042412,0
TXN0019235,0
TXN0008551,0
TXN0031606,0
TXN0036579,0
TXN0045953,0
TXN0042024,0
TXN0031003,0
TXN0049715,0
TXN0031341,0
TXN0024582,0
TXN0031588,0
TXN0016854,0
TXN0052969,0
TXN0054627,0
TXN0005647,0
TXN0044217,0
TXN0006112,0
TXN0040114,0
TXN0059039,0
TXN0016688,0
TXN0038771,0
TXN0027813,0
TXN0039628,0
TXN0027023,0
TXN0049300,0
TXN0022934,0
TXN0004702,0
TXN0023063,0
TXN0033777,0
TXN0005561,0
TXN0007023,0
TXN0007374,0
TXN0022647,0
TXN0032146,0
TXN0056465,0
TXN0011431,0
TXN0052963,0
TXN0022799,0
TXN0006690,0
TXN0009309,0
TXN0029422,0
TXN0013153,0
TXN0044944,0
TXN0032348,0
TXN0003560,0
TXN0047976,0
TXN0037998,0
TXN0007815,0
TXN0049480,0
TXN0024050,0
TXN0053877,0
TXN0008672,0
TXN0023335,0
TXN0049691,0
TXN0034992,0
TXN0019469,0
TXN0008256,0
TXN0012656,0
TXN0045493,0
TXN0008694,0
TXN0017746,0
TXN0036402,0
TXN0054723,0
TXN0032168,0
TXN0045732,0
TXN0037119,0
TXN0048701,0
TXN0048362,0
TXN0046763,0
TXN0000165,0
TXN0015226,0
TXN0019990,0
TXN0004500,0
TXN0048196,0
TXN0030555,0
TXN0002942,0
TXN0037025,0
TXN0021960,0
TXN0006872,0
TXN0007397,0
TXN0046186,0
TXN0047543,0
TXN0039210,0
TXN0048470,0
TXN0000977,0
TXN0005020,0
TXN0049332,0
TXN0012006,0
TXN0047933,0
TXN0022120,0
TXN0018843,0
TXN0037200,0
TXN0037354,0
TXN0045680,0
TXN0022176,0
TXN0009923,0
TXN0010842,0
TXN0002091,0
TXN0013238,0
TXN0025796,0
TXN0002901,0
TXN0005352,0
TXN0055309,0
TXN0003628,0
TXN0011426,0
TXN0055595,0
TXN0043259,0
TXN0022833,0
TXN0013488,0
TXN0052320,0
TXN0041437,0
TXNS00930,1
TXN0004201,0
TXN0003470,0
TXN0007502,0
TXN0046153,0
TXN0050992,0
TXN0042999,0
TXN0044952,0
TXN0006535,0
TXN0001362,0
TXN0047881,0
TXN0014577,0
TXN0002240,0
TXN0026584,0
TXN0019826,0
TXN0006379,0
TXN0012505,0
TXN0016305,0
TXN0017004,0
TXN0023837,0
TXN0002237,0
TXN0035164,0
TXN0006902,0
TXN0051987,0
TXN0031718,0
TXN0051575,0
TXN0049782,0
TXN0056842,0
TXN0008999,0
TXN0021193,0
TXN0042300,0
TXN0025137,0
TXN0016687,0
TXN0010157,0
TXN0011709,0
TXN0033057,0
TXN0055236,0
TXN0050110,0
TXN0042480,0
TXN0051331,0
TXN0000491,0
TXN0026443,0
TXN0052809,0
TXN0024076,0
TXN0045108,0
TXN0040009,0
TXN0027947,0
TXN0017777,0
TXN0011592,0
TXN0056307,0
TXN0007886,0
TXN0029971,0
TXN0002650,0
TXN0050588,0
TXN0026876,0
TXN0031505,0
TXN0011264,0
TXN0016404,0
TXN0000643,0
TXN0047441,0
TXN0059472,0
TXN0037407,0
TXN0058990,0
TXN0020934,0
TXN0051470,0
TXN0025245,0
TXN0046588,0
TXN0002718,0
TXN0007557,0
TXN0005726,0
TXN0027904,0
TXN0012365,0
TXN0057080,0
TXN0007870,0
TXN0040335,0
TXN0059176,0
TXN0042170,0
TXN0012652,0
TXN0028533,0
TXN0052699,0
TXN0054826,0
TXN0038105,0
TXN0012868,0
TXN0030860,0
TXN0049916,0
TXN0001543,0
TXN0049705,0
TXN0055538,0
TXN0028712,0
TXN0012512,0
TXN0043450,0
TXN0038554,0
TXN0051496,0
TXN0020877,0
TXN0043682,0
TXN0024279,0
TXN0024414,0
TXN0000391,0
TXN0031025,0
TXN0044192,0
TXN0040548,0
TXN0006761,0
TXN0059585,0
TXN0002681,0
TXN0013608,0
TXN0025742,0
TXN0052697,0
TXN0025244,0
TXN0023072,0
TXN0029953,0
TXN0034914,0
TXN0000426,0
TXN0005885,0
TXN0020568,0
TXN0037397,0
TXN0038361,0
TXN0046603,0
TXN0013118,0
TXN0052247,0
TXN0000011,0
TXN0023891,0
TXN0035553,0
TXN0042458,0
TXN0059595,0
TXN0000932,0
TXN0027239,0
TXN0029573,0
TXN0056546,0
TXN0025607,0
TXN0032116,0
TXN0041644,0
TXN0058434,0
TXN0042360,0
TXN0029762,0
TXN0058100,0
TXN0028372,0
TXN0010237,0
TXN0028165,0
TXN0025732,0
TXN0042796,0
TXN0029276,0
TXN0002294,0
TXN0025729,0
TXN0038926,0
TXN0017721,0
TXN0054358,0
TXN0026150,0
TXN0019327,0
TXN0053217,0
TXN0030076,0
TXN0044688,0
TXN0032216,0
TXN0019827,0
TXN0028265,0
TXN0019590,0
TXN0038584,0
TXN0025331,0
TXN0029972,0
TXN0006885,0
TXN0020847,0
TXN0015975,0
TXN0045239,0
TXN0039966,0
TXN0053214,0
TXN0058843,0
TXN0045437,0
TXN0044233,0
TXN0054734,0
TXN0034242,0
TXN0005030,0
TXN0024895,0
TXN0026858,0
TXN0046545,0
TXN0055962,0
TXN0022330,0
TXN0008871,0
TXN0011797,0
TXN0015981,0
TXN0044005,0
TXN0043631,0
TXN0023744,0
TXN0021900,0
TXN0044448,0
TXN0021239,0
TXN0052632,0
TXN0019341,0
TXN0010378,0
TXN0044170,0
TXN0014192,0
TXN0052613,0
TXN0053193,0
TXN0005661,0
TXN0003309,0
TXN0015420,0
TXN0026021,0
TXN0052962,0
TXN0001905,0
TXN0028447,0
TXN0038143,0
TXN0028871,0
TXN0004156,0
TXN0058533,0
TXN0030899,0
TXN0053149,0
TXN0014004,0
TXN0058902,0
TXN0030410,0
TXN0027827,0
TXN0035811,0
TXN0011905,0
TXN0006803,0
TXN0039183,0
TXN0015526,0
TXN0044468,0
TXN0054898,0
TXN0038949,0
TXN0012671,0
TXN0034365,0
TXN0024360,0
TXN0041306,0
TXN0031967,0
TXN0030325,0
TXN0036362,0
TXN0050483,0
TXN0027871,0
TXN0035203,0
TXN0007811,0
TXN0008822,0
TXN0021298,0
TXN0051679,0
TXN0005116,0
TXN0024739,0
TXN0026920,0
TXN0013830,0
TXN0032546,0
TXN0000263,0
TXN0029616,0
TXN0040509,0
TXN0013610,0
TXN0024190,0
TXN0039796,0
TXN0037963,0
TXN0010658,0
TXN0051651,0
TXN0043215,0
TXN0039003,0
TXN0022648,0
TXNS00332,1
TXN0009733,0
TXN0041629,0
TXN0013930,0
TXN0030263,0
TXN0046967,0
TXN0031867,0
TXN0039398,0
TXN0054998,0
TXN0016413,0
TXN0002301,0
TXN0048578,0
TXN0024558,0
TXN0011886,0
TXN0039401,0
TXN0043272,0
TXN0034711,0
TXN0009202,0
TXN0015509,0
TXN0009555,0
TXN0034852,0
TXN0042125,0
TXN0056407,0
TXN0053474,0
TXN0009571,0
TXN0018500,0
TXN0031504,0
TXN0008124,0
TXN0004093,0
TXN0004113,0
TXN0023272,0
TXN0018054,0
TXN0006245,0
TXN0018386,0
TXN0001464,0
TXN0044339,0
TXN0034132,0
TXN0052209,0
TXN0003552,0
TXN0034035,0
TXN0012772,0
TXN0018142,0
TXN0005286,0
TXN0053860,0
TXN0032843,0
TXN0049571,0
TXN0010494,0
TXN0018960,0
TXN0027175,0
TXN0055558,0
TXN0001158,0
TXN0049466,0
TXN0003355,0
TXN0019020,0
TXN0012092,0
TXN0055894,0
TXN0035267,0
TXN0006868,0
TXN0056425,0
TXN0033452,0
TXN0029554,0
TXN0008801,0
TXN0054145,0
TXN0008326,0
TXN0018988,0
TXN0018893,0
TXN0035780,0
TXN0022639,0
TXN0045413,0
TXN0011854,0
TXN0037345,0
TXN0049167,0
TXN0045884,0
TXN0055758,0
TXN0022122,0
TXN0020285,0
TXN0024219,0
TXN0041174,0
TXN0016290,0
TXN0024233,0
TXN0033138,0
TXN0042053,0
TXN0030612,0
TXN0038822,0
TXN0004660,0
TXN0039120,0
TXN0000648,0
TXN0028445,0
TXN0016243,0
TXN0036941,0
TXN0044762,0
TXN0041461,0
TXN0006014,0
TXN0036290,0
TXN0041666,0
TXN0004548,0
TXN0013034,0
TXN0030474,0
TXN0020198,0
TXN0027661,0
TXN0029694,0
TXN0050852,0
TXN0059750,0
TXN0004059,0
TXN0026322,0
TXN0036761,0
TXN0015936,0
TXN0038436,0
TXN0013755,0
TXN0006988,0
TXN0009123,0
TXN0014055,0
TXN0016111,0
TXN0010418,0
TXN0026476,0
TXN0025011,0
TXN0006233,0
TXN0006253,0
TXN0057986,0
TXN0015258,0
TXN0009861,0
TXN0031456,0
TXN0010263,0
TXN0028459,0
TXN0006739,0
TXN0001389,0
TXN0021848,0
TXN0027143,0
TXN0024936,0
TXN0011298,0
TXN0045678,0
TXN0000768,0
TXN0039824,0
TXN0009264,0
TXN0045155,0
TXN0012492,0
TXN0042424,0
TXN0005078,0
TXN0042336,0
TXN0025546,0
TXN0034748,0
TXN0015073,0
TXN0022206,0
TXN0028358,0
TXN0035193,0
TXN0056239,0
TXN0002250,0
TXN0053290,0
TXN0045090,0
TXN0001442,0
TXN0034075,0
TXN0054371,0
TXN0023686,0
TXN0002489,0
TXN0058926,0
TXN0019501,0
TXN0024772,0
TXN0043441,0
TXN0015259,0
TXN0055624,0
TXN0004705,0
TXN0003319,0
TXN0028142,0
TXN0015601,0
TXN0056351,0
TXN0054946,0
TXN0008761,0
TXN0005133,0
TXN0037566,0
TXN0001800,0
TXN0013377,0
TXN0048327,0
TXN0052547,0
TXN0039554,0
TXN0000911,0
TXN0043112,0
TXN0042877,0
TXN0035632,0
TXN0001771,0
TXN0009641,0
TXN0018566,0
TXN0034415,0
TXN0012364,0
TXN0013206,0
TXN0002595,0
TXN0007639,0
TXN0002442,0
TXN0058095,0
TXN0017679,0
TXN0047634,0
TXN0002649,0
TXN0001807,0
TXN0002861,0
TXN0019833,0
TXN0008897,0
TXN0000918,0
TXN0017141,0
TXN0015558,0
TXN0043451,0
TXN0011606,0
TXN0018169,0
TXN0055686,0
TXN0004619,0
TXN0037826,0
TXN0002158,0
TXN0046089,0
TXN0038054,0
TXN0000732,0
TXN0059202,0
TXN0047796,0
TXN0007062,0
TXN0009377,0
TXN0008568,0
TXN0032297,0
TXN0059210,0
TXN0007936,0
TXN0050512,0
TXN0054942,0
TXN0027816,0
TXN0028028,0
TXN0008476,0
TXN0022613,0
TXN0023755,0
TXN0030176,0
TXN0042617,0
TXN0022133,0
TXN0030432,0
TXN0011575,0
TXN0048067,0
TXN0011997,0
TXN0049663,0
TXN0049324,0
TXN0041217,0
TXN0005904,0
TXN0022493,0
TXN0051862,0
TXN0053575,0
TXN0046849,0
TXN0030912,0
TXN0032447,0
TXN0013637,0
TXN0054041,0
TXN0045243,0
TXN0014747,0
TXN0033215,0
TXN0033628,0
TXN0025925,0
TXN0027998,0
TXN0036962,0
TXN0036448,0
TXN0059078,0
TXN0029779,0
TXN0047687,0
TXN0037931,0
TXN0025543,0
TXN0035557,0
TXN0012618,0
TXN0048807,0
TXN0034562,0
TXN0005999,0
TXN0013620,0
TXN0037883,0
TXN0040744,0
TXN0059889,0
TXN0009828,0
TXN0046348,0
TXN0054191,0
TXN0014335,0
TXN0038791,0
TXN0011463,0
TXN0010536,0
TXN0016752,0
TXN0033695,0
TXN0054586,0
TXN0035072,0
TXN0008842,0
TXN0014831,0
TXN0019762,0
TXN0036457,0
TXN0004520,0
TXN0024738,0
TXN0013588,0
TXN0040561,0
TXN0016887,0
TXN0033300,0
TXN0027320,0
TXN0051122,0
TXN0012377,0
TXN0029884,0
TXN0008641,0
TXN0051392,0
TXN0001451,0
TXN0056747,0
TXN0037160,0
TXN0055735,0
TXN0002363,0
TXN0016188,0
TXN0014115,0
TXN0013538,0
TXN0038529,0
TXN0051534,0
TXN0041478,0
TXN0041866,0
TXN0044640,0
TXN0017922,0
TXN0040350,0
TXN0057903,0
TXN0025632,0
TXN0017593,0
TXN0056484,0
TXN0020212,0
TXN0018528,0
TXN0027745,0
TXN0026670,0
TXN0046238,0
TXN0056107,0
TXN0018621,0
TXN0019155,0
TXN0005175,0
TXN0042830,0
TXN0029445,0
TXN0052156,0
TXN0021464,0
TXN0028468,0
TXN0035145,0
TXN0002231,0
TXN0004466,0
TXN0026438,0
TXN0032853,0
TXN0021813,0
TXN0038742,0
TXN0047824,0
TXN0050000,0
TXN0007952,0
TXN0049687,0
TXN0046440,0
TXN0056562,0
TXN0038766,0
TXN0038151,0
TXN0001884,0
TXN0016841,0
TXN0000091,0
TXN0019415,0
TXN0033098,0
TXN0046393,0
TXN0032937,0
TXN0027893,0
TXN0058908,0
TXN0006098,0
TXN0001344,0
TXN0000468,0
TXN0054014,0
TXN0018655,0
TXN0052584,0
TXN0024439,0
TXN0038755,0
TXN0051908,0
TXN0006301,0
TXN0045856,0
TXN0037515,0
TXN0028888,0
TXN0010568,0
TXN0048588,0
TXN0004401,0
TXN0036977,0
TXN0050237,0
TXN0053448,0
TXN0025422,0
TXN0051594,0
TXN0025283,0
TXN0008735,0
TXN0008374,0
TXN0027443,0
TXN0042127,0
TXN0056686,0
TXN0022128,0
TXN0038129,0
TXN0028056,0
TXN0014421,0
TXN0045438,0
TXN0044177,0
TXN0002088,0
TXN0057750,0
TXN0005887,0
TXN0013484,0
TXN0007496,0
TXN0008242,0
TXN0018216,0
TXN0016178,0
TXN0048970,0
TXN0016613,0
TXN0024614,0
TXN0025904,0
TXN0007104,0
TXN0059710,0
TXN0059065,0
TXN0009051,0
TXN0003547,0
TXN0041061,0
TXN0043944,0
TXN0031361,0
TXN0030293,0
TXN0036590,0
TXN0052186,0
TXN0047396,0
TXN0058218,0
TXN0054548,0
TXN0013160,0
TXN0003852,0
TXN0048227,0
TXN0031892,0
TXN0051328,0
TXN0052321,0
TXN0040440,0
TXN0030142,0
TXN0040383,0
TXN0057995,0
TXN0004010,0
TXN0048666,0
TXN0026615,0
TXN0012290,0
TXN0048597,0
TXN0001992,0
TXN0019197,0
TXN0009097,0
TXN0014285,0
TXN0013832,0
TXN0030627,0
TXN0055038,0
TXN0027991,0
TXN0030247,0
TXN0017520,0
TXN0003721,0
TXN0017807,0
TXN0044001,0
TXN0058578,0
TXN0052377,0
TXN0047373,0
TXN0038198,0
TXN0007238,0
TXN0015917,0
TXN0042525,0
TXN0020277,0
TXN0024663,0
TXN0010069,0
TXN0005642,0
TXN0002743,0
TXN0042558,0
TXN0035410,0
TXN0045728,0
TXN0018555,0
TXN0040017,0
TXN0028139,0
TXN0056632,0
TXN0024280,0
TXN0050392,0
TXN0039223,0
TXN0056840,0
TXN0020766,0
TXN0049263,0
TXN0003772,0
TXN0042086,0
TXN0051292,0
TXN0043836,0
TXN0055231,0
TXN0018896,0
TXN0027316,0
TXN0051767,0
TXN0050925,0
TXN0047294,0
TXN0013084,0
TXN0012923,0
TXN0048712,0
TXN0054203,0
TXN0044186,0
TXN0052707,0
TXN0002845,0
TXN0005129,0
TXN0026839,0
TXN0044086,0
TXN0042350,0
TXN0034446,0
TXN0017979,0
TXN0015320,0
TXN0042085,0
TXN0005144,0
TXN0041647,0
TXN0028120,0
TXN0000979,0
TXN0054975,0
TXN0011494,0
TXN0006282,0
TXN0014931,0
TXN0059980,0
TXN0002297,0
TXN0032928,0
TXN0026712,0
TXN0059567,0
TXN0035288,0
TXN0018457,0
TXN0059494,0
TXN0001440,0
TXN0029306,0
TXN0042787,0
TXN0055942,0
TXN0056508,0
TXN0024607,0
TXN0049628,0
TXN0031960,0
TXN0033176,0
TXN0025751,0
TXN0004756,0
TXN0039813,0
TXN0013104,0
TXN0015845,0
TXN0045545,0
TXN0037683,0
TXN0026480,0
TXN0003074,0
TXN0001078,0
TXN0018963,0
TXN0046494,0
TXN0026640,0
TXN0051480,0
TXN0005665,0
TXN0002989,0
TXN0054309,0
TXN0011031,0
TXN0018372,0
TXN0018521,0
TXN0007516,0
TXN0027036,0
TXN0026003,0
TXN0000961,0
TXN0058594,0
TXN0018175,0
TXN0038611,0
TXN0050432,0
TXN0004393,0
TXN0051483,0
TXN0032902,0
TXN0056296,0
TXN0034996,0
TXN0005749,0
TXN0035445,0
TXN0027423,0
TXN0033035,0
TXN0010855,0
TXN0005447,0
TXN0002117,0
TXN0022636,0
TXN0035552,0
TXN0004262,0
TXN0029020,0
TXN0010003,0
TXN0018184,0
TXN0039849,0
TXN0011416,0
TXN0035714,0
TXN0029609,0
TXN0057213,0
TXN0009233,0
TXN0048055,0
TXN0013674,0
TXN0027872,0
TXN0006275,0
TXN0042973,0
TXN0053507,0
TXN0039594,0
TXN0058194,0
TXN0057419,0
TXN0033915,0
TXN0036421,0
TXN0052996,0
TXN0048989,0
TXN0045364,0
TXN0032688,0
TXN0035761,0
TXN0025486,0
TXN0045328,0
TXN0005857,0
TXN0038363,0
TXN0047043,0
TXN0059524,0
TXN0011457,0
TXN0052190,0
TXN0051912,0
TXN0022048,0
TXN0041460,0
TXN0020794,0
TXN0000741,0
TXN0031904,0
TXN0054200,0
TXN0026254,0
TXN0006947,0
TXN0002714,0
TXN0031244,0
TXN0045849,0
TXN0040909,0
TXN0010123,0
TXN0012815,0
TXN0042081,0
TXN0004640,0
TXN0037979,0
TXN0007195,0
TXN0003579,0
TXN0027625,0
TXN0027811,0
TXN0043568,0
TXN0008471,0
TXN0004204,0
TXN0041729,0
TXN0012341,0
TXN0038610,0
TXN0023936,0
TXN0041180,0
TXN0053221,0
TXN0036796,0
TXNR0162,1
TXN0031810,0
TXN0000001,0
TXN0053946,0
TXN0044885,0
TXN0054102,0
TXN0007648,0
TXN0004217,0
TXN0054298,0
TXN0029687,0
TXN0055437,0
TXN0041853,0
TXN0031382,0
TXN0037775,0
TXN0047854,0
TXN0049414,0
TXN0004571,0
TXN0005386,0
TXN0048335,0
TXN0035952,0
TXN0051500,0
TXN0058684,0
TXN0003979,0
TXN0037731,0
TXN0041309,0
TXN0015643,0
TXN0029839,0
TXN0045746,0
TXN0043911,0
TXN0055255,0
TXN0034558,0
TXN0036340,0
TXN0039745,0
TXN0043666,0
TXN0034330,0
TXN0011147,0
TXN0025268,0
TXN0033114,0
TXN0038348,0
TXN0019384,0
TXN0017470,0
TXN0004056,0
TXN0033315,0
TXN0007191,0
TXN0058390,0
TXN0037613,0
TXN0000938,0
TXN0051522,0
TXN0016857,0
TXN0051945,0
TXN0017456,0
TXN0014797,0
TXN0026434,0
TXN0004075,0
TXN0057615,0
TXN0055606,0
TXN0010896,0
TXN0011427,0
TXN0019376,0
TXN0038900,0
TXN0022526,0
TXN0020663,0
TXN0045688,0
TXN0001111,0
TXN0024988,0
TXN0006084,0
TXN0021110,0
TXN0030406,0
TXN0012086,0
TXN0000090,0
TXN0039871,0
TXN0055240,0
TXN0045773,0
TXN0020635,0
TXN0021463,0
TXN0014068,0
TXN0043368,0
TXN0011433,0
TXN0037798,0
TXN0015625,0
TXN0027647,0
TXN0026602,0
TXN0021208,0
TXN0016749,0
TXN0044680,0
TXN0004171,0
TXN0017244,0
TXN0005145,0
TXN0021161,0
TXN0014348,0
TXN0043546,0
TXN0053910,0
TXN0008600,0
TXN0014475,0
TXN0001188,0
TXN0024545,0
TXN0059713,0
TXN0058777,0
TXN0035968,0
TXN0006493,0
TXN0034632,0
TXN0006516,0
TXN0033842,0
TXN0025639,0
TXN0050796,0
TXN0042157,0
TXN0059589,0
TXN0020479,0
TXN0028565,0
TXN0017736,0
TXN0032721,0
TXN0006140,0
TXN0046056,0
TXN0046147,0
TXN0007654,0
TXN0045025,0
TXN0007361,0
TXN0013315,0
TXN0054492,0
TXN0027587,0
TXN0001457,0
TXN0042228,0
TXN0057607,0
TXN0014578,0
TXN0037181,0
TXN0047052,0
TXN0048412,0
TXN0018180,0
TXN0030409,0
TXN0024572,0
TXN0041059,0
TXN0003018,0
TXN0055258,0
TXN0023175,0
TXN0045690,0
TXN0011923,0
TXN0021475,0
TXN0028601,0
TXN0045831,0
TXN0006703,0
TXN0033177,0
TXN0030521,0
TXN0056888,0
TXN0022726,0
TXN0059541,0
TXN0014545,0
TXN0002645,0
TXN0053187,0
TXN0016570,0
TXN0024857,0
TXN0019145,0
TXN0008106,0
TXN0002166,0
TXN0045097,0
TXN0056019,0
TXN0020749,0
TXN0036433,0
TXN0057610,0
TXN0034279,0
TXN0016773,0
TXN0059837,0
TXN0042469,0
TXN0004932,0
TXN0055289,0
TXN0025375,0
TXN0016664,0
TXN0028175,0
TXN0047795,0
TXN0036501,0
TXN0048891,0
TXN0055057,0
TXN0044056,0
TXN0044287,0
TXN0003723,0
TXN0053171,0
TXN0008810,0
TXN0041249,0
TXN0003281,0
TXN0054991,0
TXN0028675,0
TXN0018959,0
TXN0042044,0
TXN0026492,0
TXN0045860,0
TXN0005886,0
TXN0059460,0
TXN0009701,0
TXN0024431,0
TXN0052785,0
TXN0013875,0
TXN0010118,0
TXN0016157,0
TXN0025803,0
TXN0032560,0
TXN0003578,0
TXN0027636,0
TXN0001606,0
TXN0033125,0
TXN0000753,0
TXN0037751,0
TXN0021979,0
TXN0017066,0
TXN0016711,0
TXN0005935,0
TXN0026481,0
TXN0020327,0
TXN0025684,0
TXN0017192,0
TXN0005001,0
TXN0002923,0
TXN0039147,0
TXN0017356,0
TXN0033137,0
TXN0007827,0
TXN0004811,0
TXN0016270,0
TXN0042850,0
TXN0055177,0
TXN0025776,0
TXN0008156,0
TXN0044447,0
TXN0016481,0
TXN0016754,0
TXN0033084,0
TXN0005809,0
TXN0023366,0
TXN0049479,0
TXN0051940,0
TXN0024103,0
TXN0001231,0
TXN0016492,0
TXN0048523,0
TXNS01010,1
TXN0004968,0
TXN0058002,0
TXN0003110,0
TXN0028591,0
TXN0054418,0
TXN0058856,0
TXN0037046,0
TXN0041410,0
TXN0020031,0
TXN0052440,0
TXN0006797,0
TXN0037978,0
TXN0017780,0
TXN0032601,0
TXN0043544,0
TXN0059677,0
TXN0054164,0
TXN0048054,0
TXN0014574,0
TXN0002162,0
TXN0035876,0
TXN0015481,0
TXN0007336,0
TXN0034526,0
TXN0057195,0
TXN0003589,0
TXN0045820,0
TXN0034240,0
TXN0006663,0
TXN0020717,0
TXN0016690,0
TXN0043641,0
TXN0046782,0
TXN0013242,0
TXN0027389,0
TXN0010444,0
TXN0005292,0
TXN0037837,0
TXN0029237,0
TXN0040086,0
TXN0023784,0
TXN0022909,0
TXN0054750,0
TXN0018707,0
TXN0022033,0
TXN0040304,0
TXN0019742,0
TXN0046983,0
TXN0027261,0
TXN0022914,0
TXN0030904,0
TXN0010365,0
TXN0010405,0
TXN0006753,0
TXN0054984,0
TXN0035689,0
TXN0028824,0
TXN0029434,0
TXN0052549,0
TXN0027510,0
TXN0026664,0
TXN0043633,0
TXN0031925,0
TXN0051425,0
TXN0019368,0
TXN0055825,0
TXN0041142,0
TXN0015361,0
TXN0004546,0
TXN0023597,0
TXN0028603,0
TXN0051627,0
TXN0006149,0
TXN0014828,0
TXN0055401,0
TXN0004178,0
TXN0005123,0
TXN0053500,0
TXN0044901,0
TXN0030840,0
TXN0058242,0
TXN0028968,0
TXN0017072,0
TXN0028126,0
TXN0029618,0
TXN0029293,0
TXN0017707,0
TXN0042186,0
TXN0057688,0
TXN0035020,0
TXN0018881,0
TXN0039786,0
TXN0057947,0
TXN0054695,0
TXN0049842,0
TXN0016992,0
TXN0035265,0
TXN0040847,0
TXN0040918,0
TXN0017680,0
TXN0021000,0
TXN0025951,0
TXN0024275,0
TXN0050988,0
TXN0026316,0
TXN0028059,0
TXN0039926,0
TXN0034490,0
TXN0026789,0
TXN0038287,0
TXN0023847,0
TXN0057898,0
TXN0000475,0
TXN0044326,0
TXN0046622,0
TXN0012009,0
TXN0015188,0
TXN0017851,0
TXN0040965,0
TXN0007375,0
TXN0016476,0
TXN0035889,0
TXN0008122,0
TXN0007600,0
TXN0053463,0
TXN0009239,0
TXN0026735,0
TXN0003303,0
TXN0017002,0
TXN0000923,0
TXN0030061,0
TXN0020000,0
TXN0020137,0
TXN0045395,0
TXN0007028,0
TXN0042196,0
TXN0040578,0
TXN0007381,0
TXN0043781,0
TXN0049645,0
TXN0008541,0
TXN0043110,0
TXN0047039,0
TXN0044826,0
TXN0047879,0
TXN0058584,0
TXN0057651,0
TXN0058127,0
TXN0030906,0
TXN0038704,0
TXN0017734,0
TXN0059468,0
TXN0041687,0
TXN0025468,0
TXN0030051,0
TXN0015631,0
TXN0058441,0
TXN0040514,0
TXN0025012,0
TXN0022295,0
TXN0022352,0
TXN0045020,0
TXN0022179,0
TXN0012488,0
TXN0039478,0
TXN0015699,0
TXN0052310,0
TXN0046269,0
TXN0049265,0
TXN0027650,0
TXN0012010,0
TXN0011127,0
TXN0018741,0
TXN0050382,0
TXN0042794,0
TXN0017782,0
TXN0029507,0
TXN0022083,0
TXN0019018,0
TXN0056424,0
TXN0036950,0
TXN0053215,0
TXN0020576,0
TXN0011070,0
TXN0017697,0
TXN0051105,0
TXN0010286,0
TXN0052293,0
TXN0041502,0
TXN0058086,0
TXN0000470,0
TXN0049557,0
TXN0058236,0
TXN0014598,0
TXN0059862,0
TXN0050737,0
TXN0018956,0
TXN0032644,0
TXN0001782,0
TXN0051605,0
TXN0012429,0
TXN0014363,0
TXN0029162,0
TXN0028169,0
TXN0030256,0
TXN0052661,0
TXN0053003,0
TXN0020716,0
TXN0044024,0
TXN0013307,0
TXN0049207,0
TXN0035971,0
TXN0039476,0
TXN0009392,0
TXN0010427,0
TXN0044707,0
TXN0025867,0
TXN0037520,0
TXN0031319,0
TXN0010072,0
TXN0039654,0
TXN0056475,0
TXN0037150,0
TXN0019253,0
TXN0000181,0
TXN0012441,0
TXN0029266,0
TXN0045646,0
TXN0055564,0
TXN0030385,0
TXN0055629,0
TXN0046410,0
TXN0029771,0
TXN0046248,0
TXN0037026,0
TXN0005882,0
TXN0046012,0
TXN0017293,0
TXN0037272,0
TXN0038496,0
TXN0012539,0
TXN0026368,0
TXN0040955,0
TXN0001008,0
TXN0039902,0
TXN0040330,0
TXN0044775,0
TXN0025377,0
TXN0043627,0
TXN0025870,0
TXN0016468,0
TXN0007552,0
TXN0051523,0
TXN0021421,0
TXN0050169,0
TXN0032618,0
TXN0047686,0
TXN0016181,0
TXN0026731,0
TXN0055870,0
TXN0045164,0
TXN0047400,0
TXN0026753,0
TXN0021228,0
TXN0015813,0
TXN0059528,0
TXN0035218,0
TXN0058932,0
TXN0008134,0
TXN0012555,0
TXN0052456,0
TXN0009737,0
TXN0007609,0
TXN0019709,0
TXN0016621,0
TXN0024304,0
TXN0052008,0
TXN0004087,0
TXN0002877,0
TXN0011214,0
TXN0007231,0
TXN0042163,0
TXN0053208,0
TXN0041677,0
TXN0001817,0
TXN0006110,0
TXN0036438,0
TXN0051947,0
TXN0044048,0
TXN0034997,0
TXN0010178,0
TXN0031373,0
TXN0016098,0
TXN0054144,0
TXN0001210,0
TXN0003704,0
TXN0057288,0
TXN0000810,0
TXN0050828,0
TXN0045327,0
TXN0002259,0
TXN0001335,0
TXN0032931,0
TXN0017775,0
TXN0037173,0
TXN0031254,0
TXN0038857,0
TXN0000538,0
TXN0002453,0
TXN0053455,0
TXN0035860,0
TXN0055460,0
TXN0017730,0
TXN0044720,0
TXN0043921,0
TXN0017448,0
TXN0009974,0
TXN0047203,0
TXN0037092,0
TXN0050534,0
TXN0020848,0
TXN0040705,0
TXN0022997,0
TXN0037209,0
TXN0035647,0
TXN0030150,0
TXN0004400,0
TXN0012805,0
TXN0043061,0
TXN0028705,0
TXN0044853,0
TXN0039545,0
TXN0024493,0
TXN0050430,0
TXN0033009,0
TXN0012802,0
TXN0030184,0
TXN0043755,0
TXN0003833,0
TXN0031866,0
TXN0059451,0
TXN0036670,0
TXN0010059,0
TXN0015971,0
TXN0048393,0
TXN0035532,0
TXN0046639,0
TXN0051597,0
TXN0042670,0
TXN0034987,0
TXN0026682,0
TXN0055515,0
TXN0001284,0
TXN0055671,0
TXN0043466,0
TXN0020259,0
TXN0035095,0
TXN0033906,0
TXN0044808,0
TXN0039565,0
TXN0001023,0
TXN0050869,0
TXN0052714,0
TXN0014739,0
TXN0043064,0
TXN0059807,0
TXN0007275,0
TXN0051926,0
TXN0053528,0
TXN0042550,0
TXN0044500,0
TXN0041685,0
TXN0050634,0
TXN0022910,0
TXN0006197,0
TXN0016227,0
TXN0038971,0
TXN0048106,0
TXN0029448,0
TXN0004160,0
TXN0031310,0
TXN0008765,0
TXN0049327,0
TXN0053048,0
TXN0006790,0
TXN0002633,0
TXN0035223,0
TXN0009137,0
TXN0038691,0
TXN0051527,0
TXN0053004,0
TXN0021696,0
TXN0030335,0
TXN0000550,0
TXN0033432,0
TXN0042038,0
TXN0047592,0
TXN0043768,0
TXN0036566,0
TXN0026391,0
TXN0023571,0
TXN0023344,0
TXN0051052,0
TXN0050180,0
TXN0035067,0
TXN0012589,0
TXN0033880,0
TXN0059129,0
TXN0004949,0
TXN0037635,0
TXN0031198,0
TXN0059098,0
TXN0038808,0
TXN0035173,0
TXN0033029,0
TXN0028271,0
TXN0058336,0
TXN0014159,0
TXN0053242,0
TXN0026506,0
TXN0009791,0
TXN0006237,0
TXN0056993,0
TXN0024631,0
TXN0024915,0
TXN0050444,0
TXN0045405,0
TXN0007571,0
TXN0004224,0
TXN0027395,0
TXN0046817,0
TXN0046392,0
TXN0057497,0
TXN0010343,0
TXN0050305,0
TXN0050051,0
TXN0045446,0
TXN0040268,0
TXN0035878,0
TXN0004771,0
TXN0006355,0
TXN0006521,0
TXN0035259,0
TXN0057402,0
TXN0014563,0
TXN0048043,0
TXN0032985,0
TXN0021704,0
TXN0026374,0
TXN0050661,0
TXN0059669,0
TXN0039294,0
TXN0018668,0
TXN0030967,0
TXN0038998,0
TXN0041087,0
TXN0033229,0
TXN0014400,0
TXN0012903,0
TXN0053439,0
TXN0021090,0
TXN0020585,0
TXN0000838,0
TXN0028719,0
TXN0049097,0
TXN0010252,0
TXN0051458,0
TXN0053431,0
TXN0015951,0
TXN0028580,0
TXN0041829,0
TXN0018403,0
TXN0003287,0
TXN0008661,0
TXN0022976,0
TXN0019274,0
TXN0004159,0
TXN0001240,0
TXN0014203,0
TXN0048435,0
TXN0036832,0
TXN0055036,0
TXN0020318,0
TXN0012712,0
TXN0044991,0
TXN0048122,0
TXN0033147,0
TXN0005570,0
TXN0006543,0
TXN0038906,0
TXN0014889,0
TXN0055804,0
TXN0053651,0
TXN0053127,0
TXN0058638,0
TXN0047623,0
TXN0022734,0
TXN0032603,0
TXN0048189,0
TXN0044616,0
TXN0013095,0
TXN0057795,0
TXN0012313,0
TXN0021963,0
TXN0047674,0
TXN0009959,0
TXN0009595,0
TXN0044671,0
TXN0045228,0
TXN0033821,0
TXN0056815,0
TXN0018671,0
TXN0004957,0
TXN0033745,0
TXN0055753,0
TXN0058246,0
TXN0050833,0
TXN0009562,0
TXN0020450,0
TXN0039428,0
TXN0035583,0
TXN0039907,0
TXN0020027,0
TXN0048127,0
TXN0019534,0
TXN0004029,0
TXN0025660,0
TXN0028956,0
TXN0038168,0
TXN0050619,0
TXN0020525,0
TXN0015080,0
TXN0041834,0
TXN0046947,0
TXN0037582,0
TXN0023775,0
TXN0028171,0
TXN0051116,0
TXN0024906,0
TXN0012025,0
TXN0052489,0
TXN0053714,0
TXN0040206,0
TXN0041626,0
TXN0014015,0
TXN0030594,0
TXN0002149,0
TXN0003614,0
TXN0040466,0
TXN0024921,0
TXN0011759,0
TXN0001526,0
TXN0002374,0
TXN0011444,0
TXN0036407,0
TXN0025668,0
TXN0026232,0
TXN0051280,0
TXN0020395,0
TXN0031611,0
TXN0022078,0
TXN0010037,0
TXN0014589,0
TXN0004764,0
TXN0027986,0
TXN0025780,0
TXN0010007,0
TXN0010802,0
TXN0054463,0
TXN0000226,0
TXN0002474,0
TXN0043749,0
TXN0005128,0
TXN0004770,0
TXN0032246,0
TXN0021043,0
TXN0037302,0
TXN0007901,0
TXN0034044,0
TXN0052185,0
TXN0051829,0
TXN0011365,0
TXN0045394,0
TXN0058369,0
TXN0055990,0
TXN0042843,0
TXN0020083,0
TXN0016808,0
TXN0056706,0
TXN0041551,0
TXN0059892,0
TXN0035465,0
TXN0031934,0
TXN0003226,0
TXN0055527,0
TXN0037072,0
TXN0013581,0
TXN0014462,0
TXN0037227,0
TXN0038449,0
TXN0044663,0
TXN0009132,0
TXN0050307,0
TXN0016662,0
TXN0006551,0
TXN0032597,0
TXN0045160,0
TXN0019649,0
TXN0043607,0
TXN0030634,0
TXN0056140,0
TXN0023747,0
TXN0002345,0
TXN0007656,0
TXN0034900,0
TXN0043660,0
TXN0012995,0
TXN0046528,0
TXN0027809,0
TXN0042363,0
TXN0028881,0
TXN0011883,0
TXN0023945,0
TXN0041325,0
TXN0036812,0
TXN0050218,0
TXN0035750,0
TXN0026042,0
TXN0051432,0
TXN0036360,0
TXN0057818,0
TXN0028458,0
TXN0019896,0
TXN0039914,0
TXN0002275,0
TXN0003282,0
TXN0024157,0
TXN0033183,0
TXN0032231,0
TXN0044954,0
TXN0030991,0
TXN0024793,0
TXN0039511,0
TXN0000750,0
TXN0023822,0
TXN0038337,0
TXN0016785,0
TXN0042735,0
TXN0049961,0
TXN0029862,0
TXN0000311,0
TXN0026985,0
TXN0030198,0
TXN0020500,0
TXN0011731,0
TXN0028421,0
TXN0004665,0
TXN0043090,0
TXN0047872,0
TXN0030018,0
TXN0018080,0
TXN0021766,0
TXN0006865,0
TXN0054480,0
TXN0048336,0
TXN0043602,0
TXN0012124,0
TXN0056294,0
TXN0005053,0
TXN0033492,0
TXN0014417,0
TXN0010428,0
TXN0007599,0
TXN0052208,0
TXN0057605,0
TXN0029471,0
TXN0020406,0
TXN0058048,0
TXN0055040,0
TXN0045177,0
TXN0006401,0
TXN0032070,0
TXN0040352,0
TXN0004593,0
TXN0044496,0
TXN0048305,0
TXN0031592,0
TXN0005756,0
TXN0012406,0
TXN0021669,0
TXN0017371,0
TXN0003350,0
TXN0030630,0
TXN0052421,0
TXN0058831,0
TXN0000438,0
TXN0012704,0
TXN0046879,0
TXN0005468,0
TXN0006740,0
TXN0022903,0
TXN0014810,0
TXN0022685,0
TXN0013595,0
TXN0005684,0
TXN0051160,0
TXN0051073,0
TXN0039716,0
TXN0046740,0
TXN0028751,0
TXN0015394,0
TXN0009994,0
TXN0038600,0
TXN0035126,0
TXN0020949,0
TXN0039866,0
TXN0049893,0
TXN0057420,0
TXN0006649,0
TXN0014782,0
TXN0056444,0
TXN0050564,0
TXN0042018,0
TXN0049326,0
TXN0013360,0
TXN0042945,0
TXN0047580,0
TXN0022140,0
TXN0011248,0
TXN0025918,0
TXN0045134,0
TXN0010709,0
TXN0036419,0
TXN0036312,0
TXN0055553,0
TXN0008574,0
TXN0032680,0
TXN0025393,0
TXN0047483,0
TXN0019690,0
TXN0015789,0
TXN0030793,0
TXN0002293,0
TXN0025850,0
TXN0053250,0
TXN0045751,0
TXN0053973,0
TXN0026831,0
TXN0032248,0
TXN0006222,0
TXN0013182,0
TXN0040626,0
TXN0032410,0
TXN0030592,0
TXN0031853,0
TXN0058814,0
TXN0048204,0
TXN0008101,0
TXN0002754,0
TXN0014740,0
TXN0002617,0
TXN0049588,0
TXN0049779,0
TXN0015413,0
TXN0035260,0
TXN0001763,0
TXN0018044,0
TXN0038232,0
TXN0036969,0
TXN0001656,0
TXN0008202,0
TXN0002277,0
TXN0030310,0
TXN0037254,0
TXN0016398,0
TXN0043287,0
TXN0007747,0
TXN0032538,0
TXN0057231,0
TXN0044998,0
TXN0017280,0
TXN0059045,0
TXN0043862,0
TXN0041694,0
TXN0042523,0
TXN0006146,0
TXN0053114,0
TXN0043297,0
TXN0003063,0
TXN0042989,0
TXN0044105,0
TXN0053529,0
TXN0047036,0
TXN0018995,0
TXN0057642,0
TXN0035299,0
TXN0034011,0
TXN0040781,0
TXN0027170,0
TXN0029419,0
TXN0043418,0
TXN0014065,0
TXN0014806,0
TXN0027406,0
TXN0011611,0
TXN0046208,0
TXN0000180,0
TXN0029755,0
TXN0059118,0
TXN0010035,0
TXN0010423,0
TXN0048966,0
TXN0055866,0
TXN0008090,0
TXN0046535,0
TXN0042286,0
TXN0046689,0
TXN0051742,0
TXN0054926,0
TXN0000013,0
TXN0056586,0
TXN0035646,0
TXN0038064,0
TXN0008494,0
TXN0022008,0
TXN0014874,0
TXN0053994,0
TXN0013310,0
TXN0031109,0
TXN0056511,0
TXN0026642,0
TXN0027674,0
TXN0044609,0
TXN0004496,0
TXN0005460,0
TXN0044445,0
TXN0038552,0
TXN0025585,0
TXN0015946,0
TXN0002137,0
TXN0053403,0
TXN0043179,0
TXN0031929,0
TXN0024595,0
TXN0014045,0
TXN0039965,0
TXN0026068,0
TXN0046463,0
TXN0029291,0
TXN0041117,0
TXN0010329,0
TXN0059138,0
TXN0027059,0
TXN0003683,0
TXN0032727,0
TXN0058272,0
TXN0035591,0
TXN0056869,0
TXN0047697,0
TXN0037703,0
TXN0009276,0
TXN0048813,0
TXN0044058,0
TXN0030159,0
TXN0028814,0
TXN0056754,0
TXN0013041,0
TXN0042005,0
TXN0014453,0
TXN0056281,0
TXN0007369,0
TXN0014371,0
TXN0048166,0
TXN0005641,0
TXN0012296,0
TXN0054149,0
TXNS00210,1
TXN0023841,0
TXN0050984,0
TXN0059836,0
TXN0041700,0
TXN0056155,0
TXN0034149,0
TXN0041970,0
TXN0048725,0
TXN0021241,0
TXN0039375,0
TXN0011225,0
TXN0052118,0
TXN0003442,0
TXN0000631,0
TXN0002052,0
TXN0011840,0
TXN0057707,0
TXN0019079,0
TXN0044858,0
TXN0035296,0
TXN0048493,0
TXN0045094,0
TXN0033317,0
TXN0000600,0
TXN0016826,0
TXN0038634,0
TXN0052957,0
TXN0014194,0
TXN0007945,0
TXN0055233,0
TXN0018337,0
TXN0028122,0
TXN0029017,0
TXN0035859,0
TXN0000919,0
TXN0029141,0
TXN0007555,0
TXN0031827,0
TXN0009426,0
TXN0034423,0
TXN0031332,0
TXN0043637,0
TXN0017309,0
TXN0001801,0
TXN0011401,0
TXN0035717,0
TXN0052034,0
TXN0025203,0
TXN0030872,0
TXN0012773,0
TXN0043969,0
TXN0053234,0
TXN0011843,0
TXN0008957,0
TXN0041110,0
TXN0052746,0
TXN0013462,0
TXN0003318,0
TXN0058528,0
TXN0000157,0
TXN0058613,0
TXN0057723,0
TXN0041376,0
TXN0033219,0
TXN0000596,0
TXN0048551,0
TXN0008339,0
TXN0033666,0
TXN0005434,0
TXN0052829,0
TXN0059142,0
TXN0045573,0
TXN0001478,0
TXN0036241,0
TXN0030421,0
TXN0032292,0
TXN0027667,0
TXN0026964,0
TXN0047164,0
TXN0007707,0
TXN0032139,0
TXN0000308,0
TXN0039564,0
TXN0050171,0
TXN0026552,0
TXN0059095,0
TXN0024422,0
TXN0040950,0
TXN0036910,0
TXN0011846,0
TXN0045542,0
TXN0031654,0
TXN0028148,0
TXN0050285,0
TXN0053128,0
TXN0005082,0
TXN0039838,0
TXN0041284,0
TXN0009565,0
TXN0038268,0
TXN0014854,0
TXN0014977,0
TXN0031935,0
TXN0040027,0
TXN0041338,0
TXN0012843,0
TXN0036991,0
TXN0056078,0
TXN0042580,0
TXN0013721,0
TXN0057809,0
TXN0026304,0
TXN0021499,0
TXN0015548,0
TXN0001339,0
TXN0033702,0
TXN0018151,0
TXN0032304,0
TXN0010606,0
TXN0059335,0
TXN0054611,0
TXN0047912,0
TXN0051260,0
TXN0021794,0
TXN0043729,0
TXN0011058,0
TXN0005401,0
TXN0023839,0
TXN0000096,0
TXN0058075,0
TXN0028537,0
TXN0024964,0
TXN0059164,0
TXN0004913,0
TXN0005628,0
TXN0058084,0
TXN0036086,0
TXN0032648,0
TXN0058237,0
TXN0057051,0
TXN0040989,0
TXN0044153,0
TXN0025085,0
TXN0042894,0
TXN0044102,0
TXN0029260,0
TXN0045116,0
TXN0002254,0
TXN0050207,0
TXN0040028,0
TXN0037881,0
TXN0014765,0
TXN0028815,0
TXN0039237,0
TXN0003113,0
TXN0000118,0
TXN0033659,0
TXN0014505,0
TXN0035279,0
TXN0051488,0
TXN0044154,0
TXN0058499,0
TXN0022667,0
TXN0016918,0
TXN0028191,0
TXN0037110,0
TXN0041355,0
TXN0042501,0
TXN0013122,0
TXN0004235,0
TXN0003835,0
TXN0047768,0
TXN0047232,0
TXN0036314,0
TXN0057229,0
TXN0024666,0
TXN0046430,0
TXN0036279,0
TXN0040265,0
TXN0028473,0
TXN0024606,0
TXN0016831,0
TXN0016124,0
TXN0031872,0
TXN0041040,0
TXN0016941,0
TXN0008246,0
TXN0017248,0
TXN0012573,0
TXN0054474,0
TXN0037182,0
TXN0010398,0
TXN0028721,0
TXN0019765,0
TXN0047633,0
TXN0024292,0
TXN0038834,0
TXN0024184,0
TXN0023208,0
TXN0053658,0
TXN0016027,0
TXN0029027,0
TXN0004737,0
TXN0021073,0
TXN0015516,0
TXN0007049,0
TXN0011080,0
TXN0058033,0
TXN0043043,0
TXN0053076,0
TXN0011622,0
TXN0022041,0
TXN0025429,0
TXN0010277,0
TXN0035636,0
TXN0028503,0
TXN0012200,0
TXN0051266,0
TXN0033423,0
TXN0014145,0
TXN0031413,0
TXN0025151,0
TXN0001968,0
TXN0038332,0
TXN0014643,0
TXN0013389,0
TXN0007350,0
TXN0041396,0
TXN0000546,0
TXN0042492,0
TXN0031698,0
TXN0011187,0
TXN0031326,0
TXN0022197,0
TXN0025341,0
TXN0006042,0
TXN0031444,0
TXN0003922,0
TXN0027226,0
TXN0041788,0
TXN0037949,0
TXN0047178,0
TXN0046462,0
TXN0034962,0
TXN0055453,0
TXN0004149,0
TXN0043375,0
TXN0046096,0
TXN0016470,0
TXN0045058,0
TXN0043248,0
TXN0005273,0
TXN0009633,0
TXN0046722,0
TXN0015805,0
TXN0006375,0
TXN0026131,0
TXN0039658,0
TXN0033258,0
TXN0032181,0
TXN0026952,0
TXN0041498,0
TXN0032523,0
TXN0052386,0
TXN0021745,0
TXN0034613,0
TXN0055120,0
TXN0054713,0
TXN0059454,0
TXN0037137,0
TXN0039870,0
TXN0032484,0
TXN0021100,0
TXN0002715,0
TXN0011309,0
TXN0037932,0
TXN0006681,0
TXN0044160,0
TXN0021915,0
TXN0056315,0
TXN0007098,0
TXN0002602,0
TXN0015335,0
TXN0028589,0
TXN0049161,0
TXN0049912,0
TXN0029013,0
TXN0025606,0
TXN0009087,0
TXN0003622,0
TXN0031851,0
TXN0048612,0
TXN0020832,0
TXN0056338,0
TXN0015178,0
TXN0001383,0
TXN0039641,0
TXN0053972,0
TXN0003200,0
TXN0037815,0
TXN0036045,0
TXN0045114,0
TXN0005014,0
TXN0031069,0
TXN0055371,0
TXN0025384,0
TXN0014213,0
TXN0055272,0
TXN0040582,0
TXN0055999,0
TXN0035928,0
TXN0055548,0
TXN0041714,0
TXN0033498,0
TXN0025415,0
TXN0059951,0
TXN0047069,0
TXN0038986,0
TXN0037027,0
TXN0030001,0
TXN0024178,0
TXN0006118,0
TXN0041054,0
TXN0017496,0
TXN0018124,0
TXN0001303,0
TXN0032678,0
TXN0029596,0
TXN0059220,0
TXN0019034,0
TXN0041558,0
TXN0006686,0
TXN0049130,0
TXN0010408,0
TXN0034218,0
TXN0020630,0
TXN0019825,0
TXN0051267,0
TXN0039440,0
TXN0035951,0
TXN0006137,0
TXN0033244,0
TXN0033792,0
TXN0018517,0
TXN0021728,0
TXN0014922,0
TXN0010333,0
TXN0022596,0
TXN0005117,0
TXN0024010,0
TXN0017477,0
TXN0057481,0
TXN0040704,0
TXN0039506,0
TXN0014501,0
TXN0019822,0
TXN0032144,0
TXN0038407,0
TXN0002258,0
TXN0058110,0
TXN0015840,0
TXN0058400,0
TXN0034969,0
TXN0013999,0
TXN0038307,0
TXN0038894,0
TXN0013732,0
TXN0015068,0
TXN0027016,0
TXN0028665,0
TXN0054546,0
TXN0015956,0
TXN0016647,0
TXN0048144,0
TXN0035534,0
TXN0014532,0
TXN0059858,0
TXN0050323,0
TXN0046434,0
TXN0057277,0
TXN0011666,0
TXN0003177,0
TXN0026772,0
TXN0043107,0
TXN0047108,0
TXN0028600,0
TXN0047964,0
TXN0015017,0
TXN0018430,0
TXN0016026,0
TXN0014748,0
TXN0014794,0
TXN0040977,0
TXN0021492,0
TXN0012019,0
TXN0037191,0
TXN0047381,0
TXN0002281,0
TXN0042385,0
TXN0022126,0
TXN0044117,0
TXN0057242,0
TXN0034664,0
TXN0034005,0
TXN0037373,0
TXN0003886,0
TXN0023615,0
TXN0000494,0
TXN0001867,0
TXN0038956,0
TXN0044718,0
TXN0028407,0
TXN0027861,0
TXN0034104,0
TXN0035385,0
TXN0029611,0
TXN0012524,0
TXN0031882,0
TXN0001332,0
TXN0012240,0
TXN0043290,0
TXN0035686,0
TXN0012461,0
TXN0023738,0
TXN0047756,0
TXN0048539,0
TXN0044365,0
TXN0053595,0
TXN0004439,0
TXN0007908,0
TXN0045514,0
TXN0008268,0
TXN0033626,0
TXN0038625,0
TXN0037256,0
TXN0050003,0
TXN0002308,0
TXN0016197,0
TXN0059136,0
TXN0010781,0
TXN0025403,0
TXN0012425,0
TXN0000517,0
TXN0045870,0
TXN0015411,0
TXN0011118,0
TXN0052096,0
TXN0016989,0
TXN0021987,0
TXN0019795,0
TXN0028166,0
TXN0038468,0
TXN0042031,0
TXN0012793,0
TXN0037749,0
TXN0038422,0
TXN0054697,0
TXN0013705,0
TXN0051159,0
TXN0036099,0
TXN0043089,0
TXN0024334,0
TXN0045308,0
TXN0043268,0
TXN0055998,0
TXN0004226,0
TXN0004185,0
TXN0009037,0
TXN0053362,0
TXN0005489,0
TXN0057535,0
TXN0045533,0
TXN0027040,0
TXN0052107,0
TXN0013596,0
TXN0042057,0
TXN0030550,0
TXN0010297,0
TXN0004540,0
TXN0024823,0
TXN0058953,0
TXN0026229,0
TXN0039175,0
TXN0027232,0
TXN0011972,0
TXN0047898,0
TXN0005189,0
TXN0039193,0
TXN0058803,0
TXN0024333,0
TXN0017018,0
TXN0022141,0
TXN0047707,0
TXN0036746,0
TXN0051012,0
TXN0050655,0
TXN0031787,0
TXN0032633,0
TXN0006070,0
TXN0040306,0
TXN0027255,0
TXN0034070,0
TXN0018583,0
TXN0003500,0
TXN0007164,0
TXN0052213,0
TXN0015953,0
TXN0047833,0
TXN0036211,0
TXN0042692,0
TXN0055133,0
TXN0006815,0
TXN0000509,0
TXN0050760,0
TXN0011286,0
TXN0000107,0
TXN0000966,0
TXN0049892,0
TXN0031284,0
TXN0039590,0
TXN0057733,0
TXN0021588,0
TXN0059465,0
TXN0004608,0
TXN0012849,0
TXN0014856,0
TXN0046616,0
TXN0002548,0
TXN0052799,0
TXN0013606,0
TXN0017172,0
TXN0027427,0
TXN0040620,0
TXN0033795,0
TXN0050242,0
TXN0011242,0
TXN0017900,0
TXN0054715,0
TXN0032198,0
TXN0005449,0
TXN0015429,0
TXN0053740,0
TXN0015561,0
TXN0031166,0
TXN0001146,0
TXN0005941,0
TXN0030149,0
TXN0022270,0
TXN0042009,0
TXN0005652,0
TXN0054440,0
TXN0027896,0
TXN0029615,0
TXN0041865,0
TXN0051872,0
TXN0056890,0
TXN0058933,0
TXN0004497,0
TXN0010392,0
TXN0015440,0
TXN0022275,0
TXN0059238,0
TXN0015889,0
TXN0010385,0
TXN0017840,0
TXN0026574,0
TXN0020813,0
TXN0032155,0
TXN0019804,0
TXN0008803,0
TXN0020780,0
TXN0018974,0
TXN0042683,0
TXN0055593,0
TXN0014576,0
TXN0045286,0
TXN0033658,0
TXN0047888,0
TXN0029280,0
TXN0044122,0
TXN0044903,0
TXN0022306,0
TXN0001179,0
TXN0041965,0
TXN0059778,0
TXN0031122,0
TXN0045829,0
TXN0029682,0
TXN0021373,0
TXN0021268,0
TXN0037659,0
TXN0030189,0
TXN0036083,0
TXN0050560,0
TXN0055454,0
TXN0026704,0
TXN0027622,0
TXN0008708,0
TXN0039883,0
TXN0002043,0
TXN0051652,0
TXN0056611,0
TXN0020793,0
TXN0029302,0
TXN0008047,0
TXN0023058,0
TXN0021190,0
TXN0046968,0
TXN0019242,0
TXN0030223,0
TXN0021656,0
TXN0037189,0
TXN0009739,0
TXN0021723,0
TXN0022267,0
TXN0046618,0
TXN0017598,0
TXN0023127,0
TXN0001346,0
TXN0031908,0
TXN0003102,0
TXN0001427,0
TXN0041827,0
TXN0036414,0
TXN0041826,0
TXN0041039,0
TXN0016135,0
TXN0034533,0
TXN0055526,0
TXN0032186,0
TXN0011195,0
TXN0006136,0
TXN0012998,0
TXN0014314,0
TXN0005288,0
TXN0007958,0
TXN0032984,0
TXN0005009,0
TXN0013465,0
TXN0045252,0
TXN0007900,0
TXN0057808,0
TXN0017289,0
TXN0006555,0
TXN0050547,0
TXN0002367,0
TXN0050645,0
TXN0004445,0
TXN0050303,0
TXN0013000,0
TXN0014667,0
TXN0019319,0
TXN0024349,0
TXN0002232,0
TXN0003592,0
TXN0051954,0
TXN0026079,0
TXN0026406,0
TXN0019902,0
TXN0029282,0
TXNR0232,1
TXN0059055,0
TXN0004216,0
TXN0030163,0
TXN0024382,0
TXN0008508,0
TXN0028316,0
TXN0049027,0
TXN0007279,0
TXN0054831,0
TXN0048053,0
TXN0041208,0
TXN0042844,0
TXN0022430,0
TXN0012564,0
TXN0058287,0
TXN0042473,0
TXN0039822,0
TXN0051269,0
TXN0030240,0
TXN0000278,0
TXN0059941,0
TXN0006352,0
TXN0023273,0
TXN0059580,0
TXN0013838,0
TXN0051966,0
TXN0053954,0
TXN0033775,0
TXN0000374,0
TXN0018471,0
TXN0054989,0
TXN0024145,0
TXN0026607,0
TXN0031763,0
TXN0024912,0
TXN0055194,0
TXN0015301,0
TXN0026053,0
TXN0033841,0
TXN0004900,0
TXN0006514,0
TXN0046455,0
TXN0017530,0
TXN0056715,0
TXN0016953,0
TXN0009880,0
TXN0013597,0
TXN0054787,0
TXN0014985,0
TXN0026795,0
TXN0033871,0
TXN0054903,0
TXN0049428,0
TXN0014611,0
TXN0054197,0
TXN0059293,0
TXN0017054,0
TXN0010368,0
TXN0045189,0
TXN0010700,0
TXN0041046,0
TXN0048794,0
TXN0016780,0
TXN0016525,0
TXN0012151,0
TXN0023512,0
TXN0027753,0
TXN0059930,0
TXN0020831,0
TXN0018490,0
TXN0056881,0
TXN0052964,0
TXN0044216,0
TXN0057601,0
TXN0022608,0
TXN0018326,0
TXN0022587,0
TXN0015244,0
TXN0000398,0
TXN0004768,0
TXN0015760,0
TXN0009757,0
TXN0053709,0
TXN0017912,0
TXN0047022,0
TXN0016696,0
TXN0016326,0
TXN0005183,0
TXN0046552,0
TXN0015855,0
TXN0058654,0
TXN0046516,0
TXN0011129,0
TXN0033386,0
TXN0032588,0
TXN0024153,0
TXN0050075,0
TXN0045372,0
TXN0041088,0
TXN0005500,0
TXN0051420,0
TXN0033865,0
TXN0056773,0
TXN0009844,0
TXN0007926,0
TXN0004183,0
TXN0048767,0
TXN0043412,0
TXN0000566,0
TXN0010962,0
TXN0045837,0
TXN0016501,0
TXN0041472,0
TXN0026402,0
TXN0048401,0
TXN0046164,0
TXN0013004,0
TXN0054345,0
TXN0023879,0
TXN0007605,0
TXN0006024,0
TXN0004356,0
TXN0015246,0
TXN0018022,0
TXN0026422,0
TXN0043549,0
TXN0045578,0
TXN0025065,0
TXN0019772,0
TXN0050524,0
TXN0019633,0
TXN0038375,0
TXN0008686,0
TXN0059692,0
TXN0057476,0
TXN0011417,0
TXN0033713,0
TXN0041493,0
TXN0014702,0
TXN0046027,0
TXN0052500,0
TXN0059893,0
TXN0014433,0
TXN0043346,0
TXN0032744,0
TXN0027243,0
TXN0012292,0
TXN0018686,0
TXN0033424,0
TXN0021543,0
TXN0031453,0
TXN0007236,0
TXN0041495,0
TXN0033046,0
TXN0031554,0
TXN0055822,0
TXN0015785,0
TXN0018480,0
TXN0058422,0
TXN0009103,0
TXN0022153,0
TXN0036056,0
TXN0056142,0
TXN0050060,0
TXN0025172,0
TXN0043233,0
TXN0018121,0
TXN0002505,0
TXN0009944,0
TXN0031737,0
TXN0050018,0
TXN0043238,0
TXN0037113,0
TXN0025413,0
TXN0038874,0
TXN0009697,0
TXN0046282,0
TXN0057685,0
TXN0033425,0
TXN0057641,0
TXN0026758,0
TXN0000959,0
TXN0005278,0
TXN0028886,0
TXN0043211,0
TXN0038982,0
TXN0059626,0
TXN0051754,0
TXN0000437,0
TXN0026343,0
TXN0024523,0
TXN0042905,0
TXN0015746,0
TXN0007315,0
TXN0016177,0
TXN0014094,0
TXN0014850,0
TXN0037636,0
TXN0005242,0
TXN0037009,0
TXN0033136,0
TXN0022698,0
TXN0001488,0
TXN0054359,0
TXN0025641,0
TXN0037031,0
TXN0029268,0
TXN0058028,0
TXN0032623,0
TXN0031386,0
TXN0049773,0
TXN0035778,0
TXN0046595,0
TXN0039100,0
TXN0026633,0
TXN0053238,0
TXN0047009,0
TXN0040427,0
TXN0047019,0
TXN0009409,0
TXN0022323,0
TXN0041464,0
TXN0046018,0
TXN0047433,0
TXN0057380,0
TXN0005826,0
TXN0009619,0
TXN0033502,0
TXN0027638,0
TXN0006369,0
TXN0015462,0
TXN0048742,0
TXN0020060,0
TXN0032929,0
TXN0024777,0
TXN0002720,0
TXN0054230,0
TXN0022786,0
TXN0030656,0
TXN0031513,0
TXN0009048,0
TXN0019006,0
TXN0006334,0
TXN0035037,0
TXN0054788,0
TXN0027404,0
TXN0047104,0
TXN0031223,0
TXN0039644,0
TXN0013573,0
TXN0059536,0
TXN0034306,0
TXN0019492,0
TXN0001416,0
TXN0041238,0
TXN0046885,0
TXN0049366,0
TXN0023433,0
TXN0050397,0
TXN0030824,0
TXN0025419,0
TXN0043443,0
TXN0004786,0
TXN0049299,0
TXN0050875,0
TXN0047473,0
TXN0052328,0
TXN0057447,0
TXN0047958,0
TXN0017583,0
TXN0056320,0
TXN0044917,0
TXN0046231,0
TXN0012431,0
TXN0019165,0
TXN0015809,0
TXN0040827,0
TXN0049824,0
TXN0032224,0
TXN0000542,0
TXN0056106,0
TXN0052507,0
TXN0029518,0
TXN0029438,0
TXN0002496,0
TXN0036319,0
TXN0011115,0
TXN0017149,0
TXN0010484,0
TXN0040079,0
TXN0046919,0
TXN0005775,0
TXN0028659,0
TXN0059825,0
TXN0033510,0
TXN0044794,0
TXN0013097,0
TXN0030650,0
TXN0025799,0
TXN0027254,0
TXN0039903,0
TXN0056606,0
TXN0031151,0
TXN0037976,0
TXN0009658,0
TXN0010994,0
TXN0041770,0
TXN0044313,0
TXN0059575,0
TXN0011131,0
TXN0028158,0
TXN0001109,0
TXN0026198,0
TXN0022232,0
TXN0014956,0
TXN0018497,0
TXN0009299,0
TXN0026674,0
TXN0001133,0
TXN0047488,0
TXN0005098,0
TXN0048264,0
TXN0010944,0
TXN0015461,0
TXN0030526,0
TXN0019395,0
TXN0048637,0
TXN0051599,0
TXN0015028,0
TXN0009229,0
TXN0056089,0
TXN0007105,0
TXN0052551,0
TXN0043155,0
TXN0028863,0
TXN0055367,0
TXN0057011,0
TXN0030975,0
TXN0027096,0
TXN0036546,0
TXN0019209,0
TXN0043773,0
TXN0049209,0
TXN0020416,0
TXN0023309,0
TXN0051140,0
TXN0057742,0
TXN0002713,0
TXN0049545,0
TXN0047696,0
TXN0052529,0
TXN0008116,0
TXN0018109,0
TXN0058380,0
TXN0029243,0
TXN0019240,0
TXN0000649,0
TXN0034760,0
TXN0059869,0
TXN0029278,0
TXN0003215,0
TXN0008064,0
TXN0032887,0
TXN0021697,0
TXN0015849,0
TXN0047718,0
TXN0045739,0
TXN0008687,0
TXN0038541,0
TXN0007719,0
TXN0043900,0
TXN0056271,0
TXN0017474,0
TXN0019549,0
TXN0043165,0
TXN0019357,0
TXN0022630,0
TXN0008218,0
TXN0003193,0
TXN0038404,0
TXN0032961,0
TXN0035110,0
TXN0035266,0
TXN0059213,0
TXN0033140,0
TXN0009871,0
TXN0026095,0
TXN0006870,0
TXN0019391,0
TXN0018917,0
TXN0031242,0
TXN0038175,0
TXN0008934,0
TXN0036346,0
TXN0037434,0
TXN0013130,0
TXN0035387,0
TXN0036592,0
TXN0057142,0
TXN0005510,0
TXN0006700,0
TXN0057852,0
TXN0057945,0
TXN0044292,0
TXN0002220,0
TXN0003930,0
TXN0022417,0
TXN0000774,0
TXN0016957,0
TXN0022549,0
TXN0033984,0
TXN0001465,0
TXN0013172,0
TXN0006167,0
TXN0003367,0
TXN0002383,0
TXN0003438,0
TXN0007492,0
TXN0026695,0
TXN0020777,0
TXN0022701,0
TXN0058083,0
TXN0051820,0
TXN0046811,0
TXNS00331,1
TXN0021201,0
TXN0009771,0
TXN0029645,0
TXN0041868,0
TXN0014182,0
TXN0013747,0
TXN0031650,0
TXN0036249,0
TXN0017267,0
TXN0007303,0
TXN0017258,0
TXN0019529,0
TXN0053105,0
TXN0021456,0
TXN0020029,0
TXN0010448,0
TXN0050514,0
TXN0028201,0
TXN0039289,0
TXN0045473,0
TXN0039431,0
TXN0039436,0
TXN0054824,0
TXN0058073,0
TXN0012581,0
TXN0033330,0
TXN0026291,0
TXN0043892,0
TXN0036644,0
TXN0039820,0
TXN0037061,0
TXN0001108,0
TXN0011090,0
TXN0051596,0
TXN0007513,0
TXN0006914,0
TXN0008054,0
TXN0015529,0
TXN0003542,0
TXN0022544,0
TXN0008359,0
TXN0016316,0
TXN0034468,0
TXN0055574,0
TXN0002333,0
TXN0019722,0
TXN0053811,0
TXN0012729,0
TXN0032468,0
TXN0005093,0
TXN0012732,0
TXN0045502,0
TXN0048215,0
TXN0054814,0
TXN0054247,0
TXN0036540,0
TXN0038879,0
TXN0053085,0
TXN0031260,0
TXN0043149,0
TXN0038919,0
TXN0041698,0
TXN0035188,0
TXN0040120,0
TXN0004396,0
TXN0044806,0
TXN0035662,0
TXN0032170,0
TXN0021385,0
TXN0001441,0
TXN0042710,0
TXN0052942,0
TXN0026351,0
TXN0057767,0
TXN0052948,0
TXN0010671,0
TXN0039736,0
TXN0014023,0
TXN0037585,0
TXN0039315,0
TXN0004635,0
TXN0005450,0
TXN0011146,0
TXN0042032,0
TXN0001496,0
TXN0000733,0
TXN0033558,0
TXN0048897,0
TXN0015001,0
TXN0030199,0
TXN0035890,0
TXN0013466,0
TXN0018714,0
TXN0014640,0
TXN0035994,0
TXN0028932,0
TXN0036882,0
TXN0019603,0
TXN0028296,0
TXN0032329,0
TXN0020424,0
TXN0018694,0
TXN0046350,0
TXN0050782,0
TXN0040105,0
TXN0016828,0
TXN0029941,0
TXN0029431,0
TXN0047384,0
TXN0018209,0
TXN0054674,0
TXN0015181,0
TXN0056404,0
TXN0030792,0
TXN0001336,0
TXN0006564,0
TXN0020357,0
TXN0050558,0
TXN0021846,0
TXN0005964,0
TXN0053515,0
TXN0041397,0
TXN0037522,0
TXN0036763,0
TXN0006991,0
TXN0031365,0
TXN0013759,0
TXN0015786,0
TXN0001474,0
TXN0056366,0
TXN0043199,0
TXN0001553,0
TXN0020873,0
TXN0052758,0
TXN0031814,0
TXN0018011,0
TXN0016368,0
TXN0035558,0
TXN0029029,0
TXN0030238,0
TXN0023642,0
TXN0053883,0
TXN0052411,0
TXN0053042,0
TXN0052724,0
TXN0041601,0
TXN0016658,0
TXN0012231,0
TXN0050646,0
TXN0056217,0
TXN0025862,0
TXN0034573,0
TXN0029271,0
TXN0028108,0
TXN0002119,0
TXN0017364,0
TXN0031849,0
TXN0020177,0
TXN0050380,0
TXN0030057,0
TXN0007409,0
TXN0041126,0
TXN0037692,0
TXN0041596,0
TXN0029338,0
TXN0039704,0
TXN0048636,0
TXN0056362,0
TXN0006363,0
TXN0049046,0
TXN0051326,0
TXN0037277,0
TXN0030717,0
TXN0021334,0
TXN0010397,0
TXN0009162,0
TXN0019434,0
TXN0013997,0
TXN0040868,0
TXN0052679,0
TXN0005471,0
TXN0000392,0
TXN0021628,0
TXN0000452,0
TXN0023978,0
TXN0043465,0
TXN0005340,0
TXN0011206,0
TXN0011269,0
TXN0014356,0
TXN0034939,0
TXN0031183,0
TXN0039273,0
TXN0058192,0
TXN0011690,0
TXN0033680,0
TXN0033011,0
TXN0057414,0
TXN0024953,0
TXN0006289,0
TXN0001878,0
TXN0018224,0
TXN0045115,0
TXN0053199,0
TXN0002974,0
TXN0033335,0
TXN0022514,0
TXN0033102,0
TXN0022710,0
TXN0056989,0
TXN0028623,0
TXN0018916,0
TXN0029719,0
TXN0030053,0
TXN0045980,0
TXN0043503,0
TXN0020928,0
TXN0012096,0
TXN0003357,0
TXN0047424,0
TXN0018834,0
TXN0002748,0
TXN0043581,0
TXN0000023,0
TXN0025329,0
TXN0030324,0
TXN0058222,0
TXN0044480,0
TXN0013259,0
TXN0027159,0
TXN0018821,0
TXN0034684,0
TXN0035530,0
TXN0037974,0
TXN0005944,0
TXN0021894,0
TXN0009527,0
TXN0030645,0
TXN0027275,0
TXN0006216,0
TXN0006442,0
TXN0004508,0
TXN0033275,0
TXN0040623,0
TXN0050319,0
TXN0035356,0
TXN0015495,0
TXN0006176,0
TXN0022655,0
TXN0047602,0
TXN0040349,0
TXN0004738,0
TXN0001512,0
TXN0020993,0
TXN0009810,0
TXN0009761,0
TXN0020201,0
TXN0034043,0
TXN0027925,0
TXN0035748,0
TXN0013299,0
TXN0022472,0
TXN0051574,0
TXN0056065,0
TXN0010664,0
TXN0041365,0
TXN0002306,0
TXN0009575,0
TXN0046304,0
TXN0032300,0
TXN0031907,0
TXN0001839,0
TXN0051568,0
TXN0017947,0
TXN0004604,0
TXN0038630,0
TXN0036623,0
TXN0041838,0
TXN0017204,0
TXN0027795,0
TXN0032219,0
TXN0024629,0
TXN0033611,0
TXN0030693,0
TXN0037540,0
TXN0043072,0
TXN0048932,0
TXN0025540,0
TXN0032665,0
TXN0038442,0
TXN0016729,0
TXN0039668,0
TXN0005643,0
TXN0004020,0
TXN0007380,0
TXN0049624,0
TXN0015298,0
TXN0021690,0
TXN0007580,0
TXN0041572,0
TXN0056947,0
TXN0014825,0
TXN0026491,0
TXN0043186,0
TXN0023685,0
TXN0025576,0
TXN0002142,0
TXN0048211,0
TXN0016049,0
TXN0010264,0
TXN0047555,0
TXN0019831,0
TXN0036167,0
TXN0059006,0
TXN0051921,0
TXN0011086,0
TXN0009690,0
TXN0030927,0
TXN0044985,0
TXN0000309,0
TXN0055021,0
TXN0044265,0
TXN0001348,0
TXN0056018,0
TXN0050540,0
TXN0017812,0
TXN0049008,0
TXN0056240,0
TXN0035806,0
TXN0047131,0
TXN0012829,0
TXN0008482,0
TXN0019316,0
TXN0020771,0
TXN0045301,0
TXN0050504,0
TXN0048537,0
TXN0056310,0
TXN0028652,0
TXN0024567,0
TXN0010963,0
TXN0011502,0
TXN0024424,0
TXN0001113,0
TXN0056449,0
TXN0028375,0
TXN0042339,0
TXN0043004,0
TXN0020840,0
TXN0003344,0
TXN0051334,0
TXN0037587,0
TXN0052016,0
TXN0040571,0
TXN0029914,0
TXN0007721,0
TXN0035293,0
TXN0011126,0
TXN0034398,0
TXN0021394,0
TXN0010107,0
TXN0038795,0
TXN0035721,0
TXN0015044,0
TXN0042331,0
TXN0024646,0
TXN0052103,0
TXN0047911,0
TXN0046345,0
TXN0032268,0
TXN0058479,0
TXN0057039,0
TXN0046912,0
TXN0022225,0
TXN0012499,0
TXN0049507,0
TXN0010065,0
TXN0058487,0
TXN0040771,0
TXN0042433,0
TXN0006456,0
TXN0013922,0
TXN0007579,0
TXN0008082,0
TXN0007617,0
TXN0042020,0
TXN0052184,0
TXN0007388,0
TXN0049302,0
TXN0039934,0
TXN0040742,0
TXN0032676,0
TXN0023517,0
TXN0036229,0
TXN0014423,0
TXN0036840,0
TXN0052745,0
TXN0042528,0
TXN0042434,0
TXN0021670,0
TXN0009330,0
TXN0019705,0
TXN0023353,0
TXN0033771,0
TXN0041624,0
TXN0038324,0
TXN0025175,0
TXN0042474,0
TXN0029392,0
TXN0039681,0
TXN0045323,0
TXN0007755,0
TXN0013037,0
TXN0014593,0
TXN0051846,0
TXN0021968,0
TXN0059148,0
TXN0052226,0
TXN0056210,0
TXN0033588,0
TXN0000170,0
TXN0026813,0
TXN0053157,0
TXN0034347,0
TXN0041861,0
TXN0029585,0
TXN0032701,0
TXN0000342,0
TXN0013632,0
TXN0042728,0
TXN0043918,0
TXN0046280,0
TXN0038792,0
TXN0022937,0
TXN0011368,0
TXN0013478,0
TXN0025758,0
TXN0023357,0
TXN0007685,0
TXN0022046,0
TXN0025171,0
TXN0022280,0
TXN0018198,0
TXN0020033,0
TXN0007665,0
TXN0024015,0
TXN0023825,0
TXN0037856,0
TXN0052640,0
TXN0054888,0
TXN0034224,0
TXN0043424,0
TXN0014836,0
TXN0033524,0
TXN0044366,0
TXN0037342,0
TXN0020506,0
TXN0038542,0
TXN0044065,0
TXN0015884,0
TXN0011551,0
TXN0051672,0
TXN0031914,0
TXN0008467,0
TXN0043302,0
TXN0027614,0
TXN0044026,0
TXN0011364,0
TXN0047983,0
TXN0058363,0
TXN0001277,0
TXN0021379,0
TXN0029673,0
TXN0010765,0
TXN0039810,0
TXN0030661,0
TXN0008975,0
TXN0003106,0
TXN0011128,0
TXN0019060,0
TXN0035698,0
TXN0036269,0
TXN0051894,0
TXN0048389,0
TXN0051816,0
TXN0049454,0
TXN0038519,0
TXN0032211,0
TXN0047702,0
TXN0040982,0
TXN0058732,0
TXN0053934,0
TXN0011963,0
TXN0033773,0
TXN0059032,0
TXN0017406,0
TXN0004167,0
TXN0007724,0
TXN0017795,0
TXN0022718,0
TXN0021023,0
TXN0047995,0
TXN0030703,0
TXN0044055,0
TXN0032751,0
TXN0047512,0
TXN0004526,0
TXN0033801,0
TXN0031569,0
TXN0036190,0
TXN0009922,0
TXN0023971,0
TXN0027644,0
TXN0012574,0
TXN0053467,0
TXN0052791,0
TXN0034703,0
TXN0037336,0
TXN0008165,0
TXN0058181,0
TXN0051791,0
TXN0012918,0
TXN0049848,0
TXN0008306,0
TXN0030558,0
TXN0029068,0
TXN0028616,0
TXN0051538,0
TXN0018968,0
TXN0007152,0
TXN0023182,0
TXN0048527,0
TXN0034009,0
TXN0053227,0
TXN0055637,0
TXN0015653,0
TXN0014441,0
TXN0030762,0
TXN0014803,0
TXN0008835,0
TXN0036400,0
TXN0007873,0
TXN0020586,0
TXN0002239,0
TXN0032730,0
TXN0029045,0
TXN0001412,0
TXN0016272,0
TXN0054849,0
TXN0006612,0
TXN0033824,0
TXN0005679,0
TXN0052773,0
TXN0053586,0
TXN0033791,0
TXN0059986,0
TXN0050812,0
TXN0058572,0
TXN0025686,0
TXN0044162,0
TXN0027629,0
TXN0055926,0
TXN0029920,0
TXN0046483,0
TXN0041635,0
TXN0057658,0
TXN0011315,0
TXN0055223,0
TXN0015232,0
TXN0011641,0
TXN0025315,0
TXN0020019,0
TXN0030946,0
TXN0002376,0
TXN0014840,0
TXN0017652,0
TXN0059359,0
TXN0030742,0
TXN0025768,0
TXN0029053,0
TXN0004514,0
TXN0022642,0
TXN0013268,0
TXN0041818,0
TXN0046581,0
TXN0017628,0
TXN0015108,0
TXN0011104,0
TXN0014934,0
TXN0059899,0
TXN0048183,0
TXN0026703,0
TXN0052166,0
TXN0004342,0
TXN0032508,0
TXN0031638,0
TXN0059557,0
TXN0050603,0
TXN0053229,0
TXN0017972,0
TXN0006898,0
TXN0012726,0
TXN0022229,0
TXN0024980,0
TXN0006104,0
TXN0016095,0
TXN0019745,0
TXN0040651,0
TXN0019608,0
TXN0053125,0
TXN0048249,0
TXN0036687,0
TXN0040521,0
TXN0021850,0
TXN0032288,0
TXN0059656,0
TXN0002525,0
TXN0059455,0
TXN0009027,0
TXN0053882,0
TXN0013537,0
TXN0026332,0
TXN0021761,0
TXN0045684,0
TXN0018332,0
TXN0026306,0
TXN0020464,0
TXN0022783,0
TXN0032310,0
TXN0030039,0
TXN0049088,0
TXN0011847,0
TXN0022845,0
TXN0058507,0
TXN0032133,0
TXN0030252,0
TXN0008133,0
TXN0002577,0
TXN0057241,0
TXN0037313,0
TXN0032359,0
TXN0010899,0
TXN0023716,0
TXN0058930,0
TXN0017879,0
TXN0005421,0
TXN0012752,0
TXN0057988,0
TXN0008982,0
TXN0003998,0
TXN0037108,0
TXN0015661,0
TXN0046035,0
TXN0045474,0
TXN0016635,0
TXN0028081,0
TXN0004819,0
TXN0046274,0
TXN0005800,0
TXN0040348,0
TXN0058435,0
TXN0008860,0
TXN0017816,0
TXN0036715,0
TXN0041584,0
TXN0031636,0
TXN0040102,0
TXN0037808,0
TXN0005198,0
TXN0008354,0
TXN0027737,0
TXN0058204,0
TXN0049388,0
TXN0014206,0
TXN0052562,0
TXN0001419,0
TXN0055354,0
TXN0023020,0
TXN0027805,0
TXN0050354,0
TXN0047262,0
TXN0059310,0
TXN0043687,0
TXN0014509,0
TXN0028101,0
TXN0006326,0
TXN0057704,0
TXN0019397,0
TXN0002917,0
TXN0053100,0
TXN0049935,0
TXN0002129,0
TXNS00621,1
TXN0038048,0
TXN0051554,0
TXN0011169,0
TXN0029384,0
TXN0005654,0
TXN0003779,0
TXN0002122,0
TXN0030202,0
TXN0029337,0
TXN0022722,0
TXN0010480,0
TXN0043244,0
TXN0038776,0
TXN0025659,0
TXN0037090,0
TXN0000232,0
TXN0000313,0
TXN0028049,0
TXN0012048,0
TXN0005961,0
TXN0047401,0
TXN0027063,0
TXN0013475,0
TXN0033930,0
TXN0024651,0
TXN0004194,0
TXN0031143,0
TXN0053480,0
TXN0024132,0
TXN0056319,0
TXN0031073,0
TXN0055581,0
TXN0012592,0
TXN0033169,0
TXN0050581,0
TXN0004650,0
TXN0051724,0
TXN0014368,0
TXN0016223,0
TXN0010183,0
TXN0036306,0
TXN0024768,0
TXN0046966,0
TXN0044303,0
TXN0043735,0
TXN0056165,0
TXN0002115,0
TXN0012650,0
TXN0007880,0
TXN0024155,0
TXN0050398,0
TXN0057528,0
TXN0043200,0
TXN0050454,0
TXN0055134,0
TXN0002894,0
TXN0047138,0
TXN0034666,0
TXN0020798,0
TXN0039615,0
TXN0022274,0
TXN0036423,0
TXN0032164,0
TXN0005231,0
TXN0019052,0
TXN0015431,0
TXN0035304,0
TXN0000083,0
TXN0043488,0
TXN0024684,0
TXN0002053,0
TXN0041537,0
TXN0045577,0
TXN0031685,0
TXN0015888,0
TXN0012749,0
TXN0018832,0
TXN0057892,0
TXN0042285,0
TXN0045653,0
TXN0054229,0
TXN0006272,0
TXN0026195,0
TXN0008785,0
TXN0036720,0
TXN0049958,0
TXN0023098,0
TXN0050880,0
TXN0053543,0
TXN0021907,0
TXN0048208,0
TXN0041742,0
TXN0038937,0
TXN0022374,0
TXN0034741,0
TXN0004191,0
TXN0039336,0
TXN0012286,0
TXN0024701,0
TXN0015464,0
TXN0019882,0
TXN0005960,0
TXN0046258,0
TXN0039655,0
TXN0003853,0
TXN0013659,0
TXN0034345,0
TXN0030219,0
TXN0055104,0
TXN0032454,0
TXN0000723,0
TXN0012324,0
TXN0029234,0
TXN0032719,0
TXN0017815,0
TXN0049590,0
TXN0018679,0
TXN0023635,0
TXN0021024,0
TXN0042237,0
TXN0046265,0
TXN0056782,0
TXN0011996,0
TXN0008626,0
TXN0055448,0
TXN0053355,0
TXN0050506,0
TXN0020206,0
TXN0017183,0
TXN0013174,0
TXN0019432,0
TXN0040792,0
TXN0038499,0
TXN0040702,0
TXN0027309,0
TXN0015771,0
TXN0018869,0
TXN0030903,0
TXN0055232,0
TXN0012723,0
TXN0028252,0
TXN0004974,0
TXN0032372,0
TXN0042370,0
TXN0016649,0
TXN0014459,0
TXN0008313,0
TXN0020257,0
TXN0006324,0
TXN0016133,0
TXN0030423,0
TXN0036168,0
TXN0057063,0
TXN0024786,0
TXN0043985,0
TXN0034867,0
TXN0036685,0
TXN0056518,0
TXN0011238,0
TXN0027522,0
TXN0045574,0
TXN0024452,0
TXN0059991,0
TXN0023158,0
TXN0054646,0
TXN0052998,0
TXN0015079,0
TXN0021824,0
TXN0046353,0
TXN0051376,0
TXN0022500,0
TXN0000746,0
TXN0039597,0
TXN0021048,0
TXN0020342,0
TXN0057069,0
TXN0059217,0
TXN0030458,0
TXN0008522,0
TXN0031646,0
TXN0004443,0
TXN0011764,0
TXN0047223,0
TXN0001555,0
TXN0039160,0
TXN0012887,0
TXN0040401,0
TXN0047700,0
TXN0029356,0
TXN0029528,0
TXN0028298,0
TXN0004412,0
TXN0030170,0
TXN0019315,0
TXN0023628,0
TXN0016156,0
TXN0030174,0
TXN0043928,0
TXN0034970,0
TXN0022167,0
TXN0019100,0
TXN0015353,0
TXN0034903,0
TXN0030259,0
TXN0051701,0
TXN0033995,0
TXN0043748,0
TXN0009929,0
TXN0016054,0
TXN0005081,0
TXN0008201,0
TXN0054844,0
TXN0022055,0
TXN0058692,0
TXN0041384,0
TXN0025913,0
TXN0021994,0
TXN0000738,0
TXN0025893,0
TXN0000709,0
TXN0009464,0
TXN0028131,0
TXN0050364,0
TXN0031550,0
TXN0013125,0
TXN0021482,0
TXN0057274,0
TXN0036040,0
TXN0049918,0
TXN0002373,0
TXN0011020,0
TXN0034124,0
TXN0053970,0
TXN0024446,0
TXN0010921,0
TXN0009786,0
TXN0047869,0
TXN0034586,0
TXN0050391,0
TXN0021425,0
TXN0030928,0
TXN0011180,0
TXN0020474,0
TXN0028335,0
TXN0018835,0
TXN0024163,0
TXN0041077,0
TXN0030372,0
TXN0058325,0
TXN0057880,0
TXN0019972,0
TXN0020712,0
TXN0055417,0
TXN0024352,0
TXN0015168,0
TXN0043057,0
TXN0054892,0
TXN0035014,0
TXN0013926,0
TXN0041359,0
TXN0006399,0
TXN0036418,0
TXN0011000,0
TXN0010294,0
TXN0042154,0
TXN0014741,0
TXN0026387,0
TXN0002529,0
TXN0051697,0
TXN0014736,0
TXN0040451,0
TXN0025894,0
TXN0015085,0
TXN0001549,0
TXN0012744,0
TXN0054447,0
TXN0047594,0
TXN0017255,0
TXN0054954,0
TXN0004068,0
TXN0033242,0
TXN0026063,0
TXN0027749,0
TXN0049364,0
TXN0028303,0
TXN0029497,0
TXN0034106,0
TXN0059993,0
TXN0016721,0
TXN0031397,0
TXN0048396,0
TXN0050328,0
TXN0003566,0
TXN0005174,0
TXN0035742,0
TXN0049591,0
TXN0033900,0
TXN0053694,0
TXN0036957,0
TXN0026662,0
TXN0041705,0
TXN0015709,0
TXN0039854,0
TXN0057976,0
TXN0010969,0
TXN0022599,0
TXN0050706,0
TXN0039975,0
TXN0010381,0
TXN0049595,0
TXN0001429,0
TXN0035630,0
TXN0000033,0
TXN0052332,0
TXN0014036,0
TXN0059235,0
TXN0005233,0
TXN0014565,0
TXN0015800,0
TXN0001550,0
TXN0018272,0
TXN0030456,0
TXN0042389,0
TXN0010217,0
TXN0053649,0
TXN0014331,0
TXN0058343,0
TXN0008670,0
TXN0005221,0
TXN0009414,0
TXN0000188,0
TXN0037572,0
TXN0024749,0
TXN0033433,0
TXN0047789,0
TXN0013226,0
TXN0014362,0
TXN0025764,0
TXN0036778,0
TXN0023458,0
TXN0050005,0
TXN0002227,0
TXN0058695,0
TXN0013867,0
TXN0029343,0
TXN0002207,0
TXN0006062,0
TXN0041036,0
TXN0045705,0
TXN0004999,0
TXN0017196,0
TXN0040837,0
TXN0051380,0
TXN0045152,0
TXN0010048,0
TXN0006454,0
TXN0006052,0
TXN0000239,0
TXN0000616,0
TXN0009831,0
TXN0022924,0
TXN0044076,0
TXN0040003,0
TXN0024878,0
TXN0049137,0
TXN0013108,0
TXN0032249,0
TXN0041766,0
TXN0036420,0
TXN0023455,0
TXN0019841,0
TXN0042343,0
TXN0000043,0
TXN0026891,0
TXN0037615,0
TXN0051252,0
TXN0015224,0
TXN0023699,0
TXN0034757,0
TXN0020124,0
TXN0016614,0
TXN0010137,0
TXN0029167,0
TXN0011930,0
TXN0006671,0
TXN0057013,0
TXN0000312,0
TXN0046798,0
TXN0042494,0
TXN0021964,0
TXN0025253,0
TXN0049512,0
TXN0016982,0
TXN0013517,0
TXN0047982,0
TXN0047407,0
TXN0016794,0
TXN0004880,0
TXN0042707,0
TXN0046276,0
TXN0019463,0
TXN0005694,0
TXN0008910,0
TXN0006760,0
TXN0059963,0
TXN0051291,0
TXN0031281,0
TXN0028215,0
TXN0018501,0
TXN0031418,0
TXN0048118,0
TXN0053674,0
TXN0000831,0
TXN0059642,0
TXN0055864,0
TXN0036033,0
TXN0007986,0
TXN0035088,0
TXN0001456,0
TXN0054880,0
TXN0033721,0
TXN0026808,0
TXN0032681,0
TXN0047017,0
TXN0000574,0
TXN0049766,0
TXN0015146,0
TXN0031263,0
TXN0052028,0
TXN0021603,0
TXN0055880,0
TXN0012766,0
TXN0031717,0
TXN0024081,0
TXN0030091,0
TXN0021816,0
TXN0018422,0
TXN0054613,0
TXN0028567,0
TXN0018014,0
TXN0018853,0
TXN0049776,0
TXN0003988,0
TXN0046111,0
TXN0002828,0
TXN0005226,0
TXN0016580,0
TXN0013658,0
TXN0034634,0
TXN0057724,0
TXN0021750,0
TXN0023998,0
TXN0002725,0
TXN0043742,0
TXN0056847,0
TXN0038816,0
TXN0008748,0
TXN0054107,0
TXN0041373,0
TXN0021218,0
TXN0037453,0
TXN0038535,0
TXN0041022,0
TXN0002264,0
TXN0049966,0
TXN0045864,0
TXN0003530,0
TXN0045470,0
TXN0039970,0
TXN0042647,0
TXN0037332,0
TXN0015952,0
TXN0046536,0
TXN0002971,0
TXN0026846,0
TXN0054550,0
TXN0054934,0
TXN0001203,0
TXN0042047,0
TXN0035076,0
TXN0002448,0
TXN0057910,0
TXN0048130,0
TXN0054163,0
TXN0039957,0
TXN0022579,0
TXN0044830,0
TXN0052154,0
TXN0031120,0
TXN0023403,0
TXN0023678,0
TXN0037824,0
TXN0033465,0
TXN0021718,0
TXN0034784,0
TXN0049018,0
TXN0039455,0
TXN0037816,0
TXN0056659,0
TXN0024046,0
TXN0050270,0
TXN0014100,0
TXN0023745,0
TXN0004776,0
TXN0052013,0
TXN0007174,0
TXN0049072,0
TXN0043912,0
TXN0041026,0
TXN0000844,0
TXN0042190,0
TXN0043669,0
TXN0009291,0
TXN0008160,0
TXN0059558,0
TXN0040196,0
TXN0018424,0
TXN0010081,0
TXN0035769,0
TXN0048696,0
TXN0044350,0
TXN0059926,0
TXN0018552,0
TXN0038358,0
TXN0010669,0
TXN0043824,0
TXN0008114,0
TXN0015492,0
TXN0036692,0
TXN0011470,0
TXN0057913,0
TXN0000618,0
TXN0018246,0
TXN0004308,0
TXN0055202,0
TXN0016463,0
TXN0055503,0
TXN0053601,0
TXN0023520,0
TXN0042585,0
TXN0041264,0
TXN0048182,0
TXN0037836,0
TXN0019176,0
TXN0039269,0
TXN0036112,0
TXN0033058,0
TXN0026223,0
TXN0035202,0
TXN0055237,0
TXN0003337,0
TXN0033526,0
TXN0021155,0
TXN0009181,0
TXN0017185,0
TXN0050748,0
TXN0027496,0
TXN0055181,0
TXN0034027,0
TXN0048905,0
TXN0044272,0
TXN0008892,0
TXN0035189,0
TXN0037399,0
TXN0009072,0
TXN0009407,0
TXN0058527,0
TXN0023370,0
TXN0019718,0
TXN0049070,0
TXN0015571,0
TXN0045623,0
TXN0047350,0
TXN0024962,0
TXN0038726,0
TXN0023966,0
TXN0053304,0
TXN0052011,0
TXN0048698,0
TXN0036223,0
TXN0030338,0
TXN0014625,0
TXN0048864,0
TXN0020410,0
TXN0007419,0
TXN0035870,0
TXN0022941,0
TXN0008295,0
TXN0000948,0
TXN0023454,0
TXN0035824,0
TXN0003403,0
TXN0053738,0
TXN0000554,0
TXN0058047,0
TXN0039379,0
TXN0008327,0
TXN0048164,0
TXN0055702,0
TXN0050763,0
TXN0025539,0
TXN0007759,0
TXN0017838,0
TXN0005041,0
TXN0059212,0
TXN0016903,0
TXN0042960,0
TXN0034212,0
TXN0031231,0
TXN0001186,0
TXN0031905,0
TXN0037433,0
TXN0055487,0
TXN0036506,0
TXN0001732,0
TXN0012917,0
TXN0035763,0
TXN0033599,0
TXN0023222,0
TXN0057509,0
TXN0047252,0
TXN0029116,0
TXN0010414,0
TXN0042673,0
TXN0022397,0
TXN0012101,0
TXN0059662,0
TXN0046342,0
TXN0035703,0
TXN0041704,0
TXN0050753,0
TXN0034183,0
TXN0000986,0
TXN0013993,0
TXN0021115,0
TXN0000793,0
TXN0028632,0
TXN0059745,0
TXN0013345,0
TXN0018865,0
TXN0004921,0
TXN0031185,0
TXN0042878,0
TXN0031888,0
TXN0015283,0
TXN0042776,0
TXN0049659,0
TXN0030542,0
TXN0028966,0
TXN0009698,0
TXN0050671,0
TXN0026157,0
TXN0059879,0
TXN0037920,0
TXN0055118,0
TXN0023342,0
TXN0029464,0
TXN0010091,0
TXN0001889,0
TXN0004041,0
TXN0059913,0
TXN0053337,0
TXN0007467,0
TXN0022021,0
TXN0031536,0
TXN0005018,0
TXN0033493,0
TXN0008013,0
TXN0051603,0
TXN0016214,0
TXN0012929,0
TXN0005667,0
TXN0025950,0
TXN0028737,0
TXN0019358,0
TXN0033554,0
TXN0001337,0
TXN0025603,0
TXN0040192,0
TXN0059308,0
TXN0054803,0
TXN0034781,0
TXN0044234,0
TXN0053993,0
TXN0012250,0
TXN0052404,0
TXN0011942,0
TXN0036173,0
TXN0019600,0
TXN0023339,0
TXN0006594,0
TXN0028107,0
TXN0015477,0
TXN0021194,0
TXN0040098,0
TXN0046178,0
TXN0020189,0
TXN0020626,0
TXN0001717,0
TXN0054701,0
TXN0034363,0
TXN0000951,0
TXN0001446,0
TXN0023378,0
TXN0047119,0
TXN0031149,0
TXN0015312,0
TXN0018564,0
TXN0053538,0
TXN0036548,0
TXN0051242,0
TXN0007249,0
TXN0058796,0
TXN0008398,0
TXN0004955,0
TXN0024808,0
TXN0020073,0
TXN0032475,0
TXN0040156,0
TXN0051948,0
TXN0035493,0
TXN0000779,0
TXN0039841,0
TXN0041595,0
TXN0050832,0
TXN0047193,0
TXN0038355,0
TXN0020496,0
TXN0002398,0
TXN0008475,0
TXN0023381,0
TXN0038806,0
TXN0016966,0
TXN0045984,0
TXN0041883,0
TXN0010173,0
TXN0039152,0
TXN0054650,0
TXN0007793,0
TXN0038994,0
TXN0031517,0
TXN0050213,0
TXN0024986,0
TXN0055706,0
TXN0059785,0
TXN0012525,0
TXN0033636,0
TXN0033128,0
TXN0026960,0
TXN0014365,0
TXN0018166,0
TXN0049356,0
TXN0057753,0
TXN0010475,0
TXN0047229,0
TXN0033250,0
TXN0052859,0
TXN0016466,0
TXN0049844,0
TXN0009742,0
TXN0009591,0
TXN0045229,0
TXN0026530,0
TXN0024683,0
TXN0018027,0
TXN0055617,0
TXN0048018,0
TXN0045145,0
TXN0039092,0
TXN0029649,0
TXN0059629,0
TXN0031190,0
TXN0033977,0
TXN0027548,0
TXN0020145,0
TXN0000134,0
TXN0034736,0
TXN0031502,0
TXN0018747,0
TXN0000241,0
TXN0017398,0
TXN0038853,0
TXN0049910,0
TXN0022561,0
TXN0012754,0
TXN0042097,0
TXN0046684,0
TXN0059512,0
TXN0023735,0
TXN0052960,0
TXN0013810,0
TXN0010159,0
TXN0016581,0
TXN0057645,0
TXN0014885,0
TXN0039517,0
TXN0032199,0
TXN0022646,0
TXN0022545,0
TXN0040912,0
TXN0047329,0
TXN0023796,0
TXN0018117,0
TXN0026152,0
TXN0027058,0
TXN0031161,0
TXN0027975,0
TXN0012232,0
TXN0016922,0
TXN0010668,0
TXN0049275,0
TXN0007578,0
TXN0038588,0
TXN0035988,0
TXN0016881,0
TXN0045553,0
TXN0011543,0
TXN0022643,0
TXN0053921,0
TXN0037640,0
TXN0042698,0
TXN0032824,0
TXN0056438,0
TXN0055951,0
TXN0038020,0
TXN0025815,0
TXN0045223,0
TXN0031779,0
TXN0014695,0
TXN0030044,0
TXN0047120,0
TXN0035027,0
TXN0014815,0
TXN0027434,0
TXN0012953,0
TXN0035021,0
TXN0054910,0
TXN0004380,0
TXN0011237,0
TXN0052279,0
TXN0045667,0
TXN0014125,0
TXN0014216,0
TXN0044434,0
TXN0025272,0
TXN0001189,0
TXN0043531,0
TXN0031793,0
TXN0017311,0
TXN0053846,0
TXN0047973,0
TXN0050555,0
TXN0032434,0
TXN0039457,0
TXN0020822,0
TXN0048540,0
TXN0053880,0
TXN0034281,0
TXN0056084,0
TXN0000000,0
TXN0028579,0
TXN0011616,0
TXN0059950,0
TXN0033191,0
TXN0028597,0
TXN0042817,0
TXN0019045,0
TXN0058718,0
TXN0024138,0
TXN0041825,0
TXN0056222,0
TXN0054683,0
TXN0021733,0
TXN0025907,0
TXN0031782,0
TXN0052484,0
TXN0046339,0
TXN0013841,0
TXN0032951,0
TXN0042384,0
TXN0027686,0
TXN0039533,0
TXN0036117,0
TXN0038918,0
TXN0003997,0
TXN0020218,0
TXN0032590,0
TXN0021958,0
TXN0020912,0
TXN0049143,0
TXN0014729,0
TXN0020476,0
TXN0000408,0
TXN0041398,0
TXN0016460,0
TXN0051653,0
TXN0037144,0
TXN0013258,0
TXN0024267,0
TXN0008585,0
TXN0016201,0
TXN0055413,0
TXN0016134,0
TXN0028594,0
TXN0048143,0
TXN0021152,0
TXN0016503,0
TXN0012769,0
TXN0008841,0
TXN0025450,0
TXN0045563,0
TXN0015465,0
TXN0015030,0
TXN0021220,0
TXN0029177,0
TXN0021149,0
TXN0004943,0
TXN0034391,0
TXN0010968,0
TXN0032900,0
TXN0011059,0
TXN0041641,0
TXN0059342,0
TXN0006813,0
TXN0025387,0
TXN0030891,0
TXN0014707,0
TXN0057786,0
TXN0052323,0
TXN0000825,0
TXN0031523,0
TXN0048082,0
TXN0008499,0
TXN0028485,0
TXN0039858,0
TXN0002487,0
TXN0029983,0
TXN0058005,0
TXN0014121,0
TXN0052097,0
TXN0015071,0
TXN0029638,0
TXN0010874,0
TXN0046642,0
TXN0003039,0
TXN0057442,0
TXN0030759,0
TXN0007701,0
TXN0048477,0
TXN0032534,0
TXN0005640,0
TXN0006069,0
TXN0013148,0
TXN0053876,0
TXN0038925,0
TXN0045129,0
TXN0020938,0
TXN0016656,0
TXN0038470,0
TXN0018870,0
TXN0051936,0
TXN0055381,0
TXN0015182,0
TXN0059002,0
TXN0038190,0
TXN0046181,0
TXN0046641,0
TXN0008260,0
TXN0059272,0
TXN0039211,0
TXN0023638,0
TXN0015824,0
TXN0035961,0
TXN0048097,0
TXN0004410,0
TXN0045071,0
TXN0053690,0
TXN0004451,0
TXN0002465,0
TXN0019442,0
TXN0032550,0
TXN0046701,0
TXN0024404,0
TXN0029474,0
TXN0025113,0
TXN0020233,0
TXN0032868,0
TXN0005523,0
TXN0034803,0
TXN0036084,0
TXN0022284,0
TXN0022022,0
TXN0014681,0
TXN0053937,0
TXN0025481,0
TXN0034953,0
TXN0026833,0
TXN0025696,0
TXN0038583,0
TXN0008590,0
TXN0018864,0
TXN0010571,0
TXN0050082,0
TXN0026388,0
TXN0032684,0
TXN0047751,0
TXN0058309,0
TXN0005179,0
TXN0016728,0
TXN0012642,0
TXN0028364,0
TXN0025050,0
TXN0046177,0
TXN0046343,0
TXN0025077,0
TXN0041402,0
TXN0019664,0
TXN0023330,0
TXN0051019,0
TXN0056879,0
TXN0056007,0
TXN0053697,0
TXN0017606,0
TXN0054740,0
TXN0021445,0
TXN0044713,0
TXN0026397,0
TXN0002193,0
TXN0059552,0
TXN0049312,0
TXN0041734,0
TXN0028870,0
TXN0048673,0
TXN0053743,0
TXN0052738,0
TXN0029869,0
TXN0004591,0
TXN0016921,0
TXN0036202,0
TXN0001024,0
TXN0057440,0
TXN0043860,0
TXN0032908,0
TXN0032495,0
TXN0014886,0
TXN0014709,0
TXN0035152,0
TXN0002647,0
TXN0000130,0
TXN0041738,0
TXN0048562,0
TXN0056501,0
TXN0034945,0
TXN0003605,0
TXN0022862,0
TXN0038711,0
TXN0032350,0
TXN0053945,0
TXN0002997,0
TXN0024441,0
TXN0052685,0
TXN0030231,0
TXN0037287,0
TXN0012023,0
TXN0016324,0
TXN0048150,0
TXN0002955,0
TXN0017476,0
TXN0056717,0
TXN0044741,0
TXN0027837,0
TXN0050518,0
TXN0043237,0
TXN0005646,0
TXN0005085,0
TXN0047704,0
TXN0030769,0
TXN0012558,0
TXN0040810,0
TXN0040691,0
TXN0002756,0
TXN0049888,0
TXN0011981,0
TXN0007309,0
TXN0019012,0
TXN0047818,0
TXN0047504,0
TXN0031762,0
TXN0016077,0
TXN0009320,0
TXN0047938,0
TXN0049765,0
TXN0009702,0
TXN0029600,0
TXN0005863,0
TXN0016281,0
TXN0049914,0
TXN0030972,0
TXN0024568,0
TXN0037910,0
TXN0056489,0
TXN0033249,0
TXN0038074,0
TXN0012854,0
TXN0020965,0
TXN0001588,0
TXN0012739,0
TXN0057819,0
TXN0016659,0
TXN0002375,0
TXN0020205,0
TXN0020430,0
TXN0029651,0
TXN0017042,0
TXN0053282,0
TXN0022989,0
TXN0001837,0
TXN0027884,0
TXN0025430,0
TXN0049714,0
TXN0054079,0
TXN0041206,0
TXN0033261,0
TXN0016085,0
TXN0042758,0
TXN0053383,0
TXN0011571,0
TXN0002437,0
TXN0037402,0
TXN0010005,0
TXN0048220,0
TXN0058024,0
TXNS00301,1
TXN0043847,0
TXN0009766,0
TXN0040054,0
TXN0025309,0
TXN0001434,0
TXN0034715,0
TXN0044276,0
TXN0004404,0
TXN0017708,0
TXN0014172,0
TXN0010226,0
TXN0045064,0
TXN0021163,0
TXN0051244,0
TXN0003483,0
TXN0045995,0
TXN0050223,0
TXN0026072,0
TXN0046290,0
TXN0050209,0
TXN0008377,0
TXN0054932,0
TXN0013496,0
TXN0048117,0
TXN0011420,0
TXN0055093,0
TXN0003844,0
TXN0048919,0
TXN0010764,0
TXN0033696,0
TXN0033507,0
TXN0049054,0
TXN0021547,0
TXN0033858,0
TXN0023002,0
TXN0012845,0
TXN0050453,0
TXN0057895,0
TXN0039543,0
TXN0047532,0
TXN0053481,0
TXN0046954,0
TXN0021746,0
TXN0025971,0
TXN0015833,0
TXN0041268,0
TXN0015049,0
TXN0031442,0
TXN0006711,0
TXN0037398,0
TXN0032796,0
TXN0033983,0
TXN0032027,0
TXN0036507,0
TXN0039035,0
TXN0058501,0
TXN0011418,0
TXN0057831,0
TXN0059296,0
TXN0002709,0
TXN0005494,0
TXN0033469,0
TXN0057226,0
TXN0029014,0
TXN0023311,0
TXN0008290,0
TXN0002905,0
TXN0040413,0
TXN0054050,0
TXN0018348,0
TXN0015778,0
TXN0050562,0
TXN0018150,0
TXN0021759,0
TXN0000993,0
TXN0035452,0
TXN0000326,0
TXN0012384,0
TXN0052474,0
TXN0041745,0
TXN0046807,0
TXN0024385,0
TXN0053032,0
TXN0012988,0
TXN0059686,0
TXN0017235,0
TXN0011627,0
TXN0008552,0
TXN0050834,0
TXN0040021,0
TXN0056506,0
TXN0036956,0
TXN0018137,0
TXN0003124,0
TXN0032054,0
TXN0005220,0
TXN0022020,0
TXN0029005,0
TXN0010806,0
TXN0029766,0
TXN0015046,0
TXN0020759,0
TXN0045010,0
TXN0001321,0
TXN0026593,0
TXN0015266,0
TXN0058260,0
TXN0054551,0
TXN0029468,0
TXN0033151,0
TXN0012637,0
TXN0008166,0
TXN0023774,0
TXN0024720,0
TXN0033631,0
TXN0037337,0
TXN0039432,0
TXN0050120,0
TXN0013272,0
TXN0014809,0
TXN0052200,0
TXN0014010,0
TXN0006723,0
TXN0001428,0
TXN0056760,0
TXN0002857,0
TXN0050598,0
TXN0006480,0
TXN0030446,0
TXN0027688,0
TXN0040106,0
TXN0007383,0
TXN0008207,0
TXN0051394,0
TXN0044184,0
TXN0043722,0
TXN0003938,0
TXN0029517,0
TXN0039066,0
TXN0029210,0
TXN0031861,0
TXN0023818,0
TXN0001510,0
TXN0020520,0
TXN0036805,0
TXN0046574,0
TXN0051576,0
TXN0048958,0
TXN0010649,0
TXN0025213,0
TXN0022638,0
TXN0025630,0
TXN0013023,0
TXN0004189,0
TXN0026635,0
TXN0019901,0
TXN0003525,0
TXN0012760,0
TXN0053688,0
TXN0015211,0
TXN0029223,0
TXN0029853,0
TXN0040907,0
TXN0051383,0
TXN0030120,0
TXN0050779,0
TXN0007537,0
TXN0045862,0
TXN0043400,0
TXN0001495,0
TXN0003708,0
TXN0041880,0
TXN0034004,0
TXN0010549,0
TXN0045195,0
TXN0037165,0
TXN0031597,0
TXN0000674,0
TXN0004339,0
TXN0029690,0
TXN0003826,0
TXN0002883,0
TXN0034506,0
TXN0001514,0
TXN0028162,0
TXN0024554,0
TXN0018606,0
TXN0007940,0
TXN0029174,0
TXN0007980,0
TXN0022476,0
TXN0027783,0
TXN0029555,0
TXN0020442,0
TXN0033830,0
TXN0020335,0
TXN0031714,0
TXN0057865,0
TXN0020495,0
TXN0011011,0
TXN0044424,0
TXN0032405,0
TXN0054311,0
TXN0004045,0
TXN0008829,0
TXN0030424,0
TXN0006039,0
TXN0048250,0
TXN0051542,0
TXN0037053,0
TXN0031917,0
TXN0010299,0
TXN0027026,0
TXN0026185,0
TXN0023041,0
TXN0059703,0
TXN0027652,0
TXN0029838,0
TXN0027953,0
TXN0059413,0
TXN0008986,0
TXN0050806,0
TXN0003004,0
TXN0031791,0
TXN0007730,0
TXN0053220,0
TXN0011102,0
TXN0000677,0
TXN0012098,0
TXN0015980,0
TXN0033389,0
TXN0045803,0
TXN0045966,0
TXN0045733,0
TXN0018444,0
TXN0041453,0
TXN0018614,0
TXN0008602,0
TXN0054179,0
TXN0001723,0
TXN0013642,0
TXN0019973,0
TXN0055992,0
TXN0051320,0
TXN0055793,0
TXN0039179,0
TXN0040492,0
TXN0044304,0
TXN0026556,0
TXN0043886,0
TXN0054465,0
TXN0020537,0
TXN0019546,0
TXN0052617,0
TXN0022815,0
TXN0017098,0
TXN0056427,0
TXN0003623,0
TXN0002350,0
TXN0029930,0
TXN0044833,0
TXN0029138,0
TXN0038950,0
TXN0015647,0
TXN0011674,0
TXN0053423,0
TXN0043605,0
TXN0045788,0
TXN0036231,0
TXN0035140,0
TXN0026085,0
TXN0054793,0
TXN0025131,0
TXN0042786,0
TXN0036979,0
TXN0029399,0
TXN0033369,0
TXN0044410,0
TXN0037473,0
TXN0004417,0
TXN0026453,0
TXN0014714,0
TXN0038832,0
TXN0002109,0
TXN0013196,0
TXN0051338,0
TXN0014375,0
TXN0002054,0
TXN0031877,0
TXN0015853,0
TXN0040519,0
TXN0011909,0
TXN0038473,0
TXN0020190,0
TXN0027166,0
TXN0002075,0
TXN0020487,0
TXN0055952,0
TXN0029421,0
TXN0054450,0
TXN0034855,0
TXN0021315,0
TXN0039784,0
TXN0053995,0
TXN0004562,0
TXN0002683,0
TXN0045102,0
TXN0050877,0
TXN0035086,0
TXN0024205,0
TXN0030417,0
TXN0047694,0
TXN0008139,0
TXN0000069,0
TXN0033925,0
TXN0025250,0
TXN0004003,0
TXN0037105,0
TXN0006662,0
TXN0041261,0
TXN0031570,0
TXN0053581,0
TXN0005508,0
TXN0005511,0
TXN0030371,0
TXN0042897,0
TXN0043444,0
TXN0028434,0
TXN0033468,0
TXN0053239,0
TXN0016414,0
TXN0032861,0
TXN0018245,0
TXN0056981,0
TXN0039306,0
TXN0018730,0
TXN0012045,0
TXN0029498,0
TXN0013455,0
TXN0030532,0
TXN0057823,0
TXN0051205,0
TXN0006911,0
TXN0013825,0
TXN0056625,0
TXN0045207,0
TXN0052929,0
TXN0014913,0
TXN0050191,0
TXN0058193,0
TXN0003957,0
TXN0033442,0
TXN0055105,0
TXN0011979,0
TXN0049100,0
TXN0008497,0
TXN0056085,0
TXN0004436,0
TXN0015566,0
TXN0013089,0
TXN0056597,0
TXN0017931,0
TXN0054835,0
TXN0009211,0
TXN0048875,0
TXN0055912,0
TXN0003950,0
TXN0029835,0
TXN0039991,0
TXN0020174,0
TXN0052833,0
TXN0051999,0
TXN0018659,0
TXN0025800,0
TXN0001882,0
TXN0030821,0
TXN0027911,0
TXN0019670,0
TXN0010812,0
TXN0032233,0
TXN0016315,0
TXN0007998,0
TXN0016666,0
TXN0038160,0
TXN0013240,0
TXN0005709,0
TXN0024985,0
TXN0017621,0
TXN0017926,0
TXN0004341,0
TXN0033222,0
TXN0047878,0
TXNS01101,1
TXN0051460,0
TXN0009899,0
TXN0042337,0
TXN0001009,0
TXN0009390,0
TXN0001683,0
TXN0014573,0
TXN0043821,0
TXN0039259,0
TXN0010017,0
TXN0049950,0
TXN0047408,0
TXN0058913,0
TXN0054291,0
TXN0015553,0
TXN0049078,0
TXN0055604,0
TXN0048950,0
TXN0018650,0
TXN0040203,0
TXN0026814,0
TXN0011288,0
TXN0023720,0
TXN0006048,0
TXN0009285,0
TXN0001350,0
TXN0049729,0
TXN0036353,0
TXN0016341,0
TXN0021222,0
TXN0059423,0
TXN0031659,0
TXN0003474,0
TXN0002312,0
TXN0052082,0
TXN0033819,0
TXN0047090,0
TXN0024679,0
TXN0021717,0
TXN0051676,0
TXN0056750,0
TXN0040908,0
TXN0032753,0
TXN0053996,0
TXN0040900,0
TXN0023688,0
TXN0023974,0
TXN0043172,0
TXN0010780,0
TXN0052608,0
TXN0019713,0
TXN0014190,0
TXN0008240,0
TXN0043142,0
TXN0010779,0
TXN0028397,0
TXN0009578,0
TXN0053654,0
TXN0031266,0
TXN0057427,0
TXN0022143,0
TXN0039093,0
TXN0020348,0
TXN0040038,0
TXN0046610,0
TXN0015143,0
TXN0012272,0
TXN0017036,0
TXN0022690,0
TXN0000764,0
TXN0020231,0
TXN0057044,0
TXN0047479,0
TXN0005873,0
TXN0024353,0
TXN0009948,0
TXN0059958,0
TXN0043159,0
TXN0057847,0
TXN0049752,0
TXN0027189,0
TXN0034896,0
TXN0008839,0
TXN0029889,0
TXN0054408,0
TXN0031593,0
TXN0007486,0
TXN0026307,0
TXN0035332,0
TXN0051923,0
TXN0042990,0
TXN0038235,0
TXN0042634,0
TXN0047526,0
TXN0016549,0
TXN0011515,0
TXN0028790,0
TXN0056772,0
TXN0016845,0
TXN0053278,0
TXNS00410,1
TXN0005551,0
TXN0046131,0
TXN0004127,0
TXN0039607,0
TXN0018805,0
TXN0015656,0
TXN0031482,0
TXN0059872,0
TXN0036582,0
TXN0058306,0
TXN0025740,0
TXN0059865,0
TXN0047867,0
TXN0007154,0
TXN0025558,0
TXN0057784,0
TXN0019955,0
TXN0001944,0
TXN0022843,0
TXN0057407,0
TXN0046647,0
TXN0047891,0
TXN0025715,0
TXN0033728,0
TXN0043276,0
TXN0023069,0
TXN0046818,0
TXN0003485,0
TXN0053758,0
TXN0042232,0
TXN0000403,0
TXN0011995,0
TXN0038905,0
TXN0055760,0
TXN0040380,0
TXN0046063,0
TXN0053393,0
TXN0001347,0
TXN0002619,0
TXN0016542,0
TXN0009448,0
TXN0008403,0
TXN0023219,0
TXN0030537,0
TXN0041737,0
TXN0026139,0
TXN0018972,0
TXN0053472,0
TXN0035486,0
TXN0053906,0
TXN0030415,0
TXN0056832,0
TXN0003613,0
TXN0011961,0
TXN0036088,0
TXN0058988,0
TXN0001176,0
TXN0045658,0
TXN0000017,0
TXN0018892,0
TXN0011884,0
TXN0032342,0
TXN0013576,0
TXN0011514,0
TXN0008277,0
TXN0038146,0
TXN0043895,0
TXN0032392,0
TXN0035374,0
TXN0028654,0
TXN0018986,0
TXN0001054,0
TXN0031841,0
TXN0040588,0
TXN0019451,0
TXN0030839,0
TXN0002343,0
TXN0056245,0
TXN0020015,0
TXN0033017,0
TXN0012508,0
TXN0017555,0
TXN0029211,0
TXN0043677,0
TXN0023109,0
TXN0014733,0
TXN0047285,0
TXN0020305,0
TXN0057960,0
TXN0018335,0
TXN0023870,0
TXN0033495,0
TXN0036758,0
TXN0036338,0
TXN0050977,0
TXN0038365,0
TXN0036356,0
TXN0031295,0
TXN0049461,0
TXN0043917,0
TXN0057978,0
TXN0025023,0
TXN0001065,0
TXN0051428,0
TXN0004690,0
TXN0030352,0
TXN0034809,0
TXN0058305,0
TXN0000376,0
TXN0044765,0
TXN0040822,0
TXN0048248,0
TXN0002085,0
TXN0054957,0
TXN0019429,0
TXN0029321,0
TXN0023766,0
TXN0014083,0
TXN0020071,0
TXN0024316,0
TXN0058835,0
TXN0023186,0
TXN0045894,0
TXN0058440,0
TXN0048699,0
TXN0056647,0
TXN0053291,0
TXN0020063,0
TXN0036652,0
TXN0026650,0
TXN0052585,0
TXN0029335,0
TXN0002126,0
TXN0036467,0
TXN0038030,0
TXN0009000,0
TXN0042059,0
TXN0007647,0
TXN0056461,0
TXN0032549,0
TXN0013957,0
TXN0035819,0
TXN0005971,0
TXN0005869,0
TXN0006620,0
TXN0035720,0
TXN0054351,0
TXN0016250,0
TXN0055095,0
TXN0004572,0
TXN0049915,0
TXN0025042,0
TXN0012599,0
TXN0009577,0
TXN0013969,0
TXN0004602,0
TXN0001593,0
TXN0020339,0
TXN0034023,0
TXN0035893,0
TXN0035711,0
TXN0036847,0
TXN0035570,0
TXN0035692,0
TXN0010545,0
TXN0019587,0
TXN0001260,0
TXN0009755,0
TXN0018948,0
TXN0008868,0
TXN0015501,0
TXN0035232,0
TXN0007118,0
TXN0017686,0
TXN0017767,0
TXN0042294,0
TXN0021496,0
TXN0017425,0
TXN0009296,0
TXN0039482,0
TXN0043352,0
TXN0002518,0
TXN0009015,0
TXN0029643,0
TXN0012672,0
TXN0013954,0
TXN0014207,0
TXN0008421,0
TXN0057356,0
TXN0044145,0
TXN0023717,0
TXN0012571,0
TXN0034667,0
TXN0005254,0
TXN0038651,0
TXN0055157,0
TXN0038089,0
TXN0031679,0
TXN0030937,0
TXN0001991,0
TXN0014792,0
TXN0007471,0
TXN0017846,0
TXN0009781,0
TXN0044860,0
TXN0020596,0
TXN0025882,0
TXN0040988,0
TXN0010071,0
TXN0054321,0
TXN0031307,0
TXN0018806,0
TXN0037316,0
TXN0008824,0
TXN0030726,0
TXN0040319,0
TXN0022752,0
TXN0026827,0
TXN0043547,0
TXN0052092,0
TXN0058092,0
TXN0003842,0
TXN0004372,0
TXN0055418,0
TXN0040855,0
TXN0051230,0
TXN0017770,0
TXN0031916,0
TXN0057162,0
TXN0011974,0
TXN0035537,0
TXN0027921,0
TXN0039647,0
TXN0047256,0
TXN0059738,0
TXN0054433,0
TXN0057946,0
TXN0038009,0
TXN0045847,0
TXN0002615,0
TXN0034729,0
TXN0044719,0
TXN0001575,0
TXN0003100,0
TXN0000805,0
TXN0005182,0
TXN0001959,0
TXN0032617,0
TXN0004908,0
TXN0019354,0
TXN0011520,0
TXN0043332,0
TXN0055901,0
TXN0030613,0
TXN0054510,0
TXN0010001,0
TXN0035359,0
TXN0047544,0
TXN0051472,0
TXN0057059,0
TXN0056190,0
TXN0005365,0
TXN0022654,0
TXN0000952,0
TXN0020042,0
TXN0005422,0
TXN0013590,0
TXN0035327,0
TXN0045651,0
TXN0049273,0
TXN0013474,0
TXN0025781,0
TXN0026450,0
TXN0042643,0
TXN0014725,0
TXN0043493,0
TXN0027179,0
TXN0021860,0
TXN0040494,0
TXN0007618,0
TXN0029041,0
TXN0051268,0
TXN0052542,0
TXN0053727,0
TXN0016418,0
TXN0026742,0
TXN0058013,0
TXN0058605,0
TXN0005856,0
TXN0039226,0
TXN0055291,0
TXN0048405,0
TXN0022619,0
TXN0004169,0
TXN0056124,0
TXN0022855,0
TXN0015209,0
TXN0014310,0
TXN0045518,0
TXN0044421,0
TXN0010111,0
TXN0059397,0
TXN0000387,0
TXN0033509,0
TXN0052786,0
TXN0027171,0
TXN0046592,0
TXN0027352,0
TXN0058929,0
TXN0017524,0
TXN0011925,0
TXN0058602,0
TXN0007109,0
TXN0033679,0
TXN0000378,0
TXN0026750,0
TXN0047166,0
TXN0050043,0
TXN0057463,0
TXN0045120,0
TXN0018177,0
TXN0054972,0
TXN0059663,0
TXN0016830,0
TXN0059515,0
TXN0048732,0
TXN0027089,0
TXN0056099,0
TXN0043291,0
TXN0057744,0
TXN0001761,0
TXN0006426,0
TXN0042920,0
TXN0024261,0
TXN0036339,0
TXN0020444,0
TXN0024907,0
TXN0030830,0
TXN0050301,0
TXN0008352,0
TXN0000656,0
TXN0015866,0
TXN0048930,0
TXN0058592,0
TXN0027008,0
TXN0035048,0
TXNR0133,1
TXN0054897,0
TXN0006664,0
TXN0055169,0
TXN0044822,0
TXN0023858,0
TXN0031804,0
TXN0032537,0
TXN0018274,0
TXNS00202,1
TXN0048303,0
TXN0006726,0
TXN0025541,0
TXN0053679,0
TXN0019646,0
TXN0017553,0
TXN0012036,0
TXN0032077,0
TXN0003043,0
TXN0031784,0
TXN0054576,0
TXN0020876,0
TXN0019697,0
TXN0052436,0
TXN0024872,0
TXN0004405,0
TXN0017164,0
TXN0059748,0
TXN0047520,0
TXN0057464,0
TXN0012667,0
TXN0048671,0
TXN0014173,0
TXN0008135,0
TXN0019371,0
TXN0026566,0
TXN0024957,0
TXN0036826,0
TXN0034436,0
TXN0019570,0
TXN0053314,0
TXN0046082,0
TXN0047890,0
TXN0031091,0
TXN0031751,0
TXN0002588,0
TXN0050858,0
TXN0014214,0
TXN0058586,0
TXN0052318,0
TXN0048358,0
TXN0019347,0
TXN0012389,0
TXN0008561,0
TXN0034058,0
TXN0022985,0
TXN0014269,0
TXN0026286,0
TXN0030756,0
TXN0009370,0
TXN0047823,0
TXN0009164,0
TXN0057757,0
TXN0031237,0
TXN0037835,0
TXN0022664,0
TXN0030685,0
TXN0034073,0
TXN0058164,0
TXN0033438,0
TXN0045511,0
TXN0031613,0
TXN0039196,0
TXN0044423,0
TXN0043007,0
TXN0009188,0
TXN0040055,0
TXN0056410,0
TXN0017445,0
TXN0052466,0
TXN0005384,0
TXN0055741,0
TXN0028922,0
TXN0044182,0
TXN0059191,0
TXN0006532,0
TXN0014189,0
TXN0012168,0
TXN0029390,0
TXN0039317,0
TXN0056764,0
TXN0053414,0
TXN0005928,0
TXN0031492,0
TXN0033911,0
TXN0014623,0
TXN0008937,0
TXN0017672,0
TXN0050884,0
TXN0032255,0
TXN0023264,0
TXN0055972,0
TXN0051403,0
TXN0019512,0
TXN0042283,0
TXN0002896,0
TXN0028051,0
TXN0040278,0
TXN0048531,0
TXN0054508,0
TXN0019847,0
TXN0036899,0
TXN0048706,0
TXN0007123,0
TXN0041799,0
TXN0057666,0
TXN0044240,0
TXN0001086,0
TXN0014993,0
TXN0056039,0
TXN0012649,0
TXN0056821,0
TXN0028206,0
TXN0052212,0
TXN0045202,0
TXN0057520,0
TXN0014470,0
TXN0012108,0
TXN0043564,0
TXN0004292,0
TXN0005412,0
TXN0051709,0
TXN0029931,0
TXN0045022,0
TXN0016976,0
TXN0042231,0
TXN0027989,0
TXN0027471,0
TXN0020032,0
TXN0009640,0
TXN0041877,0
TXN0035066,0
TXN0012768,0
TXN0012534,0
TXN0039818,0
TXN0047653,0
TXN0027051,0
TXN0043552,0
TXN0030157,0
TXN0041929,0
TXN0037357,0
TXN0006492,0
TXN0042493,0
TXN0007469,0
TXN0048139,0
TXN0036612,0
TXN0037746,0
TXN0029706,0
TXN0040229,0
TXN0010850,0
TXN0013738,0
TXN0011899,0
TXN0055088,0
TXN0057202,0
TXN0017831,0
TXN0022243,0
TXN0030304,0
TXN0015273,0
TXN0041655,0
TXN0048095,0
TXN0056196,0
TXN0022715,0
TXN0024387,0
TXN0010792,0
TXN0048549,0
TXN0033008,0
TXN0044970,0
TXN0036127,0
TXN0041771,0
TXN0049510,0
TXN0053953,0
TXN0008923,0
TXN0040690,0
TXN0025140,0
TXN0041433,0
TXN0034786,0
TXN0017588,0
TXN0050338,0
TXN0047087,0
TXN0047033,0
TXN0005467,0
TXN0004322,0
TXN0003820,0
TXN0019998,0
TXN0056876,0
TXN0051361,0
TXN0005884,0
TXN0028825,0
TXN0027361,0
TXN0035791,0
TXN0047745,0
TXN0033456,0
TXN0009838,0
TXN0058943,0
TXN0053610,0
TXN0047325,0
TXN0045956,0
TXN0059747,0
TXN0034059,0
TXNS00100,1
TXN0015140,0
TXN0047714,0
TXN0019104,0
TXN0058894,0
TXN0023364,0
TXN0044815,0
TXN0008170,0
TXN0027561,0
TXN0048419,0
TXN0038209,0
TXN0022609,0
TXN0059502,0
TXN0005916,0
TXN0016432,0
TXN0021719,0
TXN0005490,0
TXN0057323,0
TXN0042888,0
TXN0033965,0
TXN0052698,0
TXN0047312,0
TXN0011919,0
TXN0036853,0
TXN0015965,0
TXN0029357,0
TXN0006198,0
TXN0044011,0
TXN0048982,0
TXN0027639,0
TXN0041562,0
TXN0043009,0
TXN0035792,0
TXN0017901,0
TXN0048565,0
TXN0030326,0
TXN0034780,0
TXN0011783,0
TXN0009905,0
TXN0047458,0
TXN0017966,0
TXN0053666,0
TXN0053102,0
TXN0021410,0
TXN0015869,0
TXN0001248,0
TXN0038567,0
TXN0050826,0
TXN0008216,0
TXN0044576,0
TXN0057815,0
TXN0040459,0
TXN0031764,0
TXN0022607,0
TXN0007948,0
TXN0047284,0
TXN0031580,0
TXN0021755,0
TXN0007775,0
TXN0015421,0
TXN0022772,0
TXN0042994,0
TXN0018469,0
TXN0032257,0
TXN0043835,0
TXN0014921,0
TXN0024049,0
TXN0041009,0
TXN0046308,0
TXN0011105,0
TXN0009564,0
TXN0009576,0
TXN0008439,0
TXN0034200,0
TXN0037844,0
TXN0017577,0
TXN0045909,0
TXN0002508,0
TXN0018983,0
TXN0048643,0
TXN0023167,0
TXN0018390,0
TXN0026759,0
TXN0019431,0
TXN0012075,0
TXN0010497,0
TXN0000978,0
TXN0022780,0
TXN0055657,0
TXN0003155,0
TXN0029349,0
TXN0049605,0
TXN0054249,0
TXN0037103,0
TXN0037086,0
TXN0055265,0
TXN0009339,0
TXN0049948,0
TXN0011271,0
TXN0013991,0
TXN0032057,0
TXN0029352,0
TXN0024562,0
TXN0056820,0
TXN0005559,0
TXN0042855,0
TXN0012299,0
TXN0017725,0
TXN0034842,0
TXN0059526,0
TXN0049942,0
TXN0008973,0
TXN0011260,0
TXN0005780,0
TXN0001758,0
TXN0059241,0
TXN0004801,0
TXN0015341,0
TXN0022795,0
TXN0024725,0
TXN0015843,0
TXN0008795,0
TXN0027562,0
TXN0025591,0
TXN0010362,0
TXN0005821,0
TXN0022569,0
TXN0019865,0
TXN0031981,0
TXN0020087,0
TXN0030094,0
TXN0051857,0
TXN0044570,0
TXN0031092,0
TXN0053397,0
TXN0043863,0
TXN0025908,0
TXN0036236,0
TXN0016852,0
TXN0043335,0
TXN0006325,0
TXN0052014,0
TXN0044129,0
TXN0015057,0
TXN0046361,0
TXN0037043,0
TXN0000752,0
TXN0056194,0
TXN0015652,0
TXN0047117,0
TXN0029021,0
TXN0018097,0
TXN0047048,0
TXN0003160,0
TXN0038313,0
TXN0024787,0
TXN0026159,0
TXN0019969,0
TXN0018112,0
TXN0058666,0
TXN0009419,0
TXN0018724,0
TXN0012507,0
TXN0025812,0
TXN0032433,0
TXN0028845,0
TXN0040024,0
TXN0021214,0
TXN0048560,0
TXN0003711,0
TXN0013849,0
TXN0007577,0
TXN0050449,0
TXN0012513,0
TXN0043261,0
TXN0009975,0
TXN0012484,0
TXN0053061,0
TXN0033876,0
TXN0034431,0
TXN0026419,0
TXN0019789,0
TXN0048600,0
TXN0035837,0
TXNS00612,1
TXN0046591,0
TXN0008111,0
TXN0007698,0
TXN0004428,0
TXN0001433,0
TXN0029274,0
TXN0005758,0
TXN0042686,0
TXN0003109,0
TXN0054995,0
TXN0037913,0
TXN0010865,0
TXN0049276,0
TXN0002879,0
TXN0002750,0
TXN0056756,0
TXN0044566,0
TXN0044069,0
TXN0056996,0
TXN0045006,0
TXN0042689,0
TXN0051854,0
TXN0001904,0
TXN0011635,0
TXN0017581,0
TXN0007769,0
TXN0045133,0
TXN0034577,0
TXN0031044,0
TXN0034380,0
TXN0034901,0
TXN0013353,0
TXN0042741,0
TXN0037971,0
TXN0055740,0
TXN0038068,0
TXN0025975,0
TXN0027252,0
TXN0055865,0
TXN0028568,0
TXN0013548,0
TXN0054231,0
TXN0033934,0
TXN0055310,0
TXN0007326,0
TXN0008483,0
TXN0050414,0
TXN0049123,0
TXN0042650,0
TXN0037100,0
TXN0017566,0
TXN0026565,0
TXN0027666,0
TXN0000121,0
TXN0017710,0
TXN0056279,0
TXN0016003,0
TXN0047521,0
TXN0011052,0
TXN0007215,0
TXN0000963,0
TXN0030248,0
TXN0019454,0
TXN0046745,0
TXN0002847,0
TXN0001147,0
TXN0043797,0
TXN0044501,0
TXN0039016,0
TXN0019550,0
TXN0018347,0
TXN0028741,0
TXN0013384,0
TXN0006889,0
TXN0021724,0
TXN0001251,0
TXN0005281,0
TXN0043704,0
TXN0000230,0
TXN0024735,0
TXN0042753,0
TXN0045014,0
TXN0013209,0
TXN0054609,0
TXN0028649,0
TXN0003480,0
TXN0040193,0
TXN0043157,0
TXN0014680,0
TXN0052291,0
TXN0057282,0
TXN0026335,0
TXN0025306,0
TXN0042510,0
TXN0056812,0
TXN0023892,0
TXN0032176,0
TXN0019111,0
TXN0027504,0
TXN0017102,0
TXN0034154,0
TXN0038369,0
TXN0004411,0
TXN0050093,0
TXN0031788,0
TXN0047275,0
TXN0048926,0
TXN0039022,0
TXN0011007,0
TXN0023045,0
TXN0024888,0
TXN0008729,0
TXN0003451,0
TXN0002628,0
TXN0027390,0
TXN0033609,0
TXN0055470,0
TXN0006652,0
TXN0033231,0
TXN0005802,0
TXN0051841,0
TXN0036096,0
TXN0034557,0
TXN0036054,0
TXN0012445,0
TXN0010245,0
TXN0013143,0
TXN0021080,0
TXN0057206,0
TXN0023656,0
TXN0028025,0
TXN0039400,0
TXN0019976,0
TXN0028847,0
TXN0019883,0
TXN0043065,0
TXN0049409,0
TXN0019001,0
TXN0003472,0
TXN0033559,0
TXN0024212,0
TXN0019365,0
TXN0052555,0
TXN0040609,0
TXN0030735,0
TXN0044628,0
TXN0027347,0
TXN0041849,0
TXN0003354,0
TXN0036791,0
TXN0054790,0
TXN0009116,0
TXN0053180,0
TXN0058225,0
TXN0030457,0
TXN0014091,0
TXN0023203,0
TXN0031807,0
TXN0050582,0
TXN0053477,0
TXN0013008,0
TXNS00911,1
TXN0029871,0
TXN0022442,0
TXN0042329,0
TXN0020403,0
TXN0032346,0
TXN0011849,0
TXN0007840,0
TXN0014454,0
TXN0014968,0
TXN0002071,0
TXN0022581,0
TXN0045846,0
TXN0028167,0
TXN0009358,0
TXN0011488,0
TXN0028696,0
TXN0047486,0
TXN0018418,0
TXN0048626,0
TXN0055605,0
TXN0025647,0
TXN0000264,0
TXN0027417,0
TXN0037152,0
TXN0035102,0
TXN0055484,0
TXN0029064,0
TXN0027368,0
TXN0058206,0
TXN0012654,0
TXN0020844,0
TXN0008725,0
TXN0051371,0
TXN0046800,0
TXN0014777,0
TXN0009029,0
TXN0058868,0
TXN0037452,0
TXN0046510,0
TXN0036430,0
TXN0017125,0
TXN0027900,0
TXN0050426,0
TXN0004641,0
TXN0036754,0
TXN0045693,0
TXN0040226,0
TXN0034237,0
TXN0009042,0
TXN0026775,0
TXN0049717,0
TXN0047593,0
TXN0005768,0
TXN0001719,0
TXN0018327,0
TXN0041656,0
TXN0049047,0
TXN0047778,0
TXN0027234,0
TXN0010718,0
TXN0050857,0
TXN0007119,0
TXN0012527,0
TXN0059657,0
TXN0004483,0
TXN0021189,0
TXN0034567,0
TXN0026032,0
TXN0034639,0
TXN0022600,0
TXN0051270,0
TXN0006520,0
TXN0039502,0
TXN0027727,0
TXN0030068,0
TXN0012798,0
TXN0044286,0
TXN0040014,0
TXN0043245,0
TXN0015737,0
TXN0003662,0
TXN0008560,0
TXN0011677,0
TXN0014447,0
TXN0028422,0
TXN0007877,0
TXN0041944,0
TXN0042088,0
TXN0049614,0
TXN0006053,0
TXN0005890,0
TXN0006746,0
TXN0059763,0
TXN0008388,0
TXN0038763,0
TXN0015129,0
TXN0018435,0
TXN0022904,0
TXN0057468,0
TXN0015069,0
TXN0045876,0
TXN0000762,0
TXN0010200,0
TXN0040567,0
TXN0013831,0
TXNR0163,1
TXN0050024,0
TXN0055384,0
TXN0057886,0
TXN0057369,0
TXN0039119,0
TXN0006768,0
TXN0016504,0
TXN0042416,0
TXN0004634,0
TXN0049498,0
TXN0053555,0
TXN0007438,0
TXN0014793,0
TXN0006879,0
TXN0025516,0
TXN0045125,0
TXN0010984,0
TXN0015392,0
TXN0044012,0
TXN0012784,0
TXN0028679,0
TXN0050406,0
TXN0034325,0
TXN0046054,0
TXN0054285,0
TXN0033656,0
TXN0028905,0
TXN0059523,0
TXN0024457,0
TXN0055226,0
TXN0057294,0
TXN0020937,0
TXN0022533,0
TXN0051591,0
TXN0020399,0
TXN0035562,0
TXN0013938,0
TXN0019964,0
TXN0021065,0
TXN0006596,0
TXN0058934,0
TXN0059131,0
TXN0012893,0
TXN0018004,0
TXN0027834,0
TXN0043610,0
TXN0023036,0
TXN0051171,0
TXN0028909,0
TXN0056810,0
TXN0041442,0
TXN0046845,0
TXN0026338,0
TXN0023629,0
TXN0006000,0
TXN0035627,0
TXN0009508,0
TXN0013038,0
TXN0003965,0
TXN0012220,0
TXN0037668,0
TXN0011257,0
TXN0040026,0
TXN0018291,0
TXN0032030,0
TXN0044685,0
TXN0055188,0
TXN0031041,0
TXN0021522,0
TXN0021524,0
TXN0000820,0
TXN0059632,0
TXN0049417,0
TXN0036038,0
TXN0031797,0
TXN0029347,0
TXN0017173,0
TXN0050049,0
TXN0019788,0
TXN0008580,0
TXN0048634,0
TXN0052106,0
TXN0031493,0
TXN0004480,0
TXN0015874,0
TXN0006264,0
TXN0057486,0
TXN0025819,0
TXN0007594,0
TXN0019616,0
TXN0033309,0
TXN0016185,0
TXN0031700,0
TXN0006814,0
TXN0044342,0
TXN0055124,0
TXN0006725,0
TXN0055261,0
TXN0026396,0
TXN0016019,0
TXN0048079,0
TXN0037725,0
TXN0043152,0
TXN0040261,0
TXN0006003,0
TXN0057191,0
TXN0048056,0
TXN0035542,0
TXN0023691,0
TXN0051499,0
TXN0058993,0
TXN0058819,0
TXN0036428,0
TXN0026033,0
TXN0011794,0
TXN0003406,0
TXN0055195,0
TXN0053900,0
TXN0046384,0
TXN0005557,0
TXN0056954,0
TXN0053151,0
TXN0006597,0
TXN0012249,0
TXN0005992,0
TXN0009238,0
TXN0004430,0
TXN0042554,0
TXN0037186,0
TXN0011370,0
TXN0003165,0
TXN0008105,0
TXN0033417,0
TXN0002702,0
TXN0047021,0
TXN0058076,0
TXN0035836,0
TXN0019220,0
TXN0055745,0
TXN0057630,0
TXN0057584,0
TXN0027630,0
TXN0040082,0
TXN0019236,0
TXN0030989,0
TXN0012097,0
TXN0005824,0
TXN0004197,0
TXN0049619,0
TXN0055819,0
TXN0036615,0
TXN0045912,0
TXN0044372,0
TXN0019408,0
TXN0004126,0
TXN0052520,0
TXN0029042,0
TXN0026303,0
TXN0039357,0
TXN0049490,0
TXN0024436,0
TXN0052695,0
TXN0039587,0
TXN0048582,0
TXN0000243,0
TXN0031726,0
TXN0056157,0
TXN0029186,0
TXN0029691,0
TXN0051097,0
TXN0045311,0
TXN0032558,0
TXN0031577,0
TXN0041602,0
TXN0012730,0
TXN0015751,0
TXN0056864,0
TXN0006440,0
TXN0050913,0
TXN0019339,0
TXN0000703,0
TXN0033269,0
TXN0042516,0
TXN0025400,0
TXN0050815,0
TXN0043878,0
TXN0008340,0
TXN0016337,0
TXN0035770,0
TXN0005976,0
TXN0047850,0
TXN0001896,0
TXN0012174,0
TXN0043146,0
TXN0016239,0
TXN0004254,0
TXN0025026,0
TXN0017702,0
TXN0043163,0
TXN0014905,0
TXN0033027,0
TXN0012137,0
TXN0052100,0
TXN0009753,0
TXN0037294,0
TXN0000852,0
TXN0023728,0
TXN0045396,0
TXN0011733,0
TXN0039787,0
TXN0008845,0
TXN0020853,0
TXN0059139,0
TXN0035663,0
TXN0025770,0
TXN0018508,0
TXN0044778,0
TXN0026041,0
TXN0025866,0
TXN0026522,0
TXN0052908,0
TXN0049742,0
TXN0007581,0
TXN0003839,0
TXN0024001,0
TXN0058122,0
TXN0040479,0
TXN0002310,0
TXN0045981,0
TXN0012327,0
TXN0033877,0
TXN0011865,0
TXN0031287,0
TXN0053197,0
TXN0045047,0
TXN0051241,0
TXN0030701,0
TXN0047675,0
TXN0032851,0
TXN0056945,0
TXN0030577,0
TXN0034944,0
TXN0044114,0
TXN0004268,0
TXN0005261,0
TXN0009997,0
TXN0039967,0
TXN0038490,0
TXN0034137,0
TXN0026939,0
TXN0023018,0
TXN0040429,0
TXN0052343,0
TXN0031011,0
TXN0047059,0
TXN0042497,0
TXN0006604,0
TXN0007792,0
TXN0007150,0
TXN0030296,0
TXN0055747,0
TXN0001296,0
TXN0040445,0
TXN0024753,0
TXN0031564,0
TXN0042383,0
TXN0052081,0
TXN0048372,0
TXN0016970,0
TXN0018338,0
TXN0004667,0
TXN0053712,0
TXN0001026,0
TXN0018962,0
TXN0056594,0
TXN0031350,0
TXN0021535,0
TXN0029800,0
TXN0038284,0
TXN0055592,0
TXN0018140,0
TXN0006018,0
TXN0037093,0
TXN0039831,0
TXN0005740,0
TXN0055946,0
TXN0052037,0
TXN0052702,0
TXN0026812,0
TXN0029360,0
TXN0018475,0
TXN0032497,0
TXN0040645,0
TXN0018627,0
TXN0028027,0
TXN0005336,0
TXN0004717,0
TXN0032440,0
TXN0029701,0
TXN0053604,0
TXN0023292,0
TXN0022329,0
TXN0000540,0
TXN0057021,0
TXN0035526,0
TXN0056624,0
TXN0023399,0
TXN0045900,0
TXN0059060,0
TXN0054156,0
TXN0038678,0
TXN0005858,0
TXN0038761,0
TXN0043087,0
TXN0027218,0
TXN0004328,0
TXN0034482,0
TXN0005107,0
TXN0057262,0
TXN0033641,0
TXN0026031,0
TXN0017382,0
TXN0051849,0
TXN0031173,0
TXN0036179,0
TXN0020646,0
TXN0008969,0
TXN0017971,0
TXN0053434,0
TXN0020857,0
TXN0029120,0
TXN0037817,0
TXN0029494,0
TXN0056246,0
TXN0052582,0
TXN0016441,0
TXN0046791,0
TXN0013870,0
TXN0027741,0
TXN0001564,0
TXN0021722,0
TXN0025922,0
TXN0023260,0
TXN0019676,0
TXN0030434,0
TXN0044196,0
TXN0054086,0
TXN0027530,0
TXN0012276,0
TXN0042073,0
TXN0034990,0
TXN0046601,0
TXN0040246,0
TXN0006162,0
TXN0035083,0
TXN0045892,0
TXN0035569,0
TXN0049520,0
TXN0042620,0
TXN0039990,0
TXN0040729,0
TXN0048422,0
TXN0031483,0
TXN0022261,0
TXN0036794,0
TXN0043325,0
TXN0038577,0
TXN0014756,0
TXN0056221,0
TXN0002001,0
TXN0046527,0
TXN0049814,0
TXN0039381,0
TXN0021531,0
TXN0024137,0
TXN0041201,0
TXN0059155,0
TXN0021365,0
TXN0000775,0
TXN0019284,0
TXN0057758,0
TXN0057540,0
TXN0029909,0
TXN0019378,0
TXN0034118,0
TXN0039660,0
TXN0034733,0
TXN0000983,0
TXN0037101,0
TXN0001387,0
TXN0054557,0
TXN0055293,0
TXN0018803,0
TXN0059127,0
TXN0014150,0
TXN0023162,0
TXN0010446,0
TXN0028188,0
TXN0007285,0
TXN0024810,0
TXN0057116,0
TXN0045422,0
TXN0058576,0
TXN0001815,0
TXN0058558,0
TXN0000139,0
TXN0027108,0
TXN0025707,0
TXN0028970,0
TXN0009473,0
TXN0020482,0
TXN0054390,0
TXN0021478,0
TXN0036024,0
TXN0014703,0
TXN0039549,0
TXN0005915,0
TXN0022349,0
TXN0038628,0
TXN0057498,0
TXN0012277,0
TXN0023830,0
TXN0005437,0
TXN0044544,0
TXN0031059,0
TXN0008144,0
TXN0051765,0
TXN0055806,0
TXN0034045,0
TXN0021916,0
TXN0013533,0
TXN0006580,0
TXN0059906,0
TXN0019805,0
TXN0039167,0
TXN0052485,0
TXN0046747,0
TXN0005686,0
TXN0028683,0
TXN0001794,0
TXN0023392,0
TXN0036058,0
TXN0005531,0
TXN0041599,0
TXN0022583,0
TXN0035023,0
TXN0038096,0
TXN0039251,0
TXN0058324,0
TXN0033904,0
TXN0056094,0
TXN0043782,0
TXN0008867,0
TXN0004620,0
TXN0007643,0
TXN0000455,0
TXN0030938,0
TXN0012241,0
TXN0014134,0
TXN0042334,0
TXN0016296,0
TXN0021186,0
TXN0039936,0
TXN0021451,0
TXN0047902,0
TXN0059044,0
TXN0010818,0
TXN0011976,0
TXN0012080,0
TXN0012255,0
TXN0029246,0
TXN0053558,0
TXN0003033,0
TXN0055229,0
TXN0015575,0
TXN0001613,0
TXN0012246,0
TXN0014649,0
TXN0055499,0
TXN0006169,0
TXN0000119,0
TXN0038557,0
TXN0056584,0
TXN0024775,0
TXN0035855,0
TXN0019058,0
TXN0013198,0
TXN0053689,0
TXN0002041,0
TXN0001345,0
TXN0025310,0
TXN0031771,0
TXN0032841,0
TXN0040845,0
TXN0027119,0
TXN0010309,0
TXN0009525,0
TXN0040776,0
TXN0030548,0
TXN0031532,0
TXN0045711,0
TXN0039659,0
TXN0016216,0
TXN0022148,0
TXN0059303,0
TXN0050596,0
TXN0036501,0
TXN0025565,0
TXN0059678,0
TXN0044773,0
TXN0030361,0
TXN0049173,0
TXN0005705,0
TXN0050320,0
TXN0048326,0
TXN0029712,0
TXN0018662,0
TXN0036676,0
TXN0056091,0
TXN0045692,0
TXN0027859,0
TXN0045571,0
TXN0030010,0
TXN0054436,0
TXN0021167,0
TXN0008707,0
TXN0003523,0
TXN0039927,0
TXN0032759,0
TXN0001275,0
TXN0010354,0
TXN0032289,0
TXN0015763,0
TXN0016041,0
TXN0021369,0
TXN0002215,0
TXN0025949,0
TXN0047827,0
TXN0002009,0
TXN0037024,0
TXN0058257,0
TXN0049627,0
TXN0032962,0
TXN0041839,0
TXN0015885,0
TXN0008704,0
TXN0014218,0
TXN0053121,0
TXN0008637,0
TXN0031333,0
TXN0045841,0
TXN0035768,0
TXN0005162,0
TXN0058809,0
TXN0008832,0
TXN0017757,0
TXN0018818,0
TXN0034665,0
TXN0052174,0
TXN0016811,0
TXN0054667,0
TXN0058107,0
TXN0056223,0
TXN0015482,0
TXN0018353,0
TXN0052228,0
TXN0049172,0
TXN0015878,0
TXN0046102,0
TXN0039128,0
TXN0049554,0
TXN0008918,0
TXN0043115,0
TXN0055281,0
TXN0019495,0
TXN0028331,0
TXN0041299,0
TXN0041491,0
TXN0019711,0
TXN0059080,0
TXN0015670,0
TXN0027976,0
TXN0042977,0
TXN0033903,0
TXN0025435,0
TXN0032487,0
TXN0004170,0
TXN0044113,0
TXN0037424,0
TXN0025806,0
TXN0050421,0
TXN0030673,0
TXN0033145,0
TXN0045353,0
TXN0009717,0
TXN0011149,0
TXN0015968,0
TXN0057652,0
TXN0020686,0
TXN0019855,0
TXN0038236,0
TXN0021935,0
TXN0045290,0
TXN0019022,0
TXN0049675,0
TXN0036729,0
TXN0042803,0
TXN0012774,0
TXN0053985,0
TXN0028147,0
TXN0010383,0
TXN0051817,0
TXN0049390,0
TXN0027238,0
TXN0040755,0
TXN0014592,0
TXN0019208,0
TXN0000871,0
TXN0050902,0
TXN0019186,0
TXN0003580,0
TXN0055630,0
TXN0004709,0
TXN0050476,0
TXN0023209,0
TXN0034032,0
TXN0050306,0
TXN0000990,0
TXN0028297,0
TXN0036072,0
TXN0017370,0
TXN0021480,0
TXN0034893,0
TXN0000122,0
TXN0041575,0
TXN0043253,0
TXN0040431,0
TXN0009094,0
TXN0027554,0
TXN0003208,0
TXN0026495,0
TXN0029587,0
TXN0002074,0
TXN0010275,0
TXN0024348,0
TXN0033409,0
TXN0027396,0
TXN0007763,0
TXN0027375,0
TXN0026546,0
TXN0056675,0
TXN0034417,0
TXN0054725,0
TXN0010673,0
TXN0024004,0
TXN0042273,0
TXN0026903,0
TXN0012325,0
TXN0013626,0
TXN0038431,0
TXN0059485,0
TXN0014722,0
TXN0048312,0
TXN0013128,0
TXN0039101,0
TXN0041564,0
TXN0011501,0
TXN0025136,0
TXN0052043,0
TXN0057487,0
TXN0043399,0
TXN0037885,0
TXN0051746,0
TXN0042974,0
TXN0010843,0
TXN0037339,0
TXN0046307,0
TXN0015122,0
TXN0035364,0
TXN0034963,0
TXN0001994,0
TXN0038391,0
TXN0011895,0
TXN0026323,0
TXN0056841,0
TXN0010797,0
TXN0049309,0
TXN0058486,0
TXN0016596,0
TXN0010650,0
TXN0007589,0
TXN0014734,0
TXN0001662,0
TXN0012629,0
TXN0037133,0
TXN0037709,0
TXN0009556,0
TXN0020356,0
TXN0057003,0
TXN0026202,0
TXN0021396,0
TXN0058109,0
TXN0005043,0
TXN0051465,0
TXN0018567,0
TXN0006996,0
TXN0033180,0
TXN0058357,0
TXN0050765,0
TXN0004450,0
TXN0036625,0
TXN0029074,0
TXN0038297,0
TXN0016132,0
TXN0044614,0
TXN0047432,0
TXN0034243,0
TXN0008099,0
TXN0028437,0
TXN0007057,0
TXN0043556,0
TXN0051784,0
TXN0039018,0
TXN0052080,0
TXN0059623,0
TXN0048148,0
TXN0030390,0
TXN0055736,0
TXN0021105,0
TXN0012459,0
TXN0049360,0
TXN0034109,0
TXN0029658,0
TXN0002390,0
TXN0001520,0
TXN0013985,0
TXN0033054,0
TXN0021068,0
TXN0009747,0
TXN0016985,0
TXN0059874,0
TXN0018906,0
TXN0015801,0
TXN0030321,0
TXN0010603,0
TXN0050730,0
TXN0001733,0
TXN0048878,0
TXN0054255,0
TXN0039347,0
TXN0036351,0
TXN0054212,0
TXNS00702,1
TXN0042601,0
TXN0056120,0
TXN0028908,0
TXN0006934,0
TXN0059628,0
TXN0051770,0
TXN0031640,0
TXN0024654,0
TXN0001871,0
TXN0037007,0
TXN0048558,0
TXN0033812,0
TXN0039079,0
TXN0013839,0
TXN0026099,0
TXN0040805,0
TXN0042439,0
TXN0008814,0
TXN0039762,0
TXN0019699,0
TXN0041983,0
TXN0036165,0
TXN0040559,0
TXN0019580,0
TXN0043486,0
TXN0044119,0
TXN0006252,0
TXN0058258,0
TXN0031297,0
TXN0028425,0
TXN0011558,0
TXN0045871,0
TXN0042704,0
TXN0003725,0
TXN0012378,0
TXN0045774,0
TXN0041607,0
TXN0009919,0
TXN0017176,0
TXN0032982,0
TXN0057222,0
TXN0015002,0
TXN0011858,0
TXN0019103,0
TXN0031507,0
TXN0048157,0
TXN0052747,0
TXN0049296,0
TXN0025846,0
TXN0006148,0
TXN0012309,0
TXN0014544,0
TXN0010854,0
TXN0033669,0
TXN0016797,0
TXN0040061,0
TXN0047518,0
TXN0059317,0
TXN0049342,0
TXN0002656,0
TXN0032109,0
TXN0006409,0
TXN0022557,0
TXN0006977,0
TXN0052301,0
TXN0048090,0
TXN0030939,0
TXN0026428,0
TXN0018278,0
TXN0001311,0
TXN0028662,0
TXN0049861,0
TXN0050893,0
TXN0015706,0
TXN0044763,0
TXN0007723,0
TXN0041835,0
TXN0031296,0
TXN0030950,0
TXN0008523,0
TXN0054963,0
TXN0008019,0
TXN0002153,0
TXN0037639,0
TXN0000025,0
TXN0007842,0
TXN0028627,0
TXN0004952,0
TXN0030404,0
TXN0024121,0
TXN0030754,0
TXN0034834,0
TXN0019683,0
TXN0044356,0
TXN0034897,0
TXN0017078,0
TXN0024047,0
TXN0003250,0
TXN0050785,0
TXN0026747,0
TXN0022792,0
TXN0001149,0
TXN0048652,0
TXN0042980,0
TXN0054096,0
TXN0043874,0
TXN0043893,0
TXN0049126,0
TXN0035536,0
TXN0057068,0
TXN0038503,0
TXN0025986,0
TXN0053458,0
TXN0059102,0
TXN0034515,0
TXN0012478,0
TXN0001305,0
TXN0019854,0
TXN0009539,0
TXN0001981,0
TXN0059211,0
TXN0041296,0
TXN0001029,0
TXN0006899,0
TXN0047632,0
TXN0034513,0
TXN0025926,0
TXN0014077,0
TXN0001730,0
TXN0047502,0
TXN0040886,0
TXN0037343,0
TXN0018820,0
TXN0030479,0
TXN0015061,0
TXN0012337,0
TXN0053998,0
TXN0043140,0
TXN0048129,0
TXN0012073,0
TXN0033259,0
TXN0002078,0
TXN0035376,0
TXN0028636,0
TXN0010863,0
TXN0039671,0
TXN0040359,0
TXN0045832,0
TXN0036270,0
TXN0053205,0
TXN0039912,0
TXN0045556,0
TXN0032860,0
TXN0047412,0
TXN0006219,0
TXN0004751,0
TXN0016233,0
TXN0014058,0
TXN0025079,0
TXN0043119,0
TXN0004463,0
TXN0003163,0
TXN0022321,0
TXN0009802,0
TXN0057517,0
TXN0035061,0
TXN0053246,0
TXN0041633,0
TXN0034847,0
TXN0050848,0
TXN0014057,0
TXN0045217,0
TXN0028800,0
TXN0035317,0
TXN0012063,0
TXN0019625,0
TXN0029885,0
TXN0040092,0
TXN0029514,0
TXN0034092,0
TXN0048365,0
TXN0028818,0
TXN0033774,0
TXN0017936,0
TXN0029861,0
TXN0037278,0
TXN0059966,0
TXN0029065,0
TXN0020232,0
TXN0019607,0
TXN0001142,0
TXN0023743,0
TXN0007448,0
TXN0022594,0
TXN0058317,0
TXN0042214,0
TXN0054195,0
TXN0052445,0
TXN0041020,0
TXN0001918,0
TXN0033620,0
TXN0010138,0
TXN0025528,0
TXN0056604,0
TXN0018392,0
TXN0020216,0
TXN0054728,0
TXN0027294,0
TXN0019591,0
TXN0054528,0
TXN0029598,0
TXN0049564,0
TXN0045455,0
TXN0034999,0
TXN0013260,0
TXN0030288,0
TXN0012973,0
TXN0033406,0
TXN0032122,0
TXN0002168,0
TXN0046316,0
TXN0038750,0
TXN0022336,0
TXN0011747,0
TXN0057604,0
TXN0054883,0
TXN0039885,0
TXN0047316,0
TXN0006864,0
TXN0013559,0
TXN0045596,0
TXN0036588,0
TXN0034921,0
TXN0003682,0
TXN0050321,0
TXN0006603,0
TXN0029875,0
TXN0039061,0
TXN0009375,0
TXN0020498,0
TXN0027367,0
TXN0055478,0
TXN0027875,0
TXN0027072,0
TXN0031999,0
TXN0001202,0
TXN0053419,0
TXN0053599,0
TXN0005805,0
TXN0008732,0
TXN0057140,0
TXN0003198,0
TXN0025492,0
TXN0034002,0
TXN0021299,0
TXN0049985,0
TXN0034616,0
TXN0018798,0
TXN0022550,0
TXN0031196,0
TXN0031604,0
TXN0038312,0
TXN0031540,0
TXN0023661,0
TXN0027545,0
TXN0045317,0
TXN0041591,0
TXN0032393,0
TXN0017188,0
TXN0000382,0
TXN0047330,0
TXN0014137,0
TXN0037035,0
TXN0024100,0
TXN0018503,0
TXN0025980,0
TXN0056738,0
TXN0005623,0
TXN0054412,0
TXN0031632,0
TXN0002884,0
TXN0055041,0
TXN0036983,0
TXN0005532,0
TXN0008312,0
TXN0052754,0
TXN0029635,0
TXN0016210,0
TXN0012804,0
TXN0052654,0
TXN0036264,0
TXN0005191,0
TXN0018770,0
TXN0004680,0
TXN0003310,0
TXN0048748,0
TXN0023603,0
TXN0033730,0
TXN0002653,0
TXN0047723,0
TXN0024072,0
TXN0036206,0
TXN0028929,0
TXN0002733,0
TXN0054139,0
TXN0032663,0
TXN0026403,0
TXN0035973,0
TXN0000837,0
TXN0012889,0
TXN0002752,0
TXN0003162,0
TXN0020989,0
TXN0033352,0
TXN0003138,0
TXN0026305,0
TXN0029085,0
TXN0022109,0
TXN0017222,0
TXN0046759,0
TXN0042260,0
TXN0044873,0
TXN0007403,0
TXN0045109,0
TXN0029180,0
TXN0010008,0
TXN0032455,0
TXN0034429,0
TXN0003386,0
TXN0031035,0
TXN0057318,0
TXN0011166,0
TXN0002435,0
TXN0029270,0
TXN0018239,0
TXN0013044,0
TXN0017589,0
TXN0053807,0
TXN0033813,0
TXN0029792,0
TXN0028075,0
TXN0016359,0
TXN0041921,0
TXN0029786,0
TXN0021708,0
TXN0012880,0
TXN0047061,0
TXN0018355,0
TXN0035407,0
TXN0043040,0
TXN0036130,0
TXN0030459,0
TXN0051101,0
TXN0048534,0
TXN0021735,0
TXN0026276,0
TXN0025550,0
TXN0001513,0
TXN0009310,0
TXN0057082,0
TXN0006451,0
TXN0004516,0
TXN0009779,0
TXN0013817,0
TXN0030152,0
TXN0037439,0
TXN0005092,0
TXN0049295,0
TXN0035074,0
TXN0037612,0
TXN0046725,0
TXN0051236,0
TXN0000361,0
TXN0040753,0
TXN0043741,0
TXN0050635,0
TXN0016294,0
TXN0016844,0
TXN0046564,0
TXN0007302,0
TXN0043137,0
TXN0054895,0
TXN0041204,0
TXN0051014,0
TXN0020490,0
TXN0021150,0
TXN0013063,0
TXN0055004,0
TXN0013984,0
TXN0002346,0
TXN0004468,0
TXN0004208,0
TXN0056053,0
TXN0017620,0
TXN0005346,0
TXN0004636,0
TXN0055480,0
TXN0042806,0
TXN0010155,0
TXN0033987,0
TXN0027544,0
TXN0058566,0
TXN0022627,0
TXN0044539,0
TXN0050793,0
TXN0035473,0
TXN0004472,0
TXN0037961,0
TXN0021541,0
TXN0045059,0
TXN0045795,0
TXN0007714,0
TXN0051056,0
TXN0054469,0
TXN0048870,0
TXN0022897,0
TXN0026936,0
TXN0057924,0
TXN0048945,0
TXN0013827,0
TXN0021954,0
TXN0049920,0
TXN0015112,0
TXN0058161,0
TXN0043187,0
TXN0016898,0
TXN0026036,0
TXN0034322,0
TXN0015427,0
TXN0047250,0
TXN0023028,0
TXN0007102,0
TXN0033036,0
TXN0039202,0
TXN0057820,0
TXN0023163,0
TXN0022563,0
TXN0022023,0
TXN0008980,0
TXN0054996,0
TXN0058409,0
TXN0003954,0
TXN0005911,0
TXN0025598,0
TXN0036960,0
TXN0059222,0
TXN0010695,0
TXN0041260,0
TXN0051199,0
TXN0024963,0
TXN0034358,0
TXN0030618,0
TXN0044642,0
TXN0010097,0
TXN0023352,0
TXN0057888,0
TXN0042076,0
TXN0044388,0
TXN0018428,0
TXN0036732,0
TXN0047769,0
TXN0012833,0
TXN0011395,0
TXN0053399,0
TXN0009855,0
TXN0023242,0
TXN0030443,0
TXN0010752,0
TXN0010030,0
TXN0039102,0
TXN0017735,0
TXN0046237,0
TXN0024546,0
TXN0051330,0
TXN0023670,0
TXN0044801,0
TXN0022919,0
TXN0036131,0
TXN0047235,0
TXN0020097,0
TXN0051134,0
TXN0046663,0
TXN0017281,0
TXN0036228,0
TXN0031175,0
TXN0017990,0
TXN0017785,0
TXN0027950,0
TXN0040019,0
TXN0022114,0
TXN0021892,0
TXN0001677,0
TXN0031586,0
TXN0000092,0
TXN0047113,0
TXN0014655,0
TXN0003915,0
TXN0011726,0
TXN0008069,0
TXN0012042,0
TXN0036933,0
TXN0023475,0
TXN0045343,0
TXN0030322,0
TXN0041044,0
TXN0024800,0
TXN0047201,0
TXNS00931,1
TXN0056944,0
TXN0003891,0
TXN0002252,0
TXN0013204,0
TXN0038667,0
TXN0050557,0
TXN0002391,0
TXN0047386,0
TXN0020451,0
TXN0003781,0
TXN0007559,0
TXN0027118,0
TXN0031104,0
TXN0001292,0
TXN0049615,0
TXN0005735,0
TXN0000089,0
TXN0037779,0
TXN0008028,0
TXN0034437,0
TXN0013711,0
TXN0037071,0
TXN0056903,0
TXN0030295,0
TXN0025044,0
TXN0012660,0
TXN0035762,0
TXN0026151,0
TXN0016190,0
TXN0051985,0
TXN0030038,0
TXN0047777,0
TXN0027012,0
TXN0000053,0
TXN0048203,0
TXN0051847,0
TXN0042775,0
TXN0005484,0
TXN0005910,0
TXN0046244,0
TXN0032137,0
TXN0045817,0
TXN0057137,0
TXN0022069,0
TXN0028104,0
TXN0017381,0
TXN0029307,0
TXN0035956,0
TXN0022558,0
TXN0049701,0
TXN0059120,0
TXN0051245,0
TXN0020366,0
TXN0050086,0
TXN0058849,0
TXN0042583,0
TXN0000310,0
TXN0001886,0
TXN0020973,0
TXN0054925,0
TXN0013250,0
TXN0032820,0
TXN0043706,0
TXN0001247,0
TXN0014370,0
TXN0041541,0
TXN0025861,0
TXN0056608,0
TXNS00011,1
TXN0048490,0
TXN0055175,0
TXN0035112,0
TXN0000875,0
TXN0052361,0
TXN0007623,0
TXN0011277,0
TXN0021028,0
TXN0013633,0
TXN0012245,0
TXN0049896,0
TXN0047866,0
TXN0031844,0
TXN0020957,0
TXN0032811,0
TXN0018270,0
TXN0043138,0
TXN0035415,0
TXN0003038,0
TXN0045224,0
TXN0035370,0
TXN0038574,0
TXN0028866,0
TXN0016862,0
TXN0042181,0
TXN0014508,0
TXN0023077,0
TXN0017804,0
TXN0044060,0
TXN0035134,0
TXN0014208,0
TXN0031561,0
TXN0055886,0
TXN0003904,0
TXN0031132,0
TXN0006005,0
TXN0046547,0
TXN0037068,0
TXN0055481,0
TXN0037451,0
TXN0044710,0
TXN0057692,0
TXN0004140,0
TXN0003533,0
TXN0043207,0
TXN0033605,0
TXN0032554,0
TXN0024477,0
TXN0020962,0
TXN0010573,0
TXN0000187,0
TXN0049514,0
TXN0019879,0
TXN0008948,0
TXN0009251,0
TXN0039839,0
TXN0039208,0
TXN0004638,0
TXN0052898,0
TXN0037984,0
TXN0045334,0
TXN0058747,0
TXN0029558,0
TXN0027225,0
TXN0047677,0
TXN0049274,0
TXN0007355,0
TXN0016899,0
TXN0001712,0
TXN0011898,0
TXN0048869,0
TXN0011181,0
TXN0017242,0
TXN0034672,0
TXN0019286,0
TXN0005897,0
TXN0054673,0
TXN0046349,0
TXN0028759,0
TXN0018545,0
TXN0000580,0
TXN0039869,0
TXN0002236,0
TXN0036603,0
TXN0016207,0
TXN0016572,0
TXN0052128,0
TXN0002547,0
TXN0043611,0
TXN0046107,0
TXN0035673,0
TXN0047871,0
TXN0034597,0
TXN0041155,0
TXN0001479,0
TXN0015403,0
TXN0016474,0
TXN0039558,0
TXN0033976,0
TXN0002516,0
TXN0017759,0
TXN0054077,0
TXN0013308,0
TXN0008285,0
TXN0018894,0
TXN0019655,0
TXN0019992,0
TXN0041857,0
TXN0040302,0
TXN0052355,0
TXN0017126,0
TXN0031468,0
TXN0038531,0
TXN0049065,0
TXN0045989,0
TXN0039416,0
TXN0034078,0
TXN0019970,0
TXN0049224,0
TXN0009674,0
TXN0043343,0
TXN0055696,0
TXN0024342,0
TXN0033936,0
TXN0023452,0
TXN0040904,0
TXN0057186,0
TXN0049885,0
TXN0008944,0
TXN0025449,0
TXN0054705,0
TXN0025134,0
TXN0000334,0
TXN0008408,0
TXN0032971,0
TXN0000081,0
TXN0042022,0
TXN0012518,0
TXN0015924,0
TXN0007787,0
TXN0006164,0
TXN0027806,0
TXN0045770,0
TXN0034749,0
TXN0057579,0
TXN0031436,0
TXN0048645,0
TXN0057496,0
TXN0036793,0
TXN0050458,0
TXN0034053,0
TXN0006138,0
TXN0016431,0
TXN0047271,0
TXN0047427,0
TXN0007794,0
TXN0050511,0
TXN0042241,0
TXN0036161,0
TXN0057884,0
TXN0004970,0
TXN0001066,0
TXN0051675,0
TXN0034125,0
TXN0002734,0
TXN0036473,0
TXN0053009,0
TXN0058284,0
TXN0033322,0
TXN0047726,0
TXN0035976,0
TXN0028146,0
TXN0032072,0
TXN0047834,0
TXN0016036,0
TXN0041516,0
TXN0037391,0
TXN0027194,0
TXN0039694,0
TXN0008190,0
TXN0032666,0
TXN0028569,0
TXN0022134,0
TXN0031825,0
TXN0041648,0
TXN0031878,0
TXN0012908,0
TXN0015435,0
TXN0002834,0
TXN0005238,0
TXN0048667,0
TXN0047603,0
TXN0013801,0
TXN0003294,0
TXN0002171,0
TXN0028110,0
TXN0031964,0
TXN0033603,0
TXN0042514,0
TXN0014989,0
TXN0031046,0
TXN0021945,0
TXN0046195,0
TXN0037838,0
TXN0045815,0
TXN0024655,0
TXN0025021,0
TXN0053821,0
TXN0051405,0
TXN0032672,0
TXN0002931,0
TXN0047730,0
TXN0012776,0
TXN0034465,0
TXN0016336,0
TXN0014154,0
TXN0055707,0
TXN0016578,0
TXN0050631,0
TXN0027292,0
TXN0026668,0
TXN0058725,0
TXN0019764,0
TXNS00913,1
TXN0027054,0
TXN0043577,0
TXN0028031,0
TXN0049774,0
TXN0053818,0
TXN0009827,0
TXN0016546,0
TXN0020404,0
TXN0036031,0
TXN0027616,0
TXN0013804,0
TXN0038201,0
TXN0016268,0
TXN0025586,0
TXN0045011,0
TXN0053249,0
TXN0027533,0
TXN0038576,0
TXN0012206,0
TXN0032240,0
TXN0001729,0
TXN0058379,0
TXN0041867,0
TXN0052621,0
TXN0025258,0
TXN0037783,0
TXN0019004,0
TXN0039947,0
TXN0056531,0
TXN0054022,0
TXN0017722,0
TXN0020565,0
TXN0021631,0
TXN0043659,0
TXN0040235,0
TXN0029313,0
TXN0006174,0
TXN0041980,0
TXN0059995,0
TXN0048572,0
TXN0042586,0
TXN0032760,0
TXN0040405,0
TXN0037048,0
TXN0003429,0
TXN0004177,0
TXN0021261,0
TXN0051882,0
TXN0007937,0
TXN0034975,0
TXN0059099,0
TXN0024492,0
TXN0054654,0
TXN0004453,0
TXN0003254,0
TXN0004910,0
TXN0019979,0
TXN0006593,0
TXN0030585,0
TXN0053671,0
TXN0050318,0
TXN0005859,0
TXN0038246,0
TXN0026083,0
TXN0031121,0
TXN0026524,0
TXN0042308,0
TXN0018036,0
TXN0011798,0
TXN0006278,0
TXN0026826,0
TXN0050703,0
TXN0036248,0
TXN0021187,0
TXN0019910,0
TXN0005513,0
TXN0020112,0
TXN0044061,0
TXN0001028,0
TXN0047136,0
TXN0017250,0
TXN0008671,0
TXN0016951,0
TXN0059255,0
TXN0015390,0
TXN0046226,0
TXN0017489,0
TXN0054973,0
TXN0000047,0
TXN0016325,0
TXN0025048,0
TXN0028609,0
TXN0000707,0
TXN0054018,0
TXN0032000,0
TXN0013064,0
TXN0028435,0
TXN0043135,0
TXN0012310,0
TXN0012983,0
TXN0034971,0
TXN0034110,0
TXN0036334,0
TXN0041404,0
TXN0046897,0
TXN0015171,0
TXN0057007,0
TXN0052787,0
TXN0056401,0
TXN0009876,0
TXN0017011,0
TXN0049898,0
TXN0017048,0
TXN0034985,0
TXN0005076,0
TXN0049944,0
TXN0053733,0
TXN0032200,0
TXN0047609,0
TXN0047600,0
TXN0028826,0
TXN0051730,0
TXN0010281,0
TXN0015347,0
TXN0059864,0
TXN0036266,0
TXN0047619,0
TXN0007053,0
TXN0021851,0
TXN0011199,0
TXN0032512,0
TXN0001540,0
TXN0002958,0
TXN0023084,0
TXN0042248,0
TXN0059437,0
TXN0018148,0
TXN0021250,0
TXN0043908,0
TXN0023484,0
TXN0046334,0
TXN0040838,0
TXN0047943,0
TXN0003013,0
TXN0020037,0
TXN0032068,0
TXN0047184,0
TXN0037140,0
TXN0018136,0
TXN0012085,0
TXN0025728,0
TXN0056417,0
TXN0050922,0
TXN0016917,0
TXN0049208,0
TXN0023327,0
TXN0038281,0
TXN0031775,0
TXN0032045,0
TXN0024224,0
TXN0018980,0
TXN0030619,0
TXN0048610,0
TXN0033256,0
TXN0045484,0
TXN0035058,0
TXN0017614,0
TXN0031364,0
TXN0040367,0
TXN0036276,0
TXN0049586,0
TXN0028838,0
TXN0049006,0
TXN0049802,0
TXN0037592,0
TXN0028098,0
TXN0026540,0
TXN0049396,0
TXN0008425,0
TXN0005291,0
TXN0020292,0
TXN0029056,0
TXN0027502,0
TXN0024927,0
TXN0010323,0
TXN0010285,0
TXN0050257,0
TXN0034692,0
TXN0021123,0
TXN0005357,0
TXN0004687,0
TXN0017844,0
TXN0021413,0
TXN0005331,0
TXN0027295,0
TXN0008731,0
TXN0038114,0
TXN0028257,0
TXN0056691,0
TXN0051842,0
TXN0054364,0
TXN0045300,0
TXN0059261,0
TXN0028237,0
TXN0024293,0
TXN0015018,0
TXN0018700,0
TXN0056195,0
TXN0046124,0
TXN0006187,0
TXN0033569,0
TXN0017646,0
TXN0002938,0
TXN0001366,0
TXN0029463,0
TXN0043214,0
TXN0012320,0
TXN0051202,0
TXN0055725,0
TXN0040636,0
TXN0045119,0
TXN0046708,0
TXN0000980,0
TXN0023144,0
TXN0022303,0
TXN0045891,0
TXN0012914,0
TXN0029812,0
TXN0058878,0
TXN0045038,0
TXN0058857,0
TXN0014607,0
TXN0059625,0
TXN0051929,0
TXN0047000,0
TXN0009041,0
TXN0003058,0
TXN0009021,0
TXN0055025,0
TXN0045920,0
TXN0019119,0
TXN0052684,0
TXN0058922,0
TXN0040924,0
TXN0018464,0
TXN0045140,0
TXN0004238,0
TXN0007728,0
TXN0001371,0
TXN0005160,0
TXN0008612,0
TXN0043288,0
TXN0018002,0
TXN0034029,0
TXN0058103,0
TXN0020693,0
TXN0021407,0
TXN0050059,0
TXN0004066,0
TXN0023904,0
TXN0032291,0
TXN0014228,0
TXN0009003,0
TXN0049303,0
TXN0022850,0
TXN0059280,0
TXN0016609,0
TXNS00200,1
TXN0014754,0
TXN0052020,0
TXN0008416,0
TXN0044961,0
TXN0014827,0
TXN0000790,0
TXN0031462,0
TXN0059568,0
TXN0034195,0
TXN0044228,0
TXN0011869,0
TXN0036968,0
TXN0004452,0
TXN0048953,0
TXN0042504,0
TXN0017639,0
TXN0033564,0
TXN0003069,0
TXN0037348,0
TXN0056656,0
TXN0019666,0
TXN0038777,0
TXN0055356,0
TXN0035580,0
TXN0040336,0
TXN0020408,0
TXN0039645,0
TXN0040361,0
TXN0034856,0
TXN0016996,0
TXN0035922,0
TXN0032105,0
TXN0054729,0
TXN0035955,0
TXN0038113,0
TXN0011699,0
TXN0036150,0
TXN0059553,0
TXN0043478,0
TXN0043402,0
TXN0056712,0
TXN0001897,0
TXN0028157,0
TXN0030833,0
TXN0022672,0
TXN0041749,0
TXN0031101,0
TXN0019621,0
TXN0051880,0
TXN0008141,0
TXN0012034,0
TXN0022781,0
TXN0011513,0
TXN0027017,0
TXN0052488,0
TXN0005980,0
TXN0058802,0
TXN0037537,0
TXN0046309,0
TXN0048263,0
TXN0005838,0
TXN0005485,0
TXN0033985,0
TXN0006897,0
TXN0019295,0
TXN0014204,0
TXN0036780,0
TXN0020046,0
TXN0031084,0
TXN0029054,0
TXN0010168,0
TXN0019392,0
TXN0013648,0
TXN0033627,0
TXN0040210,0
TXN0005669,0
TXN0014914,0
TXN0027536,0
TXN0047813,0
TXN0041092,0
TXN0033851,0
TXN0018410,0
TXN0002876,0
TXN0014884,0
TXN0035911,0
TXN0009082,0
TXN0020694,0
TXN0024513,0
TXN0017390,0
TXN0006117,0
TXN0004085,0
TXN0006826,0
TXN0027720,0
TXN0058999,0
TXN0043153,0
TXN0019068,0
TXN0047148,0
TXN0030516,0
TXN0039771,0
TXN0047035,0
TXN0037308,0
TXN0020841,0
TXN0039344,0
TXN0043592,0
TXN0040341,0
TXN0040960,0
TXN0026687,0
TXN0007954,0
TXN0032166,0
TXN0035308,0
TXN0001931,0
TXN0008447,0
TXN0020185,0
TXN0028674,0
TXN0035915,0
TXN0007752,0
TXN0005986,0
TXN0033912,0
TXN0001953,0
TXN0047542,0
TXN0048738,0
TXN0053717,0
TXN0007362,0
TXN0040480,0
TXN0012538,0
TXN0018082,0
TXN0024979,0
TXN0046544,0
TXN0046711,0
TXN0050735,0
TXN0053872,0
TXN0058556,0
TXN0046901,0
TXN0040258,0
TXN0052417,0
TXNS01012,1
TXN0000088,0
TXN0038920,0
TXN0031150,0
TXN0035269,0
TXN0018451,0
TXN0031829,0
TXN0053320,0
TXN0031303,0
TXN0046532,0
TXN0026810,0
TXN0030629,0
TXN0032516,0
TXN0017969,0
TXN0041995,0
TXN0043579,0
TXN0021273,0
TXN0048535,0
TXN0048660,0
TXN0013011,0
TXN0057281,0
TXN0055700,0
TXN0032832,0
TXN0024803,0
TXN0057301,0
TXN0056070,0
TXN0008840,0
TXN0016734,0
TXN0042983,0
TXN0041370,0
TXN0040219,0
TXN0047925,0
TXN0012412,0
TXN0031573,0
TXN0027758,0
TXN0010257,0
TXN0034853,0
TXN0037562,0
TXN0020983,0
TXN0043572,0
TXN0046624,0
TXN0012611,0
TXN0049890,0
TXN0034304,0
TXN0051529,0
TXN0056302,0
TXN0051660,0
TXN0037620,0
TXN0005066,0
TXN0013925,0
TXN0051030,0
TXN0027174,0
TXN0008033,0
TXN0004653,0
TXN0013316,0
TXN0020665,0
TXN0047002,0
TXN0000085,0
TXN0007539,0
TXN0030128,0
TXN0046365,0
TXN0044006,0
TXN0033811,0
TXN0054838,0
TXN0013277,0
TXN0052868,0
TXN0031678,0
TXN0017636,0
TXN0052644,0
TXN0021362,0
TXN0027489,0
TXN0051981,0
TXN0053792,0
TXN0050119,0
TXN0003091,0
TXN0047158,0
TXN0041158,0
TXN0003941,0
TXN0024234,0
TXN0015743,0
TXN0016963,0
TXN0053374,0
TXN0009773,0
TXN0046288,0
TXN0051136,0
TXN0020816,0
TXN0031009,0
TXN0051477,0
TXN0028934,0
TXN0028319,0
TXN0056209,0
TXN0036255,0
TXN0034166,0
TXN0052169,0
TXN0028714,0
TXN0054491,0
TXN0038116,0
TXN0059740,0
TXN0055600,0
TXN0056974,0
TXN0054391,0
TXN0047956,0
TXN0018315,0
TXN0003264,0
TXN0007317,0
TXN0026180,0
TXN0031431,0
TXN0016961,0
TXN0013101,0
TXN0043523,0
TXN0053532,0
TXN0016836,0
TXN0033999,0
TXN0034909,0
TXN0002797,0
TXN0009579,0
TXN0051418,0
TXN0042962,0
TXN0001229,0
TXN0018695,0
TXN0039959,0
TXN0008651,0
TXN0007668,0
TXN0039278,0
TXN0003176,0
TXN0007863,0
TXN0009774,0
TXN0051608,0
TXN0031443,0
TXN0034164,0
TXN0009150,0
TXN0040433,0
TXN0019735,0
TXN0012162,0
TXN0027687,0
TXN0045427,0
TXN0052904,0
TXN0038466,0
TXN0019645,0
TXN0026052,0
TXN0003111,0
TXN0024305,0
TXN0017447,0
TXN0040104,0
TXN0041469,0
TXN0000321,0
TXN0031138,0
TXN0048941,0
TXN0007010,0
TXN0015570,0
TXN0059833,0
TXN0016777,0
TXN0047405,0
TXN0003383,0
TXN0010959,0
TXN0026176,0
TXN0050924,0
TXN0030081,0
TXN0025201,0
TXN0041005,0
TXN0043534,0
TXN0008610,0
TXN0034769,0
TXN0009248,0
TXN0002140,0
TXN0049069,0
TXN0057969,0
TXN0050565,0
TXN0044507,0
TXN0033441,0
TXN0036628,0
TXN0007223,0
TXN0019696,0
TXN0036742,0
TXN0032190,0
TXN0037742,0
TXN0049819,0
TXN0030367,0
TXN0057260,0
TXN0001530,0
TXN0040135,0
TXN0036694,0
TXN0002929,0
TXN0005799,0
TXN0022252,0
TXN0054190,0
TXN0011204,0
TXN0048081,0
TXN0006754,0
TXN0034432,0
TXN0059877,0
TXN0035214,0
TXN0012902,0
TXN0023689,0
TXN0003508,0
TXN0032838,0
TXN0058248,0
TXN0030617,0
TXN0005358,0
TXN0059812,0
TXN0010320,0
TXN0040212,0
TXN0009704,0
TXN0015820,0
TXN0053746,0
TXN0034083,0
TXN0042377,0
TXN0029874,0
TXN0007834,0
TXN0036530,0
TXN0030481,0
TXN0050911,0
TXN0013681,0
TXN0057881,0
TXN0026364,0
TXN0057053,0
TXN0029188,0
TXN0018304,0
TXN0019026,0
TXN0026656,0
TXN0042535,0
TXN0059537,0
TXN0056021,0
TXN0056258,0
TXN0020492,0
TXN0032024,0
TXN0016168,0
TXN0011405,0
TXN0039592,0
TXN0034547,0
TXN0016161,0
TXN0000473,0
TXN0004061,0
TXN0035501,0
TXN0020818,0
TXN0000298,0
TXN0039856,0
TXN0039230,0
TXN0018481,0
TXN0059364,0
TXN0020135,0
TXN0020374,0
TXN0012839,0
TXN0022011,0
TXN0045187,0
TXN0035504,0
TXN0006281,0
TXN0027137,0
TXN0029897,0
TXN0023701,0
TXN0039084,0
TXN0025483,0
TXN0029804,0
TXN0002498,0
TXN0026117,0
TXN0048986,0
TXN0026679,0
TXN0054523,0
TXN0048769,0
TXN0045197,0
TXN0001338,0
TXN0055273,0
TXN0025497,0
TXN0000293,0
TXN0054616,0
TXN0025769,0
TXN0039158,0
TXN0004072,0
TXN0016153,0
TXN0013522,0
TXN0058099,0
TXN0031328,0
TXN0020678,0
TXN0058314,0
TXN0029747,0
TXN0017925,0
TXN0003501,0
TXN0034384,0
TXN0057722,0
TXN0011626,0
TXN0059419,0
TXN0055379,0
TXN0028985,0
TXN0033319,0
TXN0057303,0
TXN0004916,0
TXN0024411,0
TXN0010546,0
TXN0044703,0
TXN0058700,0
TXN0048500,0
TXN0018123,0
TXN0026601,0
TXN0035652,0
TXN0024526,0
TXN0042263,0
TXN0050620,0
TXN0023927,0
TXN0051565,0
TXN0041811,0
TXN0011567,0
TXN0039631,0
TXN0032638,0
TXN0009016,0
TXN0000380,0
TXN0007713,0
TXN0012188,0
TXN0025722,0
TXN0010747,0
TXN0053209,0
TXN0025509,0
TXN0026793,0
TXN0048703,0
TXN0044297,0
TXN0046221,0
TXN0022479,0
TXN0045200,0
TXN0055599,0
TXN0012954,0
TXNS00321,1
TXN0049074,0
TXN0055319,0
TXN0011355,0
TXN0049962,0
TXN0010519,0
TXN0043622,0
TXN0008186,0
TXN0042615,0
TXN0029745,0
TXN0058593,0
TXN0032179,0
TXN0041097,0
TXN0035175,0
TXN0059549,0
TXN0014826,0
TXN0043695,0
TXN0035914,0
TXN0028545,0
TXN0021791,0
TXN0019700,0
TXN0000208,0
TXN0019361,0
TXN0003297,0
TXN0039021,0
TXN0009152,0
TXN0043776,0
TXN0006071,0
TXN0056709,0
TXN0011462,0
TXN0059410,0
TXN0015842,0
TXN0028959,0
TXN0055955,0
TXN0046938,0
TXN0044035,0
TXN0050186,0
TXN0036186,0
TXN0052532,0
TXN0009328,0
TXN0008355,0
TXN0028613,0
TXN0030574,0
TXN0041292,0
TXN0021089,0
TXN0042573,0
TXN0006343,0
TXN0020736,0
TXN0001610,0
TXN0031526,0
TXN0031991,0
TXN0055405,0
TXN0040074,0
TXN0048357,0
TXN0045601,0
TXN0038781,0
TXN0047484,0
TXN0002112,0
TXN0009954,0
TXN0024176,0
TXN0014594,0
TXN0054761,0
TXN0050079,0
TXN0008978,0
TXN0043025,0
TXN0036193,0
TXN0034412,0
TXN0036010,0
TXN0023875,0
TXN0059265,0
TXN0043851,0
TXN0044208,0
TXN0006058,0
TXN0016435,0
TXN0040739,0
TXN0043609,0
TXN0057595,0
TXN0048979,0
TXN0034500,0
TXN0050533,0
TXN0006510,0
TXN0049352,0
TXN0020931,0
TXN0043901,0
TXN0033486,0
TXN0032768,0
TXN0047540,0
TXN0035124,0
TXN0020382,0
TXN0022603,0
TXN0035405,0
TXN0030775,0
TXN0035441,0
TXN0035633,0
TXN0005814,0
TXN0014451,0
TXN0034976,0
TXN0031671,0
TXN0023409,0
TXN0007218,0
TXN0013931,0
TXN0023794,0
TXN0035766,0
TXN0044625,0
TXN0007542,0
TXN0014223,0
TXN0041245,0
TXN0002926,0
TXN0012107,0
TXN0025440,0
TXN0002697,0
TXN0024120,0
TXN0009382,0
TXN0048983,0
TXN0059964,0
TXN0011198,0
TXN0037992,0
TXN0048576,0
TXN0006384,0
TXN0043760,0
TXN0035129,0
TXN0016847,0
TXN0048286,0
TXN0040564,0
TXN0038111,0
TXN0040289,0
TXN0053491,0
TXN0000459,0
TXN0010560,0
TXN0017623,0
TXN0007074,0
TXN0003082,0
TXN0039067,0
TXN0020402,0
TXN0012921,0
TXN0021289,0
TXN0014907,0
TXN0018537,0
TXN0051780,0
TXN0023181,0
TXN0044224,0
TXN0016684,0
TXN0019892,0
TXN0043522,0
TXN0036042,0
TXN0016452,0
TXN0021433,0
TXN0035334,0
TXN0037645,0
TXN0005327,0
TXN0019832,0
TXN0042916,0
TXN0028322,0
TXN0031581,0
TXN0013364,0
TXN0003353,0
TXN0006327,0
TXN0023876,0
TXN0050439,0
TXN0042155,0
TXN0043938,0
TXN0041072,0
TXN0036508,0
TXN0036265,0
TXN0009563,0
TXN0017444,0
TXN0001385,0
TXN0009547,0
TXN0005963,0
TXN0011367,0
TXN0054873,0
TXN0028301,0
TXN0019986,0
TXN0027064,0
TXN0022851,0
TXN0025313,0
TXN0055292,0
TXN0042096,0
TXN0041408,0
TXN0025392,0
TXN0034378,0
TXN0000933,0
TXN0002065,0
TXN0047782,0
TXN0012832,0
TXN0048199,0
TXN0008217,0
TXN0021454,0
TXN0034308,0
TXN0046490,0
TXN0008324,0
TXN0024608,0
TXN0051382,0
TXN0043192,0
TXN0003410,0
TXN0059960,0
TXN0059791,0
TXN0000113,0
TXN0006777,0
TXN0002771,0
TXN0011784,0
TXN0010370,0
TXN0037768,0
TXN0007651,0
TXN0016949,0
TXN0056087,0
TXN0003511,0
TXN0035649,0
TXN0026326,0
TXN0041248,0
TXN0058124,0
TXN0037702,0
TXN0042708,0
TXN0017784,0
TXN0003119,0
TXN0032897,0
TXN0029364,0
TXN0027047,0
TXN0019698,0
TXN0008237,0
TXN0011964,0
TXN0043460,0
TXN0010697,0
TXN0002320,0
TXN0046683,0
TXN0027985,0
TXN0012782,0
TXN0003122,0
TXN0041329,0
TXN0007477,0
TXN0022809,0
TXN0045509,0
TXN0012434,0
TXN0014900,0
TXN0055085,0
TXN0022960,0
TXN0059503,0
TXN0052880,0
TXN0045072,0
TXN0048859,0
TXN0045589,0
TXN0049940,0
TXN0050344,0
TXN0040573,0
TXN0000895,0
TXN0032987,0
TXN0025512,0
TXN0052281,0
TXN0042536,0
TXN0010090,0
TXN0001830,0
TXN0031178,0
TXN0055859,0
TXN0007241,0
TXN0043961,0
TXN0036624,0
TXN0004728,0
TXN0022978,0
TXN0059614,0
TXN0011856,0
TXN0023968,0
TXN0055022,0
TXN0030560,0
TXN0051960,0
TXN0035661,0
TXN0048221,0
TXN0051557,0
TXN0034972,0
TXN0013962,0
TXN0054259,0
TXN0030780,0
TXN0046522,0
TXN0017243,0
TXN0003921,0
TXN0038446,0
TXN0043635,0
TXN0035940,0
TXN0013166,0
TXN0059274,0
TXN0047267,0
TXN0049981,0
TXN0050865,0
TXN0047066,0
TXN0002698,0
TXN0001351,0
TXN0044319,0
TXN0059579,0
TXN0043708,0
TXN0000104,0
TXN0057849,0
TXN0053261,0
TXN0053668,0
TXN0050942,0
TXN0004825,0
TXN0051589,0
TXN0014830,0
TXN0010730,0
TXN0043257,0
TXN0004972,0
TXN0034144,0
TXN0018612,0
TXN0034191,0
TXN0044073,0
TXN0045374,0
TXN0029261,0
TXN0030242,0
TXN0045416,0
TXN0001459,0
TXN0030095,0
TXN0055824,0
TXN0029319,0
TXN0005083,0
TXN0015315,0
TXN0056758,0
TXN0030169,0
TXN0008575,0
TXN0041119,0
TXN0046143,0
TXN0046921,0
TXN0021812,0
TXN0018363,0
TXN0001494,0
TXN0041220,0
TXN0056829,0
TXN0049418,0
TXN0048815,0
TXN0020656,0
TXN0047388,0
TXN0014796,0
TXN0004929,0
TXN0025354,0
TXN0025811,0
TXN0027303,0
TXN0016819,0
TXN0052216,0
TXN0044887,0
TXN0056509,0
TXN0015473,0
TXN0041510,0
TXN0031605,0
TXN0016595,0
TXN0026404,0
TXN0047127,0
TXN0044325,0
TXN0023558,0
TXN0005330,0
TXN0017099,0
TXN0012068,0
TXN0017885,0
TXN0016846,0
TXN0040650,0
TXN0029500,0
TXN0048544,0
TXN0036675,0
TXN0052367,0
TXN0005427,0
TXN0002519,0
TXN0025314,0
TXN0054065,0
TXN0042680,0
TXN0002318,0
TXN0035799,0
TXN0004984,0
TXN0023149,0
TXN0020084,0
TXN0018929,0
TXN0021593,0
TXN0055312,0
TXN0000996,0
TXN0014466,0
TXN0036779,0
TXN0017539,0
TXN0006037,0
TXN0025608,0
TXN0020971,0
TXN0034796,0
TXN0015252,0
TXN0004502,0
TXN0016255,0
TXN0028282,0
TXN0030214,0
TXN0041896,0
TXN0052770,0
TXN0055065,0
TXN0042943,0
TXN0028817,0
TXN0017484,0
TXN0018396,0
TXN0009646,0
TXN0043757,0
TXN0003362,0
TXN0022895,0
TXN0038938,0
TXN0038072,0
TXN0051118,0
TXN0050687,0
TXN0028345,0
TXN0043283,0
TXN0056906,0
TXN0052111,0
TXN0059311,0
TXN0050693,0
TXN0009418,0
TXN0022147,0
TXN0020643,0
TXN0058216,0
TXN0035146,0
TXN0016686,0
TXN0028608,0
TXN0026821,0
TXN0056476,0
TXN0050734,0
TXN0043621,0
TXN0012071,0
TXN0017547,0
TXN0040045,0
TXN0022017,0
TXN0039014,0
TXN0030467,0
TXN0025637,0
TXN0013630,0
TXN0009858,0
TXN0026175,0
TXN0056377,0
TXN0007387,0
TXN0045584,0
TXN0002556,0
TXN0029588,0
TXN0043086,0
TXN0012715,0
TXN0039020,0
TXN0009463,0
TXN0047942,0
TXN0003701,0
TXN0055928,0
TXN0048715,0
TXN0008215,0
TXN0029184,0
TXN0036456,0
TXN0041822,0
TXN0046191,0
TXN0052122,0
TXN0055184,0
TXN0015527,0
TXN0044908,0
TXN0010031,0
TXN0039191,0
TXN0006636,0
TXN0013710,0
TXN0029906,0
TXN0050850,0
TXN0035499,0
TXN0012135,0
TXN0043951,0
TXN0028461,0
TXN0037576,0
TXN0056575,0
TXN0005309,0
TXN0021275,0
TXN0001103,0
TXN0030546,0
TXN0008555,0
TXN0016798,0
TXN0009898,0
TXN0000783,0
TXN0016343,0
TXN0039984,0
TXN0054850,0
TXN0056014,0
TXN0002521,0
TXN0042446,0
TXN0043996,0
TXN0043995,0
TXN0058235,0
TXN0038620,0
TXN0023033,0
TXN0009778,0
TXN0059047,0
TXN0002932,0
TXN0007620,0
TXN0028292,0
TXN0026156,0
TXN0019813,0
TXN0059638,0
TXN0028277,0
TXN0014942,0
TXN0019032,0
TXN0018042,0
TXN0010432,0
TXN0006462,0
TXN0001255,0
TXN0053016,0
TXN0044959,0
TXN0057624,0
TXN0051992,0
TXN0041229,0
TXN0025531,0
TXN0002280,0
TXN0026792,0
TXN0013754,0
TXN0030047,0
TXN0045216,0
TXN0031172,0
TXN0047724,0
TXN0049331,0
TXN0028771,0
TXN0030307,0
TXN0050894,0
TXN0008187,0
TXN0020697,0
TXN0042178,0
TXN0001795,0
TXN0048746,0
TXN0024702,0
TXN0011684,0
TXN0003730,0
TXN0011045,0
TXN0033164,0
TXN0052071,0
TXN0040656,0
TXN0011598,0
TXN0056704,0
TXN0040208,0
TXN0025554,0
TXN0009345,0
TXN0026796,0
TXN0028777,0
TXN0056186,0
TXN0022878,0
TXN0043045,0
TXN0016520,0
TXN0053466,0
TXN0042371,0
TXN0017228,0
TXN0031136,0
TXN0054555,0
TXN0044657,0
TXN0047612,0
TXN0055674,0
TXN0017647,0
TXN0034300,0
TXN0052027,0
TXN0040493,0
TXN0052511,0
TXN0035491,0
TXN0026741,0
TXN0008622,0
TXN0001330,0
TXN0003887,0
TXN0009512,0
TXN0037406,0
TXN0052709,0
TXN0007545,0
TXN0042594,0
TXN0050002,0
TXN0000751,0
TXN0051729,0
TXN0035002,0
TXN0055160,0
TXN0050933,0
TXN0041068,0
TXN0015794,0
TXN0045110,0
TXN0015931,0
TXN0041946,0
TXN0029208,0
TXN0015568,0
TXN0014089,0
TXN0004618,0
TXN0031542,0
TXN0031610,0
TXN0043387,0
TXN0032075,0
TXN0013106,0
TXN0036189,0
TXN0014918,0
TXN0045161,0
TXN0023894,0
TXN0011775,0
TXN0005575,0
TXN0032153,0
TXN0021828,0
TXN0016136,0
TXN0041922,0
TXN0053369,0
TXN0007931,0
TXN0007476,0
TXN0043898,0
TXN0029112,0
TXN0019134,0
TXN0044945,0
TXN0010501,0
TXN0020555,0
TXN0012600,0
TXN0019092,0
TXN0033581,0
TXN0037580,0
TXN0013021,0
TXN0058820,0
TXN0052473,0
TXN0032660,0
TXN0011727,0
TXN0025884,0
TXN0041083,0
TXN0029937,0
TXN0052652,0
TXN0021970,0
TXN0030680,0
TXN0013208,0
TXN0024613,0
TXN0001660,0
TXN0037608,0
TXN0008119,0
TXN0020026,0
TXN0020139,0
TXN0030610,0
TXN0047359,0
TXN0040528,0
TXN0003848,0
TXN0032723,0
TXN0041915,0
TXN0036577,0
TXN0036934,0
TXN0008985,0
TXN0004945,0
TXN0004266,0
TXN0005108,0
TXN0036743,0
TXN0027021,0
TXN0013834,0
TXN0057673,0
TXN0016936,0
TXN0006127,0
TXN0007864,0
TXN0016367,0
TXN0003687,0
TXN0049780,0
TXN0022679,0
TXN0039009,0
TXN0036984,0
TXN0042392,0
TXN0029229,0
TXN0034139,0
TXN0024769,0
TXN0047806,0
TXN0048909,0
TXN0029965,0
TXN0030287,0
TXN0022178,0
TXN0010260,0
TXN0013492,0
TXN0003047,0
TXN0020885,0
TXN0037906,0
TXN0031998,0
TXN0042380,0
TXN0056100,0
TXN0022776,0
TXN0039843,0
TXN0011452,0
TXN0012607,0
TXN0047132,0
TXN0037767,0
TXN0046658,0
TXN0005016,0
TXN0002371,0
TXN0051329,0
TXN0016221,0
TXN0024694,0
TXN0039096,0
TXN0014117,0
TXN0020708,0
TXN0058589,0
TXN0009708,0
TXN0010888,0
TXN0058810,0
TXN0058678,0
TXN0012148,0
TXN0026493,0
TXN0011305,0
TXN0008067,0
TXN0033060,0
TXN0032785,0
TXN0046432,0
TXN0033923,0
TXN0024238,0
TXN0023251,0
TXN0014917,0
TXN0014392,0
TXN0047539,0
TXN0035827,0
TXN0000127,0
TXN0033886,0
TXN0015776,0
TXN0033946,0
TXN0021350,0
TXN0050686,0
TXN0048923,0
TXN0035576,0
TXN0052828,0
TXN0006657,0
TXN0029102,0
TXN0010359,0
TXN0054933,0
TXN0014879,0
TXN0044318,0
TXN0009655,0
TXN0004349,0
TXN0052755,0
TXN0031424,0
TXN0004038,0
TXN0046176,0
TXN0000841,0
TXN0048315,0
TXN0023713,0
TXN0041305,0
TXN0053635,0
TXN0019062,0
TXN0004977,0
TXN0027269,0
TXN0053530,0
TXN0021807,0
TXN0027858,0
TXN0004565,0
TXN0043095,0
TXN0043068,0
TXN0046085,0
TXN0059562,0
TXN0034861,0
TXN0036481,0
TXN0053927,0
TXN0013144,0
TXN0028233,0
TXN0030463,0
TXN0004406,0
TXN0042208,0
TXN0010876,0
TXN0003456,0
TXN0035708,0
TXN0050986,0
TXN0009897,0
TXN0036194,0
TXN0056752,0
TXN0003371,0
TXN0029051,0
TXN0057475,0
TXN0052443,0
TXN0047808,0
TXN0038182,0
TXN0024084,0
TXN0021786,0
TXN0011106,0
TXN0043180,0
TXN0027934,0
TXN0019543,0
TXN0056792,0
TXN0015011,0
TXN0029676,0
TXN0048460,0
TXN0017034,0
TXN0032612,0
TXN0017605,0
TXN0040344,0
TXN0021422,0
TXN0027305,0
TXN0033476,0
TXN0006679,0
TXN0058766,0
TXN0015308,0
TXN0036819,0
TXN0011540,0
TXN0050447,0
TXN0051962,0
TXN0029788,0
TXN0014351,0
TXN0058058,0
TXN0059765,0
TXN0042141,0
TXN0040664,0
TXN0022675,0
TXN0030739,0
TXN0028431,0
TXN0037867,0
TXN0057257,0
TXN0030751,0
TXN0029205,0
TXN0000367,0
TXN0008309,0
TXN0002471,0
TXN0031955,0
TXN0052363,0
TXN0007026,0
TXN0045633,0
TXN0022929,0
TXN0030379,0
TXN0053925,0
TXN0001455,0
TXN0045703,0
TXN0027671,0
TXN0047522,0
TXN0038587,0
TXN0021321,0
TXN0001716,0
TXN0033810,0
TXN0058174,0
TXN0050546,0
TXN0010580,0
TXN0004309,0
TXN0022028,0
TXN0037237,0
TXN0017935,0
TXN0019150,0
TXN0020845,0
TXN0052739,0
TXN0008387,0
TXN0004312,0
TXN0010714,0
TXN0028339,0
TXN0050431,0
TXN0019766,0
TXN0010080,0
TXN0008664,0
TXN0046775,0
TXN0008688,0
TXN0031479,0
TXN0004320,0
TXN0029544,0
TXN0049106,0
TXN0020606,0
TXN0054378,0
TXN0010551,0
TXN0017028,0
TXN0048719,0
TXN0040310,0
TXN0001201,0
TXN0022962,0
TXN0019530,0
TXN0039483,0
TXN0028187,0
TXN0053887,0
TXN0040867,0
TXN0024788,0
TXN0033914,0
TXN0002724,0
TXN0019148,0
TXN0034804,0
TXN0050536,0
TXN0053256,0
TXN0002406,0
TXN0040885,0
TXN0028248,0
TXN0018563,0
TXN0005300,0
TXN0000782,0
TXN0011851,0
TXN0011215,0
TXN0050167,0
TXN0008898,0
TXN0021820,0
TXN0017511,0
TXN0040836,0
TXN0024048,0
TXN0048990,0
TXN0008038,0
TXN0007346,0
TXN0041415,0
TXN0015163,0
TXN0016792,0
TXN0030037,0
TXN0049668,0
TXN0024339,0
TXN0055544,0
TXN0035379,0
TXN0035496,0
TXN0021178,0
TXN0030292,0
TXN0029718,0
TXN0031096,0
TXN0046200,0
TXN0010882,0
TXN0029117,0
TXN0004350,0
TXN0049863,0
TXN0015243,0
TXN0043606,0
TXN0012304,0
TXN0055529,0
TXN0044226,0
TXN0002492,0
TXN0026288,0
TXN0031774,0
TXN0058595,0
TXN0045136,0
TXN0003655,0
TXN0022351,0
TXN0044032,0
TXN0041254,0
TXN0004869,0
TXN0026494,0
TXN0030633,0
TXN0037104,0
TXN0024053,0
TXN0019075,0
TXN0006153,0
TXN0029496,0
TXN0024724,0
TXN0028093,0
TXN0007922,0
TXN0055846,0
TXN0033310,0
TXN0025673,0
TXN0045273,0
TXN0023068,0
TXN0054087,0
TXN0009653,0
TXN0016537,0
TXN0012357,0
TXN0045642,0
TXN0049031,0
TXN0050960,0
TXN0035212,0
TXN0055589,0
TXN0053111,0
TXN0019379,0
TXN0036813,0
TXN0012922,0
TXN0042702,0
TXN0048337,0
TXN0004287,0
TXN0011965,0
TXN0038293,0
TXN0040973,0
TXN0004744,0
TXN0015415,0
TXN0012016,0
TXN0028607,0
TXN0025548,0
TXN0053566,0
TXN0012234,0
TXN0015638,0
TXN0046690,0
TXN0009723,0
TXN0047353,0
TXN0037039,0
TXN0004007,0
TXN0031292,0
TXN0033633,0
TXN0001254,0
TXN0017439,0
TXN0039826,0
TXN0027828,0
TXN0028828,0
TXN0019204,0
TXN0046651,0
TXN0044686,0
TXN0019390,0
TXN0026716,0
TXN0038260,0
TXN0009691,0
TXN0031687,0
TXN0001352,0
TXN0019736,0
TXN0045175,0
TXN0049672,0
TXN0052730,0
TXN0028711,0
TXN0021337,0
TXN0055496,0
TXN0009601,0
TXN0011621,0
TXN0029503,0
TXN0006263,0
TXN0056705,0
TXN0050161,0
TXN0048180,0
TXN0000172,0
TXN0025078,0
TXN0005479,0
TXN0011815,0
TXN0059918,0
TXN0045163,0
TXN0040406,0
TXN0022652,0
TXN0007875,0
TXN0009558,0
TXN0052831,0
TXN0045695,0
TXN0038573,0
TXN0044904,0
TXN0031735,0
TXN0026477,0
TXN0045139,0
TXN0035322,0
TXN0032344,0
TXN0003448,0
TXN0052510,0
TXN0028791,0
TXN0004625,0
TXN0059501,0
TXN0018345,0
TXN0027754,0
TXN0013340,0
TXN0039855,0
TXN0023882,0
TXN0052567,0
TXN0011222,0
TXN0020053,0
TXN0058115,0
TXN0044000,0
TXN0040593,0
TXN0005019,0
TXN0046995,0
TXN0008014,0
TXN0039394,0
TXN0049640,0
TXN0057253,0
TXN0049014,0
TXN0004026,0
TXN0009397,0
TXN0055834,0
TXN0001615,0
TXN0040897,0
TXN0037811,0
TXN0022840,0
TXN0048376,0
TXN0018235,0
TXN0029994,0
TXN0045564,0
TXN0022365,0
TXN0027183,0
TXN0036141,0
TXN0046062,0
TXN0036658,0
TXN0056735,0
TXN0003397,0
TXN0006410,0
TXN0031635,0
TXN0054446,0
TXN0037286,0
TXN0014911,0
TXN0041711,0
TXN0026856,0
TXN0003694,0
TXN0024510,0
TXN0045294,0
TXN0002393,0
TXN0059165,0
TXN0015375,0
TXN0059711,0
TXN0013374,0
TXN0023297,0
TXN0047161,0
TXN0018090,0
TXN0040044,0
TXN0031833,0
TXN0009965,0
TXN0029590,0
TXN0028977,0
TXN0022807,0
TXN0053966,0
TXN0000894,0
TXN0023206,0
TXN0002903,0
TXN0008310,0
TXN0046837,0
TXN0010452,0
TXN0032460,0
TXN0013415,0
TXN0042182,0
TXN0031298,0
TXN0009839,0
TXN0001087,0
TXN0055436,0
TXN0043433,0
TXN0015556,0
TXN0051000,0
TXN0011243,0
TXN0023442,0
TXN0054007,0
TXN0046138,0
TXN0044258,0
TXN0022182,0
TXN0024429,0
TXN0041315,0
TXN0029632,0
TXN0001215,0
TXN0005825,0
TXN0000346,0
TXN0047847,0
TXN0009396,0
TXN0004418,0
TXN0050348,0
TXN0040370,0
TXN0016913,0
TXN0026357,0
TXN0055463,0
TXN0038836,0
TXN0053837,0
TXN0020820,0
TXN0040979,0
TXN0044248,0
TXN0056684,0
TXN0012260,0
TXN0048973,0
TXN0022132,0
TXN0004937,0
TXN0038117,0
TXN0035284,0
TXN0024350,0
TXN0022832,0
TXN0050663,0
TXN0005810,0
TXN0010943,0
TXN0051367,0
TXN0014978,0
TXN0059697,0
TXN0030829,0
TXN0023605,0
TXN0053323,0
TXN0036090,0
TXN0040303,0
TXN0023420,0
TXN0023337,0
TXN0016606,0
TXN0029449,0
TXN0055708,0
TXN0044550,0
TXN0003808,0
TXN0026798,0
TXN0050151,0
TXN0018838,0
TXN0030082,0
TXN0047287,0
TXN0047186,0
TXN0044850,0
TXN0046933,0
TXN0000450,0
TXN0042040,0
TXN0035417,0
TXN0050314,0
TXN0002278,0
TXN0027658,0
TXN0028427,0
TXN0029927,0
TXN0052017,0
TXN0004106,0
TXN0033023,0
TXN0037911,0
TXN0019030,0
TXN0010919,0
TXN0050117,0
TXN0055814,0
TXN0047147,0
TXN0049897,0
TXN0037680,0
TXN0023768,0
TXN0057996,0
TXN0001060,0
TXN0005124,0
TXN0045808,0
TXN0006599,0
TXN0010205,0
TXN0032189,0
TXN0006607,0
TXN0000133,0
TXN0042404,0
TXN0045716,0
TXN0009559,0
TXN0022674,0
TXN0042149,0
TXN0037470,0
TXN0042129,0
TXN0050299,0
TXN0020397,0
TXN0010062,0
TXN0014553,0
TXN0051828,0
TXN0034478,0
TXN0046260,0
TXN0039580,0
TXN0035033,0
TXN0043267,0
TXN0024850,0
TXN0005259,0
TXN0008737,0
TXN0045062,0
TXN0012119,0
TXN0047852,0
TXN0056301,0
TXN0046120,0
TXN0041086,0
TXN0029624,0
TXN0055665,0
TXN0019566,0
TXN0021886,0
TXN0056808,0
TXN0000379,0
TXN0032438,0
TXN0048363,0
TXN0005252,0
TXN0013401,0
TXN0059630,0
TXN0006812,0
TXN0037320,0
TXN0024505,0
TXN0001937,0
TXN0000602,0
TXN0042211,0
TXN0055066,0
TXN0045537,0
TXN0032403,0
TXN0005282,0
TXN0007790,0
TXN0001676,0
TXN0007473,0
TXN0025998,0
TXN0032379,0
TXN0005689,0
TXN0048235,0
TXN0026525,0
TXN0030647,0
TXN0052403,0
TXN0048627,0
TXN0055691,0
TXN0022221,0
TXN0036842,0
TXN0036986,0
TXN0029868,0
TXN0035244,0
TXN0051700,0
TXN0038166,0
TXN0050641,0
TXN0044195,0
TXN0052439,0
TXN0045208,0
TXN0002626,0
TXN0020294,0
TXN0009550,0
TXN0051950,0
TXN0036013,0
TXN0059796,0
TXN0053130,0
TXN0018492,0
TXN0010043,0
TXN0016804,0
TXN0012132,0
TXN0005150,0
TXN0029207,0
TXN0048255,0
TXN0006395,0
TXN0056610,0
TXN0054670,0
TXN0047209,0
TXN0044568,0
TXN0059422,0
TXN0018941,0
TXN0041504,0
TXN0031694,0
TXN0038621,0
TXN0026260,0
TXN0048894,0
TXN0025456,0
TXN0024284,0
TXN0007341,0
TXN0055799,0
TXN0002405,0
TXN0042744,0
TXN0025956,0
TXN0057952,0
TXN0051821,0
TXN0044635,0
TXN0008211,0
TXN0051609,0
TXN0018876,0
TXN0058538,0
TXN0038530,0
TXN0048547,0
TXN0009049,0
TXN0014053,0
TXN0059034,0
TXN0027557,0
TXN0045149,0
TXN0015559,0
TXN0010353,0
TXN0002414,0
TXN0002262,0
TXN0029641,0
TXN0033321,0
TXN0025919,0
TXN0052763,0
TXN0021659,0
TXN0045193,0
TXN0012531,0
TXN0010152,0
TXN0052285,0
TXN0042028,0
TXN0019852,0
TXN0030478,0
TXN0021790,0
TXN0053074,0
TXN0037474,0
TXN0030887,0
TXN0024317,0
TXN0056454,0
TXN0014958,0
TXN0045056,0
TXN0031720,0
TXN0059601,0
TXN0042810,0
TXN0017218,0
TXN0025448,0
TXN0024407,0
TXN0025070,0
TXN0020203,0
TXN0002540,0
TXN0058303,0
TXN0023449,0
TXN0058093,0
TXN0050926,0
TXN0025503,0
TXN0026585,0
TXN0039258,0
TXN0039724,0
TXN0006525,0
TXN0025604,0
TXN0008544,0
TXN0011155,0
TXN0050006,0
TXN0028773,0
TXN0014047,0
TXN0049121,0
TXN0001568,0
TXN0018943,0
TXN0030218,0
TXN0004936,0
TXN0049344,0
TXN0008513,0
TXN0043650,0
TXN0045170,0
TXN0046150,0
TXN0043033,0
TXN0043947,0
TXN0002967,0
TXN0059721,0
TXN0006279,0
TXN0057309,0
TXN0023530,0
TXN0058277,0
TXN0024863,0
TXN0032432,0
TXN0033918,0
TXN0011644,0
TXN0027933,0
TXN0004313,0
TXN0011191,0
TXN0025177,0
TXN0015322,0
TXN0036436,0
TXN0001672,0
TXN0014600,0
TXN0044521,0
TXN0002546,0
TXN0028697,0
TXN0047073,0
TXN0029731,0
TXN0054516,0
TXN0025533,0
TXN0035767,0
TXN0030705,0
TXN0030464,0
TXN0007825,0
TXN0027836,0
TXN0030940,0
TXN0048036,0
TXN0040207,0
TXN0008298,0
TXN0022172,0
TXN0002536,0
TXN0028055,0
TXN0003588,0
TXN0015718,0
TXN0045424,0
TXN0018321,0
TXN0014452,0
TXN0000549,0
TXN0018358,0
TXN0040177,0
TXN0038435,0
TXN0054937,0
TXN0055843,0
TXN0028124,0
TXN0033557,0
TXN0059955,0
TXN0009659,0
TXN0029576,0
TXN0016824,0
TXN0040619,0
TXN0049749,0
TXN0012871,0
TXN0034777,0
TXN0013015,0
TXN0052072,0
TXN0039481,0
TXN0054338,0
TXN0059679,0
TXN0004004,0
TXN0051680,0
TXN0043656,0
TXN0050701,0
TXN0044321,0
TXN0016834,0
TXN0037020,0
TXN0030450,0
TXN0032365,0
TXN0033200,0
TXN0011990,0
TXN0049525,0
TXN0029253,0
TXN0037916,0
TXN0041281,0
TXN0028504,0
TXN0033089,0
TXN0023788,0
TXN0019326,0
TXN0042309,0
TXN0000345,0
TXN0048650,0
TXN0042757,0
TXN0016334,0
TXN0014612,0
TXN0015604,0
TXN0031458,0
TXN0027507,0
TXN0056374,0
TXN0038593,0
TXN0012383,0
TXN0000976,0
TXN0044928,0
TXN0030227,0
TXN0010312,0
TXN0009334,0
TXN0048620,0
TXN0008830,0
TXN0001063,0
TXN0027993,0
TXN0014442,0
TXN0015113,0
TXN0006147,0
TXN0050087,0
TXN0047554,0
TXN0040223,0
TXN0026146,0
TXN0049884,0
TXN0028891,0
TXN0055192,0
TXN0013014,0
TXN0021049,0
TXN0018579,0
TXN0024674,0
TXN0003746,0
TXN0027553,0
TXN0035372,0
TXN0045560,0
TXN0033967,0
TXN0007688,0
TXN0039538,0
TXN0036367,0
TXN0056146,0
TXN0054439,0
TXN0051900,0
TXN0043716,0
TXN0005816,0
TXN0056719,0
TXN0001755,0
TXN0036709,0
TXN0017321,0
TXN0002501,0
TXN0049751,0
TXN0006291,0
TXN0026929,0
TXN0040915,0
TXN0038991,0
TXN0052515,0
TXN0002727,0
TXN0003575,0
TXN0047618,0
TXN0047437,0
TXN0047393,0
TXN0027400,0
TXN0023359,0
TXN0024169,0
TXN0019133,0
TXN0046050,0
TXN0046294,0
TXN0035564,0
TXN0012821,0
TXN0030260,0
TXN0055966,0
TXN0023633,0
TXN0058215,0
TXN0059370,0
TXN0018652,0
TXN0033881,0
TXN0010861,0
TXN0021844,0
TXN0036254,0
TXN0021064,0
TXN0036300,0
TXN0012705,0
TXN0039656,0
TXN0013978,0
TXN0041156,0
TXN0023948,0
TXN0043766,0
TXN0033129,0
TXN0032478,0
TXN0004376,0
TXN0028852,0
TXN0018076,0
TXN0053980,0
TXN0032898,0
TXN0047150,0
TXN0033375,0
TXN0051427,0
TXN0047237,0
TXN0025349,0
TXN0029132,0
TXN0011060,0
TXN0035599,0
TXN0035666,0
TXN0038819,0
TXN0037326,0
TXN0048592,0
TXN0055110,0
TXN0030968,0
TXN0035898,0
TXN0047387,0
TXN0054552,0
TXN0044982,0
TXN0000388,0
TXN0055997,0
TXN0041379,0
TXN0019143,0
TXN0046319,0
TXN0055767,0
TXN0040369,0
TXN0013381,0
TXN0014156,0
TXN0020834,0
TXN0000137,0
TXN0017728,0
TXN0043841,0
TXN0051086,0
TXN0008018,0
TXN0052258,0
TXN0033735,0
TXN0014699,0
TXN0004143,0
TXN0010581,0
TXN0024356,0
TXN0006958,0
TXN0027760,0
TXN0042106,0
TXN0007293,0
TXN0019712,0
TXN0008987,0
TXN0022018,0
TXN0013344,0
TXN0035460,0
TXN0034460,0
TXN0054141,0
TXN0034658,0
TXN0015287,0
TXN0015172,0
TXN0032585,0
TXN0056473,0
TXN0040248,0
TXN0046927,0
TXN0044531,0
TXN0031383,0
TXN0039025,0
TXN0000819,0
TXN0000046,0
TXN0053579,0
TXN0055892,0
TXN0047749,0
TXN0050561,0
TXN0049974,0
TXN0030834,0
TXN0047865,0
TXN0046409,0
TXN0050472,0
TXN0057366,0
TXN0034874,0
TXN0000603,0
TXN0023885,0
TXN0049183,0
TXN0005393,0
TXN0036920,0
TXN0021748,0
TXN0029458,0
TXN0058816,0
TXN0019048,0
TXN0059493,0
TXN0052650,0
TXN0016230,0
TXN0053315,0
TXN0045331,0
TXN0017994,0
TXN0000222,0
TXN0021783,0
TXN0035104,0
TXN0033466,0
TXN0018328,0
TXN0020310,0
TXN0004989,0
TXN0034934,0
TXN0019857,0
TXN0026376,0
TXN0036082,0
TXN0036286,0
TXN0000397,0
TXN0015345,0
TXN0044430,0
TXN0055321,0
TXN0018513,0
TXN0043887,0
TXN0018605,0
TXN0022470,0
TXN0051443,0
TXN0059224,0
TXN0022868,0
TXN0018808,0
TXN0019888,0
TXN0010622,0
TXN0059648,0
TXN0035578,0
TXN0053854,0
TXN0002639,0
TXN0036466,0
TXN0023407,0
TXN0055396,0
TXN0021013,0
TXN0034180,0
TXN0052814,0
TXN0028532,0
TXN0051344,0
TXN0002046,0
TXN0008056,0
TXN0008667,0
TXN0008282,0
TXN0052426,0
TXN0041660,0
TXN0029326,0
TXN0043495,0
TXN0056478,0
TXN0051669,0
TXN0032637,0
TXN0041659,0
TXN0050967,0
TXN0012560,0
TXN0010987,0
TXN0039057,0
TXN0036911,0
TXN0028009,0
TXN0056182,0
TXN0023845,0
TXN0011788,0
TXN0012960,0
TXN0036867,0
TXN0044631,0
TXN0016590,0
TXN0002456,0
TXN0025202,0
TXN0026277,0
TXN0038100,0
TXN0008650,0
TXN0004812,0
TXN0056893,0
TXN0044008,0
TXN0049654,0
TXN0014428,0
TXN0034824,0
TXN0014469,0
TXN0047533,0
TXN0044679,0
TXN0038603,0
TXN0059696,0
TXN0044906,0
TXN0037400,0
TXN0042824,0
TXN0025790,0
TXN0029903,0
TXN0043614,0
TXN0031412,0
TXN0030147,0
TXN0014265,0
TXN0034931,0
TXN0042651,0
TXN0040534,0
TXN0014438,0
TXN0035254,0
TXN0044742,0
TXN0058375,0
TXN0015156,0
TXN0054832,0
TXN0030517,0
TXN0047597,0
TXN0023631,0
TXN0027456,0
TXN0004505,0
TXN0026554,0
TXN0029089,0
TXN0013514,0
TXN0007165,0
TXN0052313,0
TXN0017989,0
TXN0034497,0
TXN0025154,0
TXN0009893,0
TXN0006770,0
TXN0039473,0
TXN0031370,0
TXN0042508,0
TXN0016183,0
TXN0034219,0
TXN0057279,0
TXN0030186,0
TXN0030414,0
TXN0007186,0
TXN0023983,0
TXN0050097,0
TXN0058198,0
TXN0014136,0
TXN0024384,0
TXN0036006,0
TXN0005155,0
TXN0042587,0
TXN0004467,0
TXN0032619,0
TXN0029383,0
TXN0017433,0
TXN0023467,0
TXN0059017,0
TXN0058924,0
TXN0019234,0
TXN0056383,0
TXN0052764,0
TXN0038866,0
TXN0007013,0
TXN0006562,0
TXN0040550,0
TXN0044038,0
TXN0050559,0
TXN0059885,0
TXN0033248,0
TXN0049128,0
TXN0022216,0
TXN0001152,0
TXN0042809,0
TXN0001192,0
TXN0019160,0
TXN0014412,0
TXN0059719,0
TXN0047848,0
TXN0034047,0
TXN0029936,0
TXN0052330,0
TXN0024428,0
TXN0019562,0
TXN0041344,0
TXN0041389,0
TXN0024017,0
TXN0039424,0
TXN0017982,0
TXN0003379,0
TXN0011696,0
TXN0043620,0
TXN0057937,0
TXN0009272,0
TXN0016200,0
TXN0058951,0
TXN0051642,0
TXN0058939,0
TXN0029220,0
TXN0044938,0
TXN0057612,0
TXN0057873,0
TXN0040423,0
TXN0054629,0
TXN0012989,0
TXN0047102,0
TXN0046750,0
TXN0055070,0
TXN0017980,0
TXN0020129,0
TXN0054256,0
TXN0047876,0
TXN0031067,0
TXN0052902,0
TXN0052264,0
TXN0027551,0
TXN0057654,0
TXN0051687,0
TXN0048024,0
TXN0051802,0
TXN0050091,0
TXN0000272,0
TXN0026719,0
TXN0026892,0
TXN0012138,0
TXN0000813,0
TXN0056770,0
TXN0032058,0
TXN0006195,0
TXN0007628,0
TXN0054847,0
TXN0004084,0
TXN0034368,0
TXN0013437,0
TXN0057943,0
TXN0018160,0
TXN0041953,0
TXN0029477,0
TXN0032134,0
TXN0051996,0
TXN0016851,0
TXN0050843,0
TXN0039048,0
TXN0055832,0
TXN0039480,0
TXN0030533,0
TXN0044242,0
TXN0027668,0
TXN0005550,0
TXN0016068,0
TXN0003341,0
TXN0052619,0
TXN0050345,0
TXN0025014,0
TXN0036283,0
TXN0008903,0
TXN0037670,0
TXN0021934,0
TXN0037299,0
TXN0025265,0
TXN0029582,0
TXN0048607,0
TXN0026981,0
TXN0029569,0
TXN0036994,0
TXN0048804,0
TXN0054792,0
TXN0015637,0
TXN0010670,0
TXN0020956,0
TXN0051577,0
TXN0023667,0
TXN0028294,0
TXN0057697,0
TXN0036633,0
TXN0003690,0
TXN0043681,0
TXN0058714,0
TXN0010319,0
TXN0008616,0
TXN0010032,0
TXN0029614,0
TXN0031033,0
TXN0022947,0
TXN0019205,0
TXN0001686,0
TXN0058925,0
TXN0038689,0
TXN0054570,0
TXN0009220,0
TXN0040569,0
TXN0033107,0
TXN0048630,0
TXN0047616,0
TXN0036905,0
TXN0000539,0
TXN0059112,0
TXN0057939,0
TXN0002685,0
TXNS01110,1
TXN0015929,0
TXN0000537,0
TXN0030895,0
TXN0012311,0
TXN0036217,0
TXN0051792,0
TXN0043536,0
TXN0056528,0
TXN0021112,0
TXN0001006,0
TXN0048466,0
TXN0032947,0
TXN0000720,0
TXN0039610,0
TXN0027919,0
TXN0004534,0
TXN0053866,0
TXN0043942,0
TXN0052978,0
TXN0029088,0
TXN0015241,0
TXN0029010,0
TXN0025290,0
TXN0024588,0
TXN0042948,0
TXN0049949,0
TXN0056510,0
TXN0043975,0
TXN0015912,0
TXN0048561,0
TXN0058064,0
TXN0056836,0
TXN0027852,0
TXN0043930,0
TXN0011791,0
TXN0055777,0
TXN0005527,0
TXN0053219,0
TXN0033850,0
TXN0053693,0
TXN0005464,0
TXN0026645,0
TXN0033075,0
TXN0039717,0
TXN0007996,0
TXN0048267,0
TXN0012159,0
TXN0026080,0
TXN0021440,0
TXN0059430,0
TXN0005332,0
TXN0054466,0
TXN0012745,0
TXN0036858,0
TXN0042437,0
TXN0008809,0
TXN0042466,0
TXN0033413,0
TXN0059028,0
TXN0042911,0
TXN0059471,0
TXN0036076,0
TXN0028034,0
TXN0015822,0
TXN0056050,0
TXN0009124,0
TXN0012841,0
TXN0028383,0
TXN0015826,0
TXN0039789,0
TXN0054222,0
TXN0023349,0
TXN0018251,0
TXN0056287,0
TXN0007675,0
TXN0015974,0
TXN0014113,0
TXN0031272,0
TXN0046905,0
TXN0052750,0
TXN0052302,0
TXN0031903,0
TXN0053826,0
TXN0058550,0
TXN0038783,0
TXN0009499,0
TXN0019741,0
TXN0024802,0
TXN0038099,0
TXN0002707,0
TXN0025312,0
TXN0047067,0
TXN0038896,0
TXN0021244,0
TXN0057342,0
TXN0056642,0
TXN0038482,0
TXN0053247,0
TXN0034941,0
TXN0059912,0
TXN0001921,0
TXN0051901,0
TXN0006878,0
TXN0016262,0
TXN0002392,0
TXN0013330,0
TXN0043385,0
TXN0057574,0
TXN0014490,0
TXN0057259,0
TXN0024319,0
TXN0003964,0
TXN0002855,0
TXN0006626,0
TXN0012398,0
TXN0010198,0
TXN0020634,0
TXN0056060,0
TXN0032545,0
TXN0049551,0
TXN0027439,0
TXN0037360,0
TXN0038812,0
TXN0015205,0
TXN0032193,0
TXN0013085,0
TXN0031302,0
TXN0042246,0
TXN0010105,0
TXN0023702,0
TXN0015220,0
TXN0001527,0
TXN0036102,0
TXN0014798,0
TXN0018387,0
TXN0033393,0
TXN0044209,0
TXN0054648,0
TXN0057928,0
TXN0059128,0
TXN0052278,0
TXN0059225,0
TXN0047748,0
TXN0015488,0
TXN0054002,0
TXN0013639,0
TXN0009089,0
TXN0025264,0
TXN0008805,0
TXN0054184,0
TXN0057454,0
TXN0028556,0
TXN0003329,0
TXN0028304,0
TXN0013617,0
TXN0014943,0
TXN0020258,0
TXN0006239,0
TXN0046475,0
TXN0027095,0
TXN0059621,0
TXN0043213,0
TXN0032041,0
TXN0010601,0
TXN0002764,0
TXN0026608,0
TXN0019383,0
TXN0025410,0
TXN0030534,0
TXN0011448,0
TXN0009373,0
TXN0007574,0
TXN0033034,0
TXN0058674,0
TXN0007742,0
TXN0049936,0
TXN0059264,0
TXN0055351,0
TXN0012885,0
TXN0056621,0
TXN0014675,0
TXN0007993,0
TXN0049901,0
TXN0030747,0
TXN0043612,0
TXN0022095,0
TXN0051441,0
TXN0029710,0
TXN0015342,0
TXN0035845,0
TXN0054504,0
TXN0040709,0
TXN0040272,0
TXN0025941,0
TXN0017120,0
TXN0052303,0
TXN0036313,0
TXN0035375,0
TXN0047154,0
TXN0038913,0
TXN0049246,0
TXN0005982,0
TXN0045019,0
TXN0010124,0
TXN0010186,0
TXN0050141,0
TXN0037965,0
TXN0051506,0
TXN0025560,0
TXN0046135,0
TXN0046795,0
TXN0017225,0
TXN0014627,0
TXN0058573,0
TXN0006504,0
TXN0047828,0
TXN0001586,0
TXN0020302,0
TXN0013332,0
TXN0048488,0
TXN0027391,0
TXN0036055,0
TXN0004220,0
TXN0002545,0
TXN0001482,0
TXN0020240,0
TXN0054708,0
TXN0058644,0
TXN0039387,0
TXN0033059,0
TXN0033555,0
TXN0011922,0
TXN0043447,0
TXN0006063,0
TXN0023802,0
TXN0034079,0
TXN0020924,0
TXN0002950,0
TXN0007510,0
TXN0023188,0
TXN0044941,0
TXN0057789,0
TXN0045821,0
TXN0045879,0
TXN0016155,0
TXN0019367,0
TXN0021030,0
TXN0042015,0
TXN0059759,0
TXN0024955,0
TXN0058217,0
TXN0027077,0
TXN0011820,0
TXN0040682,0
TXN0019936,0
TXN0053435,0
TXN0025555,0
TXN0038319,0
TXN0042063,0
TXN0048619,0
TXN0035802,0
TXN0003014,0
TXN0008634,0
TXN0036841,0
TXN0040842,0
TXN0017146,0
TXN0057656,0
TXN0035579,0
TXN0055974,0
TXN0013241,0
TXN0001280,0
TXN0014785,0
TXN0028723,0
TXN0055412,0
TXN0003819,0
TXN0016807,0
TXN0032053,0
TXN0051839,0
TXN0018488,0
TXN0002292,0
TXN0053068,0
TXN0016502,0
TXN0038558,0
TXN0002973,0
TXN0041193,0
TXN0015265,0
TXN0030861,0
TXN0055913,0
TXN0025856,0
TXN0013070,0
TXN0033582,0
TXN0036650,0
TXN0049953,0
TXN0040848,0
TXN0006045,0
TXN0030708,0
TXN0008762,0
TXN0017668,0
TXN0012079,0
TXN0041102,0
TXN0050463,0
TXN0035107,0
TXN0034141,0
TXN0037141,0
TXN0038706,0
TXN0009363,0
TXN0028938,0
TXN0026882,0
TXN0034244,0
TXN0011469,0
TXN0043425,0
TXN0036954,0
TXN0001838,0
TXN0017902,0
TXN0002341,0
TXN0015865,0
TXN0008184,0
TXN0009350,0
TXN0021911,0
TXN0040109,0
TXN0054642,0
TXN0024854,0
TXN0008873,0
TXN0019311,0
TXN0047053,0
TXN0003313,0
TXN0041419,0
TXN0019348,0
TXN0040517,0
TXN0052050,0
TXN0030670,0
TXN0039672,0
TXN0015490,0
TXN0056623,0
TXN0007798,0
TXN0003427,0
TXN0046488,0
TXN0003172,0
TXN0059236,0
TXN0026075,0
TXN0007395,0
TXN0039329,0
TXN0032012,0
TXN0052917,0
TXN0013170,0
TXN0026004,0
TXN0049119,0
TXN0035600,0
TXN0020883,0
TXN0038296,0
TXN0037578,0
TXN0051100,0
TXN0041145,0
TXN0012093,0
TXN0028965,0
TXN0013940,0
TXN0053686,0
TXN0058736,0
TXN0009657,0
TXN0021099,0
TXN0044872,0
TXN0024479,0
TXN0040535,0
TXN0038193,0
TXN0043507,0
TXN0011430,0
TXN0046227,0
TXN0004498,0
TXN0044084,0
TXN0026857,0
TXN0006494,0
TXN0003234,0
TXN0022992,0
TXN0030419,0
TXN0053510,0
TXN0044312,0
TXN0029103,0
TXN0034316,0
TXN0054217,0
TXN0053404,0
TXN0020580,0
TXN0041917,0
TXN0059248,0
TXN0014349,0
TXN0015519,0
TXN0004774,0
TXN0055967,0
TXN0023014,0
TXN0003874,0
TXN0018699,0
TXN0024458,0
TXN0034102,0
TXN0000456,0
TXN0006285,0
TXN0043416,0
TXN0008509,0
TXN0038351,0
TXN0012684,0
TXN0034627,0
TXN0035606,0
TXN0007570,0
TXN0032306,0
TXN0026988,0
TXN0021622,0
TXN0034825,0
TXN0057675,0
TXN0010455,0
TXN0040340,0
TXN0007889,0
TXN0046859,0
TXN0051204,0
TXN0006419,0
TXN0021989,0
TXN0026907,0
TXN0030494,0
TXN0045100,0
TXN0019884,0
TXN0033388,0
TXN0049852,0
TXN0008422,0
TXN0044664,0
TXN0023318,0
TXN0057861,0
TXN0040365,0
TXN0005337,0
TXN0045652,0
TXN0056646,0
TXN0052838,0
TXN0021431,0
TXN0001805,0
TXN0009177,0
TXN0006485,0
TXN0053453,0
TXN0006249,0
TXN0052878,0
TXN0008591,0
TXN0012133,0
TXN0043868,0
TXN0052272,0
TXN0027461,0
TXN0011234,0
TXN0024780,0
TXN0049506,0
TXN0033080,0
TXN0008351,0
TXN0043273,0
TXN0012519,0
TXN0054757,0
TXN0015877,0
TXN0027249,0
TXN0056984,0
TXN0050721,0
TXN0010083,0
TXN0002127,0
TXN0020636,0
TXN0020398,0
TXN0022512,0
TXN0008051,0
TXN0015281,0
TXN0002572,0
TXN0007934,0
TXN0018244,0
TXN0036301,0
TXN0035611,0
TXN0057029,0
TXN0008151,0
TXN0018436,0
TXN0014844,0
TXN0040624,0
TXN0049750,0
TXN0024782,0
TXN0047470,0
TXN0036388,0
TXN0013884,0
TXN0008146,0
TXN0031338,0
TXN0005168,0
TXN0007178,0
TXN0030559,0
TXN0004184,0
TXN0020134,0
TXN0049651,0
TXN0033667,0
TXN0012493,0
TXN0010721,0
TXN0056023,0
TXN0020346,0
TXN0042033,0
TXN0043308,0
TXN0058607,0
TXN0050226,0
TXN0030264,0
TXN0019519,0
TXN0018860,0
TXN0035987,0
TXN0022566,0
TXN0035168,0
TXN0042640,0
TXN0009252,0
TXN0038340,0
TXN0056743,0
TXN0035872,0
TXN0036100,0
TXN0022747,0
TXN0027776,0
TXN0026890,0
TXN0011935,0
TXN0039634,0
TXN0057826,0
TXN0039286,0
TXN0053864,0
TXN0030525,0
TXN0057681,0
TXN0047985,0
TXN0008432,0
TXN0038448,0
TXN0000355,0
TXN0014106,0
TXN0030770,0
TXN0050491,0
TXN0054129,0
TXN0037872,0
TXN0051989,0
TXN0030071,0
TXN0049781,0
TXN0025802,0
TXN0050697,0
TXN0004862,0
TXN0031595,0
TXNS00921,1
TXN0022084,0
TXN0007011,0
TXN0053233,0
TXN0054665,0
TXN0048863,0
TXN0058854,0
TXN0021206,0
TXN0059619,0
TXN0039141,0
TXN0008395,0
TXN0010356,0
TXN0044275,0
TXN0057173,0
TXN0008979,0
TXN0046457,0
TXN0029147,0
TXN0021974,0
TXN0039283,0
TXN0038639,0
TXN0057343,0
TXN0017442,0
TXN0010836,0
TXN0059354,0
TXN0048679,0
TXN0027366,0
TXN0009090,0
TXN0022314,0
TXN0042690,0
TXN0053796,0
TXN0021739,0
TXN0058393,0
TXN0040127,0
TXN0007898,0
TXN0053372,0
TXN0041566,0
TXN0027679,0
TXN0006126,0
TXN0008459,0
TXN0031691,0
TXN0039047,0
TXN0025859,0
TXN0050957,0
TXN0057494,0
TXN0014445,0
TXN0004720,0
TXN0047538,0
TXN0041319,0
TXN0012013,0
TXN0005786,0
TXN0032033,0
TXN0016642,0
TXN0051970,0
TXN0036594,0
TXN0024517,0
TXN0018899,0
TXN0007204,0
TXN0033197,0
TXN0041597,0
TXN0048050,0
TXN0002816,0
TXN0019916,0
TXN0029395,0
TXN0054997,0
TXN0020941,0
TXN0043508,0
TXN0026125,0
TXN0020023,0
TXN0052849,0
TXN0014236,0
TXN0038323,0
TXN0006909,0
TXN0017265,0
TXN0029016,0
TXN0027927,0
TXN0052339,0
TXN0020244,0
TXN0022764,0
TXN0046836,0
TXN0049228,0
TXN0048048,0
TXN0036299,0
TXN0030529,0
TXN0009154,0
TXN0007979,0
TXN0010925,0
TXN0009727,0
TXN0048993,0
TXN0032064,0
TXN0025391,0
TXN0009347,0
TXN0051117,0
TXN0044606,0
TXN0049057,0
TXN0025181,0
TXN0007171,0
TXN0000575,0
TXN0007348,0
TXN0020573,0
TXN0028811,0
TXN0029509,0
TXN0041447,0
TXN0034238,0
TXN0049491,0
TXN0041725,0
TXN0046068,0
TXN0015895,0
TXN0006906,0
TXN0053735,0
TXN0043802,0
TXN0024379,0
TXN0009707,0
TXN0046831,0
TXN0018900,0
TXN0053891,0
TXN0010088,0
TXN0029370,0
TXN0018003,0
TXN0042420,0
TXN0029686,0
TXN0004209,0
TXN0014843,0
TXN0020859,0
TXN0035726,0
TXN0045901,0
TXN0059486,0
TXN0047297,0
TXN0021185,0
TXN0039403,0
TXN0044178,0
TXN0012709,0
TXN0029998,0
TXN0000099,0
TXN0007859,0
TXN0042304,0
TXN0038858,0
TXN0034860,0
TXN0028086,0
TXN0053939,0
TXN0032912,0
TXN0022111,0
TXN0059159,0
TXN0031278,0
TXN0055042,0
TXN0040763,0
TXN0003903,0
TXN0027069,0
TXN0056728,0
TXN0003032,0
TXN0050890,0
TXN0014243,0
TXN0042090,0
TXN0031031,0
TXN0009295,0
TXN0058671,0
TXN0056791,0
TXN0022077,0
TXN0031651,0
TXN0026186,0
TXN0047980,0
TXN0006867,0
TXN0002212,0
TXN0040714,0
TXN0009193,0
TXN0005658,0
TXN0010470,0
TXN0040884,0
TXN0003787,0
TXN0020457,0
TXN0004688,0
TXN0026774,0
TXN0043866,0
TXN0021539,0
TXN0021401,0
TXN0050949,0
TXN0057489,0
TXN0003966,0
TXN0055956,0
TXN0020783,0
TXN0052927,0
TXN0045342,0
TXN0014654,0
TXN0055201,0
TXN0023770,0
TXN0046519,0
TXN0058717,0
TXN0013445,0
TXN0009153,0
TXN0027441,0
TXN0035789,0
TXN0018644,0
TXN0025214,0
TXN0041854,0
TXN0037810,0
TXN0019328,0
TXN0047936,0
TXN0046781,0
TXN0042205,0
TXN0015710,0
TXN0036003,0
TXN0029501,0
TXN0047987,0
TXN0035237,0
TXN0024899,0
TXN0044343,0
TXN0059024,0
TXN0053464,0
TXN0057383,0
TXN0051312,0
TXN0008866,0
TXN0005477,0
TXN0048814,0
TXN0052452,0
TXN0034652,0
TXN0041646,0
TXN0059085,0
TXN0048852,0
TXN0021408,0
TXN0040020,0
TXN0038877,0
TXN0020945,0
TXN0017512,0
TXN0014324,0
TXN0052282,0
TXN0026300,0
TXN0037509,0
TXN0051354,0
TXN0056111,0
TXN0018306,0
TXN0034382,0
TXN0059569,0
TXN0051662,0
TXN0056331,0
TXN0020235,0
TXN0007129,0
TXN0022339,0
TXN0028318,0
TXN0017259,0
TXN0014483,0
TXN0021245,0
TXN0021681,0
TXN0011339,0
TXN0057321,0
TXN0055028,0
TXN0031274,0
TXN0041308,0
TXN0054625,0
TXN0002256,0
TXN0025225,0
TXN0044581,0
TXN0010710,0
TXN0025748,0
TXN0032831,0
TXN0014020,0
TXN0012430,0
TXN0023981,0
TXN0027344,0
TXN0036250,0
TXN0026961,0
TXN0054104,0
TXN0037988,0
TXN0002948,0
TXN0018034,0
TXN0036449,0
TXN0021416,0
TXN0053501,0
TXN0031669,0
TXN0038944,0
TXN0037987,0
TXN0027393,0
TXN0053905,0
TXN0042681,0
TXN0046106,0
TXN0019944,0
TXN0021523,0
TXN0037270,0
TXN0037694,0
TXN0008462,0
TXN0026084,0
TXN0046704,0
TXN0053757,0
TXN0007924,0
TXN0027726,0
TXN0047335,0
TXN0035795,0
TXN0026361,0
TXN0016627,0
TXN0049979,0
TXN0045624,0
TXN0039693,0
TXN0047114,0
TXN0025795,0
TXN0032547,0
TXN0007872,0
TXN0054524,0
TXN0048541,0
TXN0010594,0
TXN0024268,0
TXN0037273,0
TXN0025677,0
TXN0003989,0
TXN0039050,0
TXN0000315,0
TXN0055693,0
TXN0047197,0
TXN0045965,0
TXN0010887,0
TXN0022532,0
TXN0020072,0
TXN0050135,0
TXN0032282,0
TXN0056068,0
TXN0026136,0
TXN0039389,0
TXN0013772,0
TXN0038532,0
TXN0025942,0
TXN0027074,0
TXN0057906,0
TXN0005416,0
TXN0019292,0
TXN0019678,0
TXN0036216,0
TXN0046380,0
TXN0056827,0
TXN0014422,0
TXN0007495,0
TXN0007022,0
TXN0057714,0
TXN0012221,0
TXN0007103,0
TXN0058113,0
TXN0003496,0
TXN0015406,0
TXN0018833,0
TXN0014882,0
TXN0007508,0
TXN0045921,0
TXN0053511,0
TXN0018779,0
TXN0017191,0
TXN0005547,0
TXN0008828,0
TXNR0223,1
TXN0038052,0
TXN0034548,0
TXN0021763,0
TXN0024156,0
TXN0039438,0
TXN0005514,0
TXN0028159,0
TXN0047725,0
TXN0001873,0
TXN0003637,0
TXN0040811,0
TXN0044051,0
TXN0048045,0
TXN0042779,0
TXN0032079,0
TXN0040765,0
TXN0020009,0
TXN0022438,0
TXN0029452,0
TXN0030301,0
TXN0025083,0
TXN0057959,0
TXN0031294,0
TXN0045054,0
TXN0005317,0
TXN0052398,0
TXN0054775,0
TXN0051555,0
TXN0018920,0
TXN0058543,0
TXN0023502,0
TXN0004716,0
TXN0024307,0
TXN0023256,0
TXN0053057,0
TXN0005472,0
TXN0014615,0
TXN0025753,0
TXN0033772,0
TXN0057351,0
TXN0045576,0
TXN0039362,0
TXN0007917,0
TXN0022871,0
TXN0050122,0
TXN0022983,0
TXN0049946,0
TXN0048707,0
TXN0028989,0
TXN0031154,0
TXN0027004,0
TXN0042575,0
TXN0010174,0
TXN0034327,0
TXN0047032,0
TXN0034204,0
TXN0051294,0
TXN0044549,0
TXN0000270,0
TXN0022702,0
TXN0040590,0
TXN0017083,0
TXN0025698,0
TXN0035916,0
TXN0046204,0
TXN0053548,0
TXN0051092,0
TXN0044156,0
TXN0030583,0
TXN0048029,0
TXN0038645,0
TXN0027377,0
TXN0049632,0
TXN0037708,0
TXN0039523,0
TXN0058989,0
TXN0033190,0
TXN0006455,0
TXN0013402,0
TXN0001923,0
TXN0011510,0
TXN0024862,0
TXN0011776,0
TXN0010642,0
TXN0021441,0
TXN0055632,0
TXN0018319,0
TXN0019677,0
TXN0042355,0
TXN0041819,0
TXN0004109,0
TXN0014723,0
TXN0047678,0
TXN0039442,0
TXN0022739,0
TXN0044191,0
TXN0008213,0
TXN0059894,0
TXN0046402,0
TXN0034537,0
TXN0042519,0
TXN0028493,0
TXN0052221,0
TXN0008292,0
TXN0040672,0
TXN0038139,0
TXN0037467,0
TXN0031706,0
TXN0006436,0
TXN0059508,0
TXN0053843,0
TXN0004121,0
TXN0056368,0
TXN0014647,0
TXN0051264,0
TXN0037759,0
TXN0007075,0
TXN0002033,0
TXN0054381,0
TXN0028313,0
TXN0034973,0
TXN0057633,0
TXN0020272,0
TXN0000685,0
TXN0004375,0
TXN0053571,0
TXN0043468,0
TXN0034564,0
TXN0004002,0
TXN0048731,0
TXN0012361,0
TXN0034849,0
TXN0036610,0
TXNS00830,1
TXN0019470,0
TXN0027682,0
TXN0047957,0
TXN0011800,0
TXN0024728,0
TXN0009517,0
TXN0007136,0
TXN0057466,0
TXN0035147,0
TXN0037423,0
TXN0006248,0
TXN0055142,0
TXN0022773,0
TXN0006744,0
TXN0007850,0
TXN0018759,0
TXN0049867,0
TXN0004802,0
TXN0003517,0
TXN0036247,0
TXN0052262,0
TXN0026158,0
TXN0057551,0
TXN0037347,0
TXN0025036,0
TXN0010160,0
TXN0030648,0
TXN0054649,0
TXN0002361,0
TXN0019864,0
TXN0045490,0
TXN0016660,0
TXN0031089,0
TXN0003478,0
TXN0049739,0
TXN0017720,0
TXN0038178,0
TXN0015503,0
TXN0029560,0
TXN0001153,0
TXN0005659,0
TXN0049638,0
TXN0052590,0
TXN0052594,0
TXN0002201,0
TXN0029439,0
TXN0025080,0
TXN0058942,0
TXN0043305,0
TXN0010314,0
TXN0039479,0
TXN0021366,0
TXN0037274,0
TXN0012346,0
TXN0015939,0
TXN0057401,0
TXN0057164,0
TXN0018039,0
TXN0030655,0
TXN0000269,0
TXN0059647,0
TXN0033567,0
TXN0043977,0
TXN0025347,0
TXN0042445,0
TXN0000177,0
TXN0003888,0
TXN0033331,0
TXN0035301,0
TXN0039313,0
TXN0000072,0
TXN0042482,0
TXN0048420,0
TXN0036004,0
TXN0056017,0
TXN0038279,0
TXN0039039,0
TXN0053317,0
TXN0030318,0
TXN0021925,0
TXN0004842,0
TXN0042781,0
TXN0058376,0
TXN0020417,0
TXN0008289,0
TXN0014072,0
TXN0005135,0
TXN0007768,0
TXN0045764,0
TXN0040249,0
TXN0041841,0
TXN0027831,0
TXN0016955,0
TXN0019612,0
TXN0025891,0
TXN0043932,0
TXN0032884,0
TXN0028510,0
TXN0034455,0
TXN0000912,0
TXN0048366,0
TXN0051281,0
TXN0010061,0
TXN0045088,0
TXN0020817,0
TXN0023773,0
TXN0036522,0
TXN0021796,0
TXN0019582,0
TXN0020688,0
TXN0034184,0
TXN0049684,0
TXN0029819,0
TXN0029962,0
TXN0053328,0
TXN0043613,0
TXN0025239,0
TXN0013599,0
TXN0046456,0
TXN0015336,0
TXN0006876,0
TXN0053502,0
TXN0012585,0
TXN0059258,0
TXN0043055,0
TXN0000622,0
TXN0021914,0
TXN0051095,0
TXN0036464,0
TXN0025572,0
TXN0059240,0
TXN0030243,0
TXN0030224,0
TXN0059114,0
TXN0008878,0
TXN0002287,0
TXN0055295,0
TXN0052382,0
TXN0023668,0
TXN0033643,0
TXN0037235,0
TXN0023280,0
TXN0059849,0
TXN0018470,0
TXN0009703,0
TXN0058737,0
TXN0016175,0
TXN0008514,0
TXN0012584,0
TXNS00611,1
TXN0014007,0
TXN0025987,0
TXN0036815,0
TXN0055583,0
TXN0048308,0
TXN0037365,0
TXN0000223,0
TXN0022562,0
TXN0018993,0
TXN0027931,0
TXN0049807,0
TXN0035949,0
TXN0022670,0
TXN0026779,0
TXN0057504,0
TXN0034646,0
TXN0038829,0
TXN0007553,0
TXN0002208,0
TXN0041369,0
TXN0058633,0
TXN0026263,0
TXN0030662,0
TXN0010425,0
TXN0038929,0
TXN0047615,0
TXN0018523,0
TXN0018217,0
TXN0012374,0
TXN0054943,0
TXN0056071,0
TXN0014789,0
TXN0010990,0
TXN0059140,0
TXN0024713,0
TXN0040538,0
TXN0027146,0
TXN0001233,0
TXN0033119,0
TXN0015319,0
TXN0051978,0
TXN0022709,0
TXN0006992,0
TXN0035158,0
TXN0018772,0
TXN0008532,0
TXN0005556,0
TXN0035856,0
TXN0044620,0
TXN0004438,0
TXN0042254,0
TXN0037197,0
TXN0051661,0
TXN0020086,0
TXN0034669,0
TXN0033634,0
TXN0003752,0
TXN0022451,0
TXN0008094,0
TXN0023038,0
TXN0036995,0
TXN0030281,0
TXNR0193,1
TXN0002190,0
TXN0039070,0
TXN0031013,0
TXN0043968,0
TXN0034605,0
TXN0038612,0
TXN0037218,0
TXN0055737,0
TXN0008928,0
TXN0024185,0
TXN0049084,0
TXN0015741,0
TXN0047417,0
TXN0032351,0
TXN0031165,0
TXN0033006,0
TXN0032621,0
TXN0055009,0
TXN0028280,0
TXN0019946,0
TXN0018788,0
TXN0005716,0
TXN0055685,0
TXN0045104,0
TXN0024564,0
TXN0006578,0
TXN0009383,0
TXN0054185,0
TXN0048581,0
TXN0034885,0
TXN0059969,0
TXN0054607,0
TXN0049968,0
TXN0017678,0
TXN0012898,0
TXN0058361,0
TXN0049009,0
TXN0052913,0
TXN0042167,0
TXN0053167,0
TXN0042453,0
TXN0054744,0
TXN0008852,0
TXN0040357,0
TXN0058921,0
TXN0027583,0
TXN0019268,0
TXN0039297,0
TXN0028848,0
TXN0000878,0
TXN0045044,0
TXN0028692,0
TXN0046499,0
TXN0044282,0
TXN0026319,0
TXN0003763,0
TXN0055259,0
TXN0007767,0
TXN0033883,0
TXN0054941,0
TXN0051617,0
TXN0017114,0
TXN0045782,0
TXN0024909,0
TXN0057252,0
TXN0048789,0
TXN0048823,0
TXN0010231,0
TXN0052170,0
TXN0000359,0
TXN0008136,0
TXN0043279,0
TXN0003132,0
TXN0046944,0
TXN0048414,0
TXN0010379,0
TXN0015947,0
TXN0011769,0
TXN0049089,0
TXN0011455,0
TXN0038713,0
TXN0057802,0
TXN0038661,0
TXN0049876,0
TXN0020752,0
TXN0045572,0
TXN0043476,0
TXN0021444,0
TXN0032773,0
TXN0014652,0
TXN0000166,0
TXN0024576,0
TXN0052009,0
TXN0018776,0
TXN0012236,0
TXN0001328,0
TXN0034203,0
TXN0030012,0
TXN0049105,0
TXN0058041,0
TXN0010771,0
TXN0037862,0
TXN0048383,0
TXN0031125,0
TXN0019189,0
TXN0044530,0
TXN0006951,0
TXN0043028,0
TXN0036372,0
TXN0002796,0
TXN0043825,0
TXN0016536,0
TXN0013549,0
TXN0018766,0
TXN0021457,0
TXN0007196,0
TXN0056167,0
TXN0011681,0
TXN0005706,0
TXN0023541,0
TXN0054652,0
TXN0031539,0
TXN0039495,0
TXN0001356,0
TXN0050795,0
TXN0048391,0
TXN0052271,0
TXN0020111,0
TXN0020729,0
TXN0000411,0
TXN0022319,0
TXN0053751,0
TXN0016387,0
TXN0005099,0
TXN0049073,0
TXN0035462,0
TXN0041879,0
TXN0000286,0
TXN0040723,0
TXN0028559,0
TXN0013821,0
TXN0004161,0
TXN0024181,0
TXN0021450,0
TXN0042896,0
TXN0023582,0
TXN0037893,0
TXN0020558,0
TXN0043008,0
TXN0046783,0
TXN0053614,0
TXN0033343,0
TXN0022332,0
TXN0052540,0
TXN0053058,0
TXN0047309,0
TXN0038654,0
TXN0053820,0
TXN0029570,0
TXN0026992,0
TXN0050291,0
TXN0002334,0
TXN0025814,0
TXN0020332,0
TXN0050036,0
TXN0043962,0
TXN0057210,0
TXN0019912,0
TXN0027683,0
TXN0053361,0
TXN0040576,0
TXN0051412,0
TXN0026752,0
TXN0045868,0
TXN0005059,0
TXN0018928,0
TXN0020869,0
TXN0057103,0
TXN0042885,0
TXN0058274,0
TXN0020503,0
TXN0029820,0
TXN0004258,0
TXN0028068,0
TXN0030377,0
TXN0025452,0
TXN0053799,0
TXN0044807,0
TXN0042502,0
TXN0018560,0
TXN0005844,0
TXN0023732,0
TXN0006300,0
TXN0046458,0
TXN0041488,0
TXN0008096,0
TXN0006345,0
TXN0049707,0
TXN0045260,0
TXN0012509,0
TXN0010182,0
TXN0026363,0
TXN0032765,0
TXN0054070,0
TXN0004584,0
TXN0005196,0
TXN0051504,0
TXN0037087,0
TXN0046436,0
TXN0051794,0
TXN0010084,0
TXN0013544,0
TXN0018438,0
TXN0044779,0
TXN0041744,0
TXN0017556,0
TXN0001261,0
TXN0044647,0
TXN0027889,0
TXN0024597,0
TXN0026824,0
TXN0019170,0
TXN0057833,0
TXN0054459,0
TXN0020638,0
TXN0009085,0
TXN0031020,0
TXN0054796,0
TXN0001666,0
TXN0000213,0
TXN0046887,0
TXN0057417,0
TXN0041532,0
TXN0004174,0
TXN0006341,0
TXN0005414,0
TXN0015097,0
TXN0012131,0
TXN0001405,0
TXN0001117,0
TXN0042452,0
TXN0053677,0
TXN0024928,0
TXN0010696,0
TXN0007765,0
TXN0003204,0
TXN0025266,0
TXN0010569,0
TXN0019000,0
TXN0004525,0
TXN0052901,0
TXN0000514,0
TXN0016552,0
TXN0056075,0
TXN0002584,0
TXN0035991,0
TXN0042114,0
TXN0002425,0
TXN0032622,0
TXN0009875,0
TXN0044842,0
TXN0034198,0
TXN0023848,0
TXN0000915,0
TXN0022825,0
TXN0041276,0
TXN0026486,0
TXN0023379,0
TXN0056135,0
TXN0014945,0
TXN0043591,0
TXN0012567,0
TXN0005634,0
TXN0006745,0
TXN0014590,0
TXN0048704,0
TXN0021081,0
TXN0033273,0
TXN0027196,0
TXN0019716,0
TXN0042900,0
TXN0053316,0
TXN0027807,0
TXN0008662,0
TXN0041958,0
TXN0010471,0
TXN0025248,0
TXN0029396,0
TXN0005132,0
TXN0045883,0
TXN0030360,0
TXN0058090,0
TXN0026281,0
TXN0015622,0
TXN0025209,0
TXN0019099,0
TXN0039775,0
TXN0006422,0
TXN0021517,0
TXN0008511,0
TXN0055890,0
TXN0037738,0
TXN0021216,0
TXN0032462,0
TXN0016699,0
TXN0025629,0
TXN0055315,0
TXN0002918,0
TXN0031713,0
TXN0015268,0
TXN0005554,0
TXN0013159,0
TXN0059269,0
TXN0004446,0
TXN0022894,0
TXN0002533,0
TXN0016401,0
TXN0029608,0
TXN0006460,0
TXN0050607,0
TXN0042150,0
TXN0037935,0
TXN0020004,0
TXN0009477,0
TXN0044890,0
TXN0000668,0
TXN0021145,0
TXN0019471,0
TXN0035913,0
TXN0022859,0
TXN0055216,0
TXN0042648,0
TXN0022716,0
TXN0032428,0
TXN0043051,0
TXN0012127,0
TXN0039240,0
TXN0021332,0
TXN0004590,0
TXN0031200,0
TXN0013078,0
TXN0041640,0
TXN0010879,0
TXN0010468,0
TXN0040396,0
TXN0032605,0
TXN0034946,0
TXN0049734,0
TXN0032825,0
TXN0013405,0
TXN0011816,0
TXN0033814,0
TXN0025160,0
TXN0012799,0
TXN0024877,0
TXN0016681,0
TXN0008487,0
TXN0021012,0
TXN0026978,0
TXN0029577,0
TXN0002497,0
TXN0016634,0
TXN0046891,0
TXN0008518,0
TXN0003103,0
TXN0023245,0
TXN0045357,0
TXN0012256,0
TXN0046974,0
TXN0000900,0
TXN0008813,0
TXN0042153,0
TXN0031148,0
TXN0027203,0
TXN0055580,0
TXN0015547,0
TXN0016394,0
TXN0029036,0
TXN0032979,0
TXN0018207,0
TXN0058874,0
TXN0040552,0
TXN0048173,0
TXN0045289,0
TXN0040126,0
TXN0046464,0
TXN0022737,0
TXN0006292,0
TXN0032713,0
TXN0045348,0
TXN0020767,0
TXN0034266,0
TXN0014264,0
TXN0028050,0
TXN0019957,0
TXN0007885,0
TXN0001650,0
TXN0017103,0
TXN0000140,0
TXN0026235,0
TXN0041631,0
TXN0042970,0
TXN0034086,0
TXN0028354,0
TXN0045736,0
TXN0047622,0
TXN0044346,0
TXN0037362,0
TXN0033296,0
TXN0013743,0
TXN0031859,0
TXN0001768,0
TXN0027865,0
TXN0048350,0
TXN0052220,0
TXN0018340,0
TXN0026268,0
TXN0054860,0
TXN0016548,0
TXN0030588,0
TXN0025327,0
TXN0037484,0
TXN0035947,0
TXN0047988,0
TXN0031039,0
TXN0042134,0
TXN0033378,0
TXN0045407,0
TXN0037366,0
TXN0027477,0
TXN0030212,0
TXN0015260,0
TXN0047549,0
TXN0023771,0
TXN0005588,0
TXN0040516,0
TXN0026060,0
TXN0013554,0
TXN0058405,0
TXN0007047,0
TXN0057326,0
TXN0057270,0
TXN0039151,0
TXN0059967,0
TXN0021197,0
TXN0035752,0
TXN0013388,0
TXN0027282,0
TXN0052741,0
TXN0026748,0
TXN0031429,0
TXN0036155,0
TXN0047552,0
TXN0015672,0
TXN0056650,0
TXN0055268,0
TXN0016505,0
TXN0004577,0
TXN0016906,0
TXN0001148,0
TXN0019931,0
TXN0028077,0
TXN0029435,0
TXN0003459,0
TXN0016837,0
TXN0015180,0
TXN0018760,0
TXN0056051,0
TXN0014280,0
TXN0011318,0
TXN0032381,0
TXN0014927,0
TXN0016104,0
TXN0037319,0
TXN0053443,0
TXN0012116,0
TXN0010517,0
TXN0049160,0
TXN0018877,0
TXN0051201,0
TXN0036374,0
TXN0021775,0
TXN0017307,0
TXN0028976,0
TXN0040649,0
TXN0049620,0
TXN0008138,0
TXN0024556,0
TXN0002937,0
TXN0037120,0
TXN0051007,0
TXN0014120,0
TXN0003559,0
TXN0003528,0
TXN0038670,0
TXN0018541,0
TXN0015988,0
TXN0053768,0
TXN0010982,0
TXN0038188,0
TXN0021581,0
TXN0020481,0
TXN0034572,0
TXN0024092,0
TXN0008143,0
TXN0058618,0
TXN0024177,0
TXN0034487,0
TXN0022201,0
TXN0018859,0
TXN0040337,0
TXN0015454,0
TXN0031988,0
TXN0023191,0
TXN0006258,0
TXN0026927,0
TXN0015705,0
TXN0021497,0
TXN0019960,0
TXN0000520,0
TXN0026468,0
TXN0055026,0
TXN0043030,0
TXN0049587,0
TXN0026280,0
TXN0051031,0
TXN0035209,0
TXN0036209,0
TXN0025588,0
TXN0018763,0
TXN0038963,0
TXN0031724,0
TXN0059093,0
TXN0030667,0
TXN0036602,0
TXN0001517,0
TXN0014353,0
TXN0031805,0
TXN0053675,0
TXN0057759,0
TXN0017501,0
TXN0048621,0
TXN0039946,0
TXN0053858,0
TXN0059462,0
TXN0004749,0
TXN0011857,0
TXN0002878,0
TXN0052418,0
TXN0000348,0
TXN0004847,0
TXN0034677,0
TXN0003469,0
TXN0044090,0
TXN0017590,0
TXN0027847,0
TXN0003706,0
TXN0045460,0
TXN0031464,0
TXN0028630,0
TXN0048140,0
TXN0016598,0
TXN0003634,0
TXN0055475,0
TXN0025970,0
TXN0056394,0
TXN0029857,0
TXN0014420,0
TXN0041977,0
TXN0001664,0
TXN0014186,0
TXN0013836,0
TXN0050755,0
TXN0002842,0
TXN0021266,0
TXN0018507,0
TXN0051768,0
TXN0001450,0
TXN0034908,0
TXN0041528,0
TXN0017742,0
TXN0036580,0
TXN0025670,0
TXN0002242,0
TXN0033899,0
TXN0042835,0
TXN0053778,0
TXN0042988,0
TXN0051639,0
TXN0004628,0
TXN0004343,0
TXN0023982,0
TXN0011079,0
TXN0057583,0
TXN0029900,0
TXN0015137,0
TXN0019500,0
TXN0029026,0
TXN0045937,0
TXN0026503,0
TXN0049905,0
TXN0005807,0
TXN0031642,0
TXN0007137,0
TXN0010290,0
TXN0041165,0
TXN0026778,0
TXN0027033,0
TXN0029214,0
TXN0034516,0
TXN0040570,0
TXN0013693,0
TXN0030299,0
TXN0038263,0
TXN0034163,0
TXN0000513,0
TXN0035019,0
TXN0001101,0
TXN0009231,0
TXN0047899,0
TXN0059070,0
TXN0030309,0
TXN0010795,0
TXN0056066,0
TXN0037919,0
TXN0052760,0
TXN0015713,0
TXN0024135,0
TXN0044469,0
TXN0033175,0
TXN0029329,0
TXN0047230,0
TXN0034612,0
TXN0018568,0
TXN0013169,0
TXN0000227,0
TXN0027565,0
TXN0032507,0
TXN0046801,0
TXN0053494,0
TXN0044285,0
TXN0005390,0
TXN0036739,0
TXN0024958,0
TXN0049548,0
TXN0041706,0
TXN0005737,0
TXN0040418,0
TXN0025013,0
TXN0032148,0
TXN0012503,0
TXN0055552,0
TXN0012535,0
TXN0022945,0
TXN0021010,0
TXN0045257,0
TXN0038012,0
TXN0041417,0
TXN0057911,0
TXN0012596,0
TXN0042226,0
TXN0059787,0
TXN0032073,0
TXN0036666,0
TXN0011610,0
TXN0004282,0
TXN0008542,0
TXN0043250,0
TXN0049674,0
TXN0021896,0
TXN0047508,0
TXN0021906,0
TXN0021405,0
TXN0022049,0
TXN0003984,0
TXN0027458,0
TXN0055117,0
TXN0007185,0
TXN0039556,0
TXN0005817,0
TXN0039468,0
TXN0041747,0
TXN0028426,0
TXN0014807,0
TXN0041978,0
TXNS00400,1
TXN0000401,0
TXN0046884,0
TXN0051061,0
TXN0013638,0
TXN0041931,0
TXN0056628,0
TXN0020930,0
TXN0032883,0
TXN0012480,0
TXN0038455,0
TXN0014149,0
TXN0019774,0
TXN0021060,0
TXN0050275,0
TXN0042590,0
TXN0045419,0
TXN0053345,0
TXN0049611,0
TXN0045458,0
TXN0044320,0
TXN0039999,0
TXN0009498,0
TXN0000265,0
TXN0047972,0
TXN0038366,0
TXN0019069,0
TXN0008710,0
TXN0003505,0
TXN0039487,0
TXN0049584,0
TXN0039378,0
TXN0051977,0
TXN0057025,0
TXN0053408,0
TXN0007871,0
TXN0018005,0
TXN0039073,0
TXN0007828,0
TXN0027290,0
TXN0035500,0
TXN0048754,0
TXN0007604,0
TXN0019188,0
TXN0049150,0
TXN0011176,0
TXN0008846,0
TXN0044054,0
TXN0008025,0
TXN0034925,0
TXN0052093,0
TXN0003144,0
TXN0025197,0
TXN0038047,0
TXN0057680,0
TXN0041760,0
TXN0044875,0
TXN0058936,0
TXN0012904,0
TXN0054641,0
TXN0023835,0
TXN0026218,0
TXN0018884,0
TXN0003740,0
TXN0037459,0
TXN0023593,0
TXN0002130,0
TXN0058511,0
TXN0009857,0
TXN0006983,0
TXN0058795,0
TXN0052802,0
TXN0034656,0
TXN0042397,0
TXN0008771,0
TXN0029185,0
TXN0017339,0
TXN0035977,0
TXN0039266,0
TXN0040829,0
TXN0018970,0
TXN0029626,0
TXN0028880,0
TXN0023394,0
TXN0032524,0
TXN0028923,0
TXN0027085,0
TXN0054084,0
TXN0045146,0
TXN0046911,0
TXN0051486,0
TXN0045636,0
TXN0001628,0
TXN0048739,0
TXN0012494,0
TXN0024303,0
TXN0029067,0
TXN0019398,0
TXN0047249,0
TXN0029575,0
TXN0038604,0
TXN0024610,0
TXN0051967,0
TXN0035573,0
TXN0049243,0
TXN0048121,0
TXN0009962,0
TXN0030877,0
TXN0052694,0
TXN0023657,0
TXN0016069,0
TXN0047503,0
TXN0013992,0
TXN0022288,0
TXN0001836,0
TXN0054052,0
TXN0014983,0
TXN0024313,0
TXN0022501,0
TXN0042369,0
TXN0029791,0
TXN0008175,0
TXN0048839,0
TXN0025127,0
TXN0005047,0
TXN0045888,0
TXN0013593,0
TXN0038028,0
TXN0001604,0
TXN0049798,0
TXN0021799,0
TXN0043099,0
TXN0015676,0
TXN0046298,0
TXN0035346,0
TXN0012156,0
TXN0027800,0
TXN0044104,0
TXN0019305,0
TXN0028499,0
TXN0001475,0
TXN0014476,0
TXN0055566,0
TXN0001145,0
TXN0024039,0
TXN0015894,0
TXN0043843,0
TXN0010906,0
TXN0001235,0
TXN0053487,0
TXN0024362,0
TXN0004907,0
TXN0057869,0
TXN0053262,0
TXN0009660,0
TXN0004545,0
TXN0033990,0
TXN0005006,0
TXN0006694,0
TXN0018725,0
TXN0056871,0
TXN0028776,0
TXN0018202,0
TXN0042952,0
TXN0051714,0
TXN0038133,0
TXN0022246,0
TXN0030948,0
TXN0055429,0
TXN0024311,0
TXN0054815,0
TXN0037017,0
TXN0049612,0
TXN0023890,0
TXN0000679,0
TXN0043105,0
TXN0049338,0
TXN0011177,0
TXN0019752,0
TXN0024007,0
TXN0051379,0
TXN0004848,0
TXN0053134,0
TXN0038488,0
TXN0057234,0
TXN0056038,0
TXN0043616,0
TXN0018305,0
TXN0020699,0
TXN0015758,0
TXN0035478,0
TXN0018851,0
TXN0030994,0
TXN0055346,0
TXN0003268,0
TXN0032159,0
TXN0002873,0
TXN0045945,0
TXN0040746,0
TXN0010884,0
TXN0046315,0
TXN0051722,0
TXN0042266,0
TXN0027462,0
TXN0053901,0
TXN0043992,0
TXN0003135,0
TXN0016056,0
TXN0045637,0
TXN0027670,0
TXN0011490,0
TXN0037753,0
TXN0000101,0
TXN0035746,0
TXN0038132,0
TXN0031078,0
TXN0019196,0
TXN0012152,0
TXN0000063,0
TXN0018791,0
TXN0027771,0
TXN0002604,0
TXN0047358,0
TXN0027362,0
TXN0040766,0
TXN0009787,0
TXN0059873,0
TXN0057728,0
TXN0013837,0
TXN0052058,0
TXN0026241,0
TXN0005224,0
TXN0044847,0
TXN0052149,0
TXN0033764,0
TXN0023931,0
TXN0051830,0
TXN0034202,0
TXN0004391,0
TXN0057386,0
TXN0053146,0
TXN0022644,0
TXN0024932,0
TXN0005138,0
TXN0022847,0
TXN0011754,0
TXN0036341,0
TXN0003012,0
TXN0028729,0
TXN0022771,0
TXN0011363,0
TXN0007575,0
TXN0018134,0
TXN0046972,0
TXN0012381,0
TXN0051006,0
TXN0007107,0
TXN0049577,0
TXN0030518,0
TXN0049019,0
TXN0034745,0
TXN0017296,0
TXN0043373,0
TXN0009302,0
TXN0052068,0
TXN0043161,0
TXN0019436,0
TXN0047557,0
TXN0029787,0
TXN0033646,0
TXN0009333,0
TXN0041772,0
TXN0053070,0
TXN0049136,0
TXN0039949,0
TXN0054034,0
TXN0035384,0
TXN0001569,0
TXN0056572,0
TXN0056900,0
TXN0001715,0
TXN0018997,0
TXN0047998,0
TXN0049043,0
TXN0026317,0
TXN0038423,0
TXN0037358,0
TXN0039088,0
TXN0013096,0
TXN0039122,0
TXN0001206,0
TXN0000572,0
TXN0027560,0
TXN0051057,0
TXN0029444,0
TXN0027844,0
TXN0059283,0
TXN0047383,0
TXN0046748,0
TXN0050938,0
TXN0050835,0
TXN0018267,0
TXN0011389,0
TXN0000795,0
TXN0045503,0
TXN0002157,0
TXN0005673,0
TXN0043077,0
TXN0056149,0
TXN0032336,0
TXN0056761,0
TXN0025495,0
TXN0029502,0
TXN0039863,0
TXN0022901,0
TXN0013302,0
TXN0020535,0
TXN0059817,0
TXN0041529,0
TXN0005417,0
TXN0006445,0
TXN0003417,0
TXN0059946,0
TXN0030117,0
TXN0047825,0
TXN0022238,0
TXN0030789,0
TXN0043470,0
TXN0038357,0
TXN0057810,0
TXN0015508,0
TXN0015139,0
TXN0016486,0
TXN0017355,0
TXN0059107,0
TXN0021880,0
TXN0047382,0
TXN0022016,0
TXN0012545,0
TXN0007051,0
TXN0026353,0
TXN0021047,0
TXN0037005,0
TXN0047047,0
TXN0004953,0
TXN0053460,0
TXN0041035,0
TXN0058869,0
TXN0038561,0
TXN0034186,0
TXN0018416,0
TXN0051365,0
TXN0004612,0
TXN0043096,0
TXN0029093,0
TXN0057747,0
TXN0045285,0
TXN0025089,0
TXN0059215,0
TXN0035114,0
TXN0046480,0
TXN0036333,0
TXN0033600,0
TXN0032891,0
TXN0001220,0
TXN0044598,0
TXN0009198,0
TXN0049509,0
TXN0039582,0
TXN0026047,0
TXN0058169,0
TXN0047790,0
TXN0032081,0
TXN0051982,0
TXN0026544,0
TXN0006011,0
TXN0007050,0
TXN0026191,0
TXN0054063,0
TXN0019509,0
TXN0045293,0
TXN0023361,0
TXN0048655,0
TXN0002481,0
TXN0055572,0
TXN0033778,0
TXN0049185,0
TXN0010076,0
TXN0030375,0
TXN0049913,0
TXN0027349,0
TXN0021215,0
TXN0011507,0
TXN0000142,0
TXN0001056,0
TXN0055683,0
TXN0023651,0
TXN0032952,0
TXN0017747,0
TXN0044968,0
TXN0022598,0
TXN0012035,0
TXN0003179,0
TXN0058199,0
TXN0034770,0
TXN0055656,0
TXN0004101,0
TXN0054271,0
TXN0009361,0
TXN0003347,0
TXN0031045,0
TXN0057948,0
TXN0029644,0
TXN0053444,0
TXN0046953,0
TXN0037476,0
TXN0025798,0
TXN0053107,0
TXN0054585,0
TXN0037109,0
TXN0022454,0
TXN0026852,0
TXN0002090,0
TXN0015314,0
TXN0041761,0
TXN0047981,0
TXN0039924,0
TXN0023435,0
TXN0014790,0
TXN0018167,0
TXN0017181,0
TXN0003901,0
TXN0047371,0
TXN0023757,0
TXN0046331,0
TXN0050937,0
TXN0050996,0
TXN0047024,0
TXN0053895,0
TXN0047859,0
TXN0029446,0
TXN0034430,0
TXN0049878,0
TXN0059607,0
TXN0022012,0
TXN0022618,0
TXN0026009,0
TXN0000613,0
TXN0050073,0
TXN0036120,0
TXN0007534,0
TXN0033392,0
TXN0014928,0
TXN0014406,0
TXN0036359,0
TXN0027963,0
TXN0000735,0
TXN0018525,0
TXN0017949,0
TXN0013951,0
TXN0004363,0
TXN0038390,0
TXN0053631,0
TXN0041522,0
TXN0014920,0
TXN0056393,0
TXN0030228,0
TXN0037507,0
TXN0054032,0
TXN0014838,0
TXN0032595,0
TXN0013376,0
TXN0053855,0
TXN0020926,0
TXN0023565,0
TXN0059284,0
TXN0019767,0
TXN0050023,0
TXN0015883,0
TXN0054949,0
TXN0031940,0
TXN0047390,0
TXN0038208,0
TXN0018819,0
TXN0014841,0
TXN0042002,0
TXN0050609,0
TXN0013202,0
TXN0014177,0
TXN0051158,0
TXN0008579,0
TXN0037112,0
TXN0055879,0
TXN0032135,0
TXN0057927,0
TXN0000718,0
TXN0057890,0
TXN0025114,0
TXN0010376,0
TXN0054082,0
TXN0056771,0
TXN0013968,0
TXN0026366,0
TXN0044492,0
TXN0037898,0
TXN0011533,0
TXN0049911,0
TXN0044232,0
TXN0059481,0
TXN0012343,0
TXN0036177,0
TXN0048729,0
TXN0050575,0
TXN0033376,0
TXN0052620,0
TXN0032869,0
TXN0006712,0
TXN0014775,0
TXN0047873,0
TXN0014377,0
TXN0035875,0
TXN0046755,0
TXN0028620,0
TXN0048896,0
TXN0004398,0
TXN0004659,0
TXN0042450,0
TXN0009203,0
TXN0005934,0
TXN0005507,0
TXN0025984,0
TXN0004607,0
TXN0007823,0
TXN0033552,0
TXN0050881,0
TXN0033825,0
TXN0042379,0
TXN0001598,0
TXN0034048,0
TXN0050580,0
TXN0036529,0
TXN0052688,0
TXN0058650,0
TXN0022355,0
TXN0021752,0
TXN0051315,0
TXN0048085,0
TXN0008779,0
TXN0029105,0
TXN0002657,0
TXN0016712,0
TXN0039319,0
TXN0017909,0
TXN0043819,0
TXN0018516,0
TXN0006173,0
TXN0023294,0
TXN0050792,0
TXN0010042,0
TXN0050758,0
TXN0038388,0
TXN0015841,0
TXN0040444,0
TXN0010087,0
TXN0046563,0
TXN0026384,0
TXN0011743,0
TXN0057866,0
TXN0030905,0
TXN0013640,0
TXN0027642,0
TXN0025204,0
TXN0008751,0
TXN0004051,0
TXN0035274,0
TXN0018190,0
TXN0010716,0
TXN0026842,0
TXN0009109,0
TXN0032108,0
TXN0009870,0
TXN0015579,0
TXN0044289,0
TXN0019951,0
TXN0001890,0
TXN0023604,0
TXN0049400,0
TXN0048071,0
TXN0043295,0
TXN0028644,0
TXN0020801,0
TXN0017845,0
TXN0009991,0
TXN0048684,0
TXN0048793,0
TXN0058482,0
TXN0025155,0
TXN0055001,0
TXN0018181,0
TXN0018602,0
TXN0019301,0
TXN0056052,0
TXN0051191,0
TXN0052884,0
TXN0050271,0
TXN0024867,0
TXN0028911,0
TXN0008332,0
TXN0050849,0
TXN0002444,0
TXN0016229,0
TXN0030545,0
TXN0053611,0
TXN0004794,0
TXN0011717,0
TXN0021903,0
TXN0018774,0
TXN0026529,0
TXN0013028,0
TXN0050676,0
TXN0041569,0
TXN0034411,0
TXN0041440,0
TXN0030896,0
TXN0047496,0
TXN0048489,0
TXN0042784,0
TXN0027448,0
TXN0002319,0
TXN0022362,0
TXN0026510,0
TXN0020152,0
TXN0059753,0
TXN0059771,0
TXN0027046,0
TXN0058945,0
TXN0035093,0
TXN0013525,0
TXN0018742,0
TXN0000705,0
TXN0018530,0
TXN0041377,0
TXN0050457,0
TXN0041042,0
TXN0012408,0
TXN0007484,0
TXN0049427,0
TXN0038642,0
TXN0054219,0
TXN0056914,0
TXN0012433,0
TXN0019005,0
TXN0015862,0
TXN0034494,0
TXN0028745,0
TXN0050219,0
TXN0020899,0
TXN0017000,0
TXN0012795,0
TXN0020988,0
TXN0029966,0
TXN0013574,0
TXN0030043,0
TXN0052631,0
TXN0040814,0
TXN0018356,0
TXN0027279,0
TXN0033917,0
TXN0001523,0
TXN0051541,0
TXN0007757,0
TXN0022169,0
TXN0032514,0
TXN0016118,0
TXN0003778,0
TXN0015289,0
TXN0001547,0
TXN0035979,0
TXN0049379,0
TXN0018334,0
TXN0036361,0
TXN0034419,0
TXN0042280,0
TXN0050044,0
TXN0047071,0
TXN0003246,0
TXN0051162,0
TXN0019401,0
TXN0026995,0
TXN0018009,0
TXN0037239,0
TXN0058492,0
TXN0001493,0
TXN0013320,0
TXN0055325,0
TXN0047379,0
TXN0007603,0
TXN0002798,0
TXN0050038,0
TXN0027198,0
TXN0042258,0
TXN0028446,0
TXN0028689,0
TXN0013223,0
TXN0029028,0
TXN0036093,0
TXN0005184,0
TXN0024488,0
TXN0006124,0
TXN0016818,0
TXN0000880,0
TXN0047046,0
TXN0053775,0
TXN0020336,0
TXN0028744,0
TXN0020745,0
TXN0053400,0
TXN0013532,0
TXN0006061,0
TXN0056925,0
TXN0008856,0
TXN0058805,0
TXN0016872,0
TXN0024626,0
TXN0057974,0
TXN0040675,0
TXN0046263,0
TXN0025196,0
TXN0002805,0
TXN0008356,0
TXN0017021,0
TXN0028373,0
TXN0040665,0
TXN0005425,0
TXN0025126,0
TXN0025118,0
TXN0015948,0
TXN0008008,0
TXN0008453,0
TXN0010579,0
TXN0047228,0
TXN0025299,0
TXN0031683,0
TXN0015967,0
TXN0015546,0
TXN0017859,0
TXN0030427,0
TXN0034255,0
TXN0049093,0
TXN0001612,0
TXN0041283,0
TXN0028219,0
TXN0018985,0
TXN0001706,0
TXN0041001,0
TXN0057216,0
TXN0050065,0
TXN0031884,0
TXN0004501,0
TXN0022683,0
TXN0009749,0
TXN0011714,0
TXN0025220,0
TXN0036493,0
TXN0050389,0
TXN0009970,0
TXN0040070,0
TXN0045602,0
TXN0040452,0
TXN0021565,0
TXN0039228,0
TXN0035034,0
TXN0049900,0
TXN0017766,0
TXN0012284,0
TXN0011602,0
TXN0042881,0
TXN0007221,0
TXN0049582,0
TXN0052257,0
TXN0008604,0
TXN0047774,0
TXN0018628,0
TXN0020166,0
TXN0018357,0
TXN0050297,0
TXN0046832,0
TXN0023468,0
TXN0014461,0
TXN0012962,0
TXN0012008,0
TXN0020197,0
TXN0004834,0
TXN0054542,0
TXN0055620,0
TXN0032949,0
TXN0033350,0
TXN0013564,0
TXN0044490,0
TXN0038326,0
TXN0047660,0
TXN0054668,0
TXN0029636,0
TXN0053305,0
TXN0008000,0
TXN0053084,0
TXN0035412,0
TXN0026178,0
TXN0056891,0
TXN0019372,0
TXN0010493,0
TXN0033694,0
TXN0029324,0
TXN0030943,0
TXN0055855,0
TXN0015658,0
TXN0027899,0
TXN0024547,0
TXN0006883,0
TXN0018789,0
TXN0008371,0
TXN0018139,0
TXN0044221,0
TXN0024291,0
TXN0051229,0
TXN0014641,0
TXN0000576,0
TXN0044846,0
TXN0002924,0
TXN0056445,0
TXN0055101,0
TXN0033056,0
TXN0002411,0
TXN0052552,0
TXN0048105,0
TXN0059075,0
TXN0040606,0
TXN0036537,0
TXN0002947,0
TXN0052527,0
TXN0005601,0
TXN0058629,0
TXN0053324,0
TXN0022591,0
TXN0049761,0
TXN0036611,0
TXN0005161,0
TXN0054502,0
TXN0034350,0
TXN0011040,0
TXN0011289,0
TXN0036802,0
TXN0000003,0
TXN0005599,0
TXN0018918,0
TXN0053582,0
TXN0055217,0
TXN0014275,0
TXN0059081,0
TXN0026061,0
TXN0003183,0
TXN0050732,0
TXN0046518,0
TXN0022979,0
TXN0004852,0
TXN0034230,0
TXN0025237,0
TXN0050521,0
TXN0012438,0
TXN0052167,0
TXN0004164,0
TXN0035623,0
TXN0048410,0
TXN0017944,0
TXN0010535,0
TXN0031757,0
TXN0027673,0
TXN0008527,0
TXN0014491,0
TXN0004200,0
TXN0015992,0
TXN0059286,0
TXN0056318,0
TXN0021680,0
TXN0023921,0
TXN0058408,0
TXN0011068,0
TXN0025421,0
TXN0008228,0
TXN0027589,0
TXN0010274,0
TXN0043477,0
TXN0049339,0
TXN0046149,0
TXN0050824,0
TXN0057075,0
TXN0004796,0
TXN0003757,0
TXN0008815,0
TXN0012029,0
TXN0021613,0
TXN0059728,0
TXN0026527,0
TXN0021557,0
TXN0056911,0
TXN0032732,0
TXN0008742,0
TXN0007420,0
TXN0046636,0
TXN0039980,0
TXN0042354,0
TXN0018025,0
TXN0033994,0
TXN0030536,0
TXN0005781,0
TXN0021276,0
TXN0051927,0
TXN0041952,0
TXN0047846,0
TXN0004762,0
TXN0056961,0
TXN0057867,0
TXN0037878,0
TXN0031727,0
TXN0008283,0
TXN0041812,0
TXN0018952,0
TXN0018571,0
TXN0023739,0
TXN0031427,0
TXN0039429,0
TXN0044809,0
TXN0044533,0
TXN0035823,0
TXN0040058,0
TXN0019786,0
TXN0024978,0
TXN0042164,0
TXN0017828,0
TXN0012844,0
TXN0013771,0
TXN0054544,0
TXN0040683,0
TXN0002070,0
TXN0048371,0
TXN0015783,0
TXN0032690,0
TXN0046587,0
TXN0033897,0
TXN0051837,0
TXN0011609,0
TXN0037970,0
TXN0011387,0
TXN0046672,0
TXN0018441,0
TXN0009274,0
TXN0001691,0
TXN0007921,0
TXN0009534,0
TXN0030870,0
TXN0036642,0
TXN0001693,0
TXN0024761,0
TXN0000356,0
TXN0000995,0
TXN0057179,0
TXN0014912,0
TXN0024571,0
TXN0038972,0
TXN0035781,0
TXN0057170,0
TXN0025937,0
TXN0055045,0
TXN0012369,0
TXN0011013,0
TXN0023844,0
TXN0039171,0
TXN0044124,0
TXN0009573,0
TXN0018559,0
TXN0041778,0
TXN0025778,0
TXN0049771,0
TXN0055209,0
TXN0034679,0
TXN0030626,0
TXN0045127,0
TXN0034135,0
TXN0017217,0
TXN0039960,0
TXN0021465,0
TXN0049540,0
TXN0027156,0
TXN0005584,0
TXN0013680,0
TXN0043690,0
TXN0030541,0
TXN0039415,0
TXN0006831,0
TXN0021237,0
TXN0020494,0
TXN0017892,0
TXN0009816,0
TXN0037940,0
TXN0030006,0
TXN0020188,0
TXN0040230,0
TXN0020228,0
TXN0035099,0
TXNS00300,1
TXN0036409,0
TXN0051549,0
TXN0014930,0
TXN0030625,0
TXN0003398,0
TXN0033935,0
TXN0023304,0
TXN0035962,0
TXN0011274,0
TXN0001760,0
TXN0012972,0
TXN0004080,0
TXN0021016,0
TXN0016858,0
TXN0040468,0
TXN0016186,0
TXN0007007,0
TXN0000629,0
TXN0055613,0
TXN0014344,0
TXN0045755,0
TXN0000290,0
TXN0025822,0
TXN0031494,0
TXN0008823,0
TXN0004211,0
TXN0019806,0
TXN0033657,0
TXN0001173,0
TXN0000789,0
TXN0038242,0
TXN0043401,0
TXN0038828,0
TXN0010334,0
TXN0043003,0
TXN0026550,0
TXN0042173,0
TXN0035642,0
TXN0049283,0
TXN0008189,0
TXN0003724,0
TXN0017088,0
TXN0021103,0
TXN0017760,0
TXN0011779,0
TXN0037073,0
TXN0017119,0
TXN0052855,0
TXN0021756,0
TXN0058500,0
TXN0024250,0
TXN0024828,0
TXN0043518,0
TXN0029035,0
TXN0035204,0
TXN0056555,0
TXN0030729,0
TXN0034107,0
TXN0059795,0
TXN0003678,0
TXN0003897,0
TXN0049594,0
TXN0048934,0
TXN0032451,0
TXN0037526,0
TXN0037714,0
TXN0007224,0
TXN0051051,0
TXN0034385,0
TXN0027098,0
TXN0027123,0
TXN0009222,0
TXN0002964,0
TXN0004444,0
TXN0028593,0
TXN0045499,0
TXN0057787,0
TXN0028433,0
TXN0028678,0
TXN0047683,0
TXN0040539,0
TXN0035350,0
TXN0050009,0
TXN0048834,0
TXN0041006,0
TXN0021098,0
TXN0033245,0
TXN0049024,0
TXN0034122,0
TXN0004778,0
TXN0034520,0
TXN0057462,0
TXN0009423,0
TXN0033961,0
TXN0011175,0
TXN0001744,0
TXN0022528,0
TXN0002677,0
TXN0037240,0
TXN0048253,0
TXN0047762,0
TXN0034662,0
TXN0053896,0
TXN0034686,0
TXN0037752,0
TXN0056456,0
TXN0034583,0
TXN0035235,0
TXN0031715,0
TXN0034762,0
TXN0049217,0
TXN0033618,0
TXN0012308,0
TXN0003745,0
TXN0052465,0
TXN0040191,0
TXN0057547,0
TXN0018609,0
TXN0012543,0
TXN0041893,0
TXN0031438,0
TXN0014108,0
TXN0014221,0
TXN0009009,0
TXN0008227,0
TXN0051928,0
TXN0020935,0
TXN0059781,0
TXN0047070,0
TXN0045325,0
TXN0035803,0
TXN0034802,0
TXN0003421,0
TXN0006606,0
TXN0032553,0
TXN0043511,0
TXN0014040,0
TXN0047900,0
TXN0047444,0
TXN0032042,0
TXN0050771,0
TXN0038843,0
TXN0025490,0
TXN0014634,0
TXN0044797,0
TXN0043788,0
TXN0026879,0
TXN0045060,0
TXN0048236,0
TXN0017025,0
TXNS00623,1
TXN0034989,0
TXN0005101,0
TXN0024189,0
TXN0004713,0
TXN0003387,0
TXN0031215,0
TXN0019468,0
TXN0008157,0
TXN0003336,0
TXN0057581,0
TXN0023549,0
TXN0056350,0
TXN0042250,0
TXN0059298,0
TXN0041322,0
TXN0036454,0
TXN0023665,0
TXN0045686,0
TXN0032509,0
TXN0037769,0
TXN0018751,0
TXN0032505,0
TXN0015777,0
TXN0048743,0
TXN0013792,0
TXN0039192,0
TXN0052356,0
TXN0044751,0
TXN0018515,0
TXN0057305,0
TXN0043779,0
TXN0040732,0
TXN0045077,0
TXN0028651,0
TXN0048051,0
TXN0058168,0
TXN0008757,0
TXN0013896,0
TXN0002538,0
TXN0002605,0
TXN0058907,0
TXN0014839,0
TXN0055730,0
TXN0039928,0
TXN0044508,0
TXN0014197,0
TXN0006223,0
TXN0021871,0
TXN0019003,0
TXN0056354,0
TXN0016973,0
TXN0011579,0
TXN0036555,0
TXN0026991,0
TXN0028571,0
TXN0045305,0
TXN0014133,0
TXN0051737,0
TXN0035127,0
TXN0007199,0
TXN0009070,0
TXN0053893,0
TXN0032798,0
TXN0052477,0
TXN0016534,0
TXN0052400,0
TXN0028359,0
TXN0040333,0
TXN0054367,0
TXN0048872,0
TXN0044450,0
TXN0041012,0
TXN0050131,0
TXN0032424,0
TXN0042717,0
TXN0044407,0
TXN0011585,0
TXN0005379,0
TXN0021501,0
TXN0026455,0
TXN0023323,0
TXN0046965,0
TXN0057373,0
TXN0009365,0
TXN0028320,0
TXN0028611,0
TXN0050214,0
TXN0020772,0
TXN0041540,0
TXN0006489,0
TXN0043533,0
TXN0031620,0
TXN0050873,0
TXN0036750,0
TXN0023111,0
TXN0001471,0
TXN0048300,0
TXN0046210,0
TXN0015092,0
TXN0025436,0
TXN0044330,0
TXN0004673,0
TXN0030695,0
TXN0012280,0
TXN0000485,0
TXN0007791,0
TXN0033399,0
TXN0012740,0
TXN0031227,0
TXN0020658,0
TXN0011736,0
TXN0006068,0
TXN0003977,0
TXN0020680,0
TXN0000478,0
TXN0001266,0
TXN0050690,0
TXN0013185,0
TXN0019406,0
TXN0058149,0
TXN0014787,0
TXN0006241,0
TXN0050720,0
TXN0016400,0
TXN0023823,0
TXN0053000,0
TXN0008010,0
TXN0010659,0
TXN0003949,0
TXN0031293,0
TXN0028735,0
TXN0028160,0
TXN0031360,0
TXN0020887,0
TXN0032287,0
TXN0053013,0
TXN0018282,0
TXN0053830,0
TXN0032128,0
TXN0021319,0
TXN0057324,0
TXN0045358,0
TXN0027372,0
TXN0033336,0
TXN0039872,0
TXN0026994,0
TXN0044123,0
TXN0018604,0
TXN0001259,0
TXN0055073,0
TXN0011833,0
TXN0035747,0
TXN0035527,0
TXN0022975,0
TXN0004344,0
TXN0044587,0
TXN0035492,0
TXN0018887,0
TXN0009081,0
TXN0001804,0
TXN0001844,0
TXN0010980,0
TXN0059262,0
TXN0008030,0
TXN0019467,0
TXN0056547,0
TXN0033450,0
TXN0039463,0
TXN0015084,0
TXN0047754,0
TXN0001394,0
TXN0035535,0
TXN0034778,0
TXN0034216,0
TXN0058793,0
TXN0009995,0
TXN0007913,0
TXN0051084,0
TXN0006332,0
TXN0014929,0
TXN0029678,0
TXN0008589,0
TXN0058598,0
TXN0007412,0
TXN0049817,0
TXN0035431,0
TXN0056967,0
TXN0034772,0
TXN0005671,0
TXN0004397,0
TXN0051749,0
TXN0052183,0
TXN0022039,0
TXN0004069,0
TXN0000451,0
TXN0000483,0
TXN0022188,0
TXN0032918,0
TXN0011931,0
TXN0020856,0
TXN0028117,0
TXN0016278,0
TXN0020994,0
TXN0029225,0
TXN0052215,0
TXN0047729,0
TXN0049777,0
TXN0034712,0
TXN0001747,0
TXN0037223,0
TXN0046245,0
TXN0000487,0
TXN0035635,0
TXN0039059,0
TXN0030277,0
TXN0031660,0
TXN0057141,0
TXN0013060,0
TXN0054477,0
TXN0035900,0
TXN0005444,0
TXN0001042,0
TXN0042868,0
TXN0051863,0
TXN0059756,0
TXN0024639,0
TXN0009119,0
TXN0055638,0
TXN0006619,0
TXN0036026,0
TXN0046746,0
TXN0056336,0
TXN0014093,0
TXN0019335,0
TXN0018947,0
TXN0014613,0
TXN0049988,0
TXN0051295,0
TXN0049908,0
TXN0010228,0
TXN0022762,0
TXN0010096,0
TXN0019594,0
TXN0050912,0
TXN0017574,0
TXN0031469,0
TXN0031305,0
TXN0009214,0
TXN0021272,0
TXN0057719,0
TXN0000563,0
TXN0013551,0
TXN0053139,0
TXN0020250,0
TXN0000299,0
TXN0050243,0
TXN0002209,0
TXN0040075,0
TXN0003166,0
TXN0032729,0
TXN0047442,0
TXN0058896,0
TXN0015395,0
TXN0010623,0
TXN0011414,0
TXN0013724,0
TXN0016735,0
TXN0013974,0
TXN0009489,0
TXN0023737,0
TXN0026228,0
TXN0047839,0
TXN0038393,0
TXN0029563,0
TXN0017984,0
TXN0029826,0
TXN0043462,0
TXN0047812,0
TXN0048428,0
TXN0055933,0
TXN0057798,0
TXN0027853,0
TXN0006713,0
TXN0023270,0
TXN0014890,0
TXN0038204,0
TXN0003475,0
TXNS01100,1
TXN0006280,0
TXN0005953,0
TXN0026596,0
TXN0036578,0
TXN0026407,0
TXN0006101,0
TXN0020163,0
TXN0013164,0
TXN0011973,0
TXN0053716,0
TXN0016867,0
TXN0030298,0
TXN0029622,0
TXN0001380,0
TXN0057174,0
TXN0018665,0
TXN0052243,0
TXN0006087,0
TXN0039140,0
TXN0037115,0
TXN0011792,0
TXN0026885,0
TXN0028724,0
TXN0046695,0
TXN0025663,0
TXN0048824,0
TXN0052234,0
TXN0028530,0
TXN0047670,0
TXN0028781,0
TXN0058887,0
TXN0038481,0
TXN0030040,0
TXN0044082,0
TXN0029142,0
TXN0033394,0
TXN0019399,0
TXN0031518,0
TXN0049389,0
TXN0024168,0
TXN0035873,0
TXN0040876,0
TXN0052725,0
TXN0010039,0
TXN0053482,0
TXN0021533,0
TXN0025736,0
TXN0029472,0
TXN0042394,0
TXN0031956,0
TXN0002394,0
TXN0036767,0
TXN0023740,0
TXN0021716,0
TXN0022272,0
TXN0055227,0
TXN0046065,0
TXN0000607,0
TXN0005420,0
TXN0020353,0
TXN0041715,0
TXN0010898,0
TXN0030902,0
TXN0052168,0
TXN0047991,0
TXN0029470,0
TXN0017060,0
TXN0058630,0
TXN0027373,0
TXN0003821,0
TXN0008456,0
TXN0004195,0
TXN0020639,0
TXN0021882,0
TXN0040145,0
TXN0048426,0
TXN0025618,0
TXN0037559,0
TXN0036873,0
TXN0010809,0
TXN0007997,0
TXN0051635,0
TXN0056298,0
TXN0033928,0
TXN0007429,0
TXN0012106,0
TXN0049001,0
TXN0039773,0
TXN0048728,0
TXN0011358,0
TXN0050606,0
TXN0032459,0
TXN0014869,0
TXN0013583,0
TXN0046241,0
TXN0042927,0
TXN0049837,0
TXN0042045,0
TXN0026203,0
TXN0019958,0
TXN0012014,0
TXN0033940,0
TXN0051968,0
TXN0017139,0
TXN0026768,0
TXN0010726,0
TXN0014171,0
TXN0055939,0
TXN0041545,0
TXN0027111,0
TXN0004718,0
TXN0007700,0
TXN0038484,0
TXN0001309,0
TXN0047072,0
TXN0036830,0
TXN0046989,0
TXN0007912,0
TXN0002397,0
TXN0044603,0
TXN0048135,0
TXN0014783,0
TXN0003050,0
TXN0054700,0
TXN0033472,0
TXN0008715,0
TXN0048524,0
TXN0044845,0
TXN0000506,0
TXN0031614,0
TXN0051489,0
TXN0010788,0
TXN0002136,0
TXN0003958,0
TXN0031255,0
TXN0050764,0
TXN0019905,0
TXN0043674,0
TXN0009098,0
TXN0049120,0
TXN0035888,0
TXN0034161,0
TXN0004755,0
TXN0052416,0
TXN0011379,0
TXN0004365,0
TXN0039358,0
TXN0020136,0
TXN0015576,0
TXN0054299,0
TXN0056722,0
TXN0051423,0
TXN0006170,0
TXN0050535,0
TXN0033624,0
TXN0010513,0
TXN0041650,0
TXN0051563,0
TXN0015300,0
TXN0025180,0
TXN0010509,0
TXN0036162,0
TXN0021198,0
TXN0023074,0
TXN0023159,0
TXN0054699,0
TXN0045144,0
TXN0002986,0
TXN0034250,0
TXN0038594,0
TXN0006627,0
TXN0051346,0
TXN0017213,0
TXN0046396,0
TXN0036352,0
TXN0003710,0
TXN0051075,0
TXN0029567,0
TXN0016902,0
TXN0056332,0
TXN0014742,0
TXN0046291,0
TXN0030185,0
TXN0059119,0
TXN0003960,0
TXN0058761,0
TXN0055462,0
TXN0033401,0
TXN0023937,0
TXN0037142,0
TXN0058577,0
TXN0053087,0
TXN0041252,0
TXN0048608,0
TXN0023432,0
TXN0040680,0
TXN0008281,0
TXN0051559,0
TXN0047122,0
TXN0021693,0
TXN0034357,0
TXN0038586,0
TXN0039652,0
TXN0012978,0
TXN0043829,0
TXN0047746,0
TXN0018468,0
TXN0057864,0
TXN0001399,0
TXN0046329,0
TXN0006616,0
TXN0048618,0
TXN0009075,0
TXN0036646,0
TXN0006709,0
TXN0009307,0
TXN0025115,0
TXN0039821,0
TXN0052561,0
TXN0056502,0
TXN0007060,0
TXN0022053,0
TXN0002430,0
TXN0039124,0
TXN0015348,0
TXN0046533,0
TXN0034789,0
TXN0013756,0
TXN0032659,0
TXN0047142,0
TXN0048678,0
TXN0038273,0
TXN0054113,0
TXN0054800,0
TXN0038801,0
TXN0013113,0
TXN0041171,0
TXN0004440,0
TXN0010443,0
TXN0040629,0
TXN0021443,0
TXN0017975,0
TXN0058014,0
TXN0052572,0
TXN0026634,0
TXN0024959,0
TXN0010201,0
TXN0059037,0
TXN0018578,0
TXN0018717,0
TXN0056826,0
TXN0025929,0
TXN0012694,0
TXN0033253,0
TXN0032485,0
TXN0016884,0
TXNS01120,1
TXN0057576,0
TXN0033118,0
TXN0010056,0
TXN0046130,0
TXN0032387,0
TXN0021525,0
TXN0051643,0
TXN0007819,0
TXN0011287,0
TXN0029803,0
TXN0029219,0
TXN0035311,0
TXN0047798,0
TXN0053416,0
TXN0037750,0
TXN0023809,0
TXN0003266,0
TXN0027492,0
TXN0039819,0
TXN0016827,0
TXN0037176,0
TXN0041933,0
TXN0042561,0
TXN0008505,0
TXN0036909,0
TXN0018966,0
TXN0056423,0
TXN0052241,0
TXN0044573,0
TXN0051698,0
TXN0045908,0
TXN0000683,0
TXN0031081,0
TXN0059318,0
TXN0059610,0
TXN0031393,0
TXN0056697,0
TXN0044704,0
TXN0041764,0
TXN0028170,0
TXN0045007,0
TXN0046768,0
TXN0053774,0
TXN0052202,0
TXN0058823,0
TXN0021262,0
TXN0016240,0
TXN0036485,0
TXN0002018,0
TXN0048216,0
TXN0011391,0
TXN0025286,0
TXN0007042,0
TXN0024011,0
TXN0023013,0
TXN0040737,0
TXN0032866,0
TXN0009362,0
TXN0053485,0
TXN0019917,0
TXN0016410,0
TXN0050675,0
TXN0013088,0
TXN0008233,0
TXN0039750,0
TXN0014583,0
TXN0042632,0
TXN0042219,0
TXN0046170,0
TXN0026054,0
TXN0036066,0
TXN0031428,0
TXN0011229,0
TXN0011822,0
TXN0023423,0
TXN0030683,0
TXN0016784,0
TXN0011718,0
TXN0051570,0
TXN0009900,0
TXN0012244,0
TXN0052905,0
TXN0024396,0
TXN0013815,0
TXN0009513,0
TXN0013736,0
TXN0044601,0
TXN0022105,0
TXN0044502,0
TXN0021633,0
TXN0016716,0
TXN0035472,0
TXN0000531,0
TXN0048486,0
TXN0031108,0
TXN0045889,0
TXN0031765,0
TXN0023681,0
TXN0046855,0
TXN0009642,0
TXN0052600,0
TXN0019102,0
TXN0056838,0
TXN0027061,0
TXN0013953,0
TXN0024066,0
TXN0023598,0
TXN0031590,0
TXN0015370,0
TXN0034434,0
TXN0034100,0
TXN0053322,0
TXN0015902,0
TXN0050425,0
TXN0022254,0
TXN0040948,0
TXN0052460,0
TXN0013961,0
TXN0027436,0
TXN0003498,0
TXN0038807,0
TXN0032754,0
TXN0017292,0
TXN0050530,0
TXN0044788,0
TXN0037143,0
TXN0046508,0
TXN0017440,0
TXN0051308,0
TXN0026606,0
TXN0015788,0
TXN0033685,0
TXN0034428,0
TXN0027101,0
TXN0047758,0
TXN0049843,0
TXN0043071,0
TXN0006377,0
TXN0030909,0
TXN0031313,0
TXN0057389,0
TXN0017236,0
TXN0029333,0
TXN0004490,0
TXN0038544,0
TXN0003978,0
TXN0011051,0
TXN0052751,0
TXN0040962,0
TXN0032752,0
TXN0009938,0
TXN0041942,0
TXN0010786,0
TXN0038005,0
TXN0043208,0
TXN0036123,0
TXN0047467,0
TXN0021985,0
TXN0041897,0
TXN0032613,0
TXN0022761,0
TXN0042724,0
TXN0007113,0
TXN0009809,0
TXN0007663,0
TXN0048262,0
TXN0035782,0
TXN0034116,0
TXN0039635,0
TXN0042839,0
TXN0034034,0
TXN0044709,0
TXN0011216,0
TXN0003911,0
TXN0002803,0
TXN0051519,0
TXN0025270,0
TXN0020838,0
TXN0037050,0
TXN0036949,0
TXN0047172,0
TXN0014659,0
TXN0041934,0
TXN0026037,0
TXN0054889,0
TXN0018904,0
TXN0047710,0
TXN0053270,0
TXN0050484,0
TXN0044465,0
TXN0030089,0
TXN0002120,0
TXN0049516,0
TXN0052512,0
TXN0031772,0
TXN0004024,0
TXN0039731,0
TXN0050310,0
TXN0051087,0
TXN0012762,0
TXN0038415,0
TXN0013916,0
TXN0046573,0
TXN0027748,0
TXN0024227,0
TXN0006286,0
TXN0024196,0
TXN0023189,0
TXN0047927,0
TXN0040381,0
TXN0054188,0
TXN0030510,0
TXN0024744,0
TXN0020819,0
TXN0043035,0
TXN0013354,0
TXN0004871,0
TXN0017431,0
TXN0035917,0
TXN0035734,0
TXN0017847,0
TXN0022798,0
TXN0024051,0
TXN0025084,0
TXN0028787,0
TXN0021085,0
TXN0018973,0
TXN0052152,0
TXN0012669,0
TXN0007690,0
TXN0020871,0
TXN0020068,0
TXN0038461,0
TXN0013594,0
TXN0042812,0
TXN0041403,0
TXN0047298,0
TXN0018712,0
TXN0030179,0
TXN0029182,0
TXN0056631,0
TXN0002173,0
TXN0019993,0
TXN0030017,0
TXN0019411,0
TXN0042376,0
TXN0055331,0
TXN0025369,0
TXN0040368,0
TXN0006257,0
TXN0010070,0
TXN0055871,0
TXN0045586,0
TXN0011793,0
TXN0041707,0
TXN0031756,0
TXN0034495,0
TXN0045621,0
TXN0029842,0
TXN0028224,0
TXN0018873,0
TXN0030894,0
TXN0009250,0
TXN0012022,0
TXN0039528,0
TXN0027653,0
TXN0027483,0
TXN0022363,0
TXN0030291,0
TXN0002819,0
TXN0028385,0
TXN0035264,0
TXN0058362,0
TXN0029955,0
TXN0038605,0
TXN0040428,0
TXN0004105,0
TXN0018262,0
TXN0054960,0
TXN0013967,0
TXN0014876,0
TXN0025101,0
TXN0023905,0
TXN0013735,0
TXN0013390,0
TXN0058903,0
TXN0038512,0
TXN0001302,0
TXN0030918,0
TXN0051753,0
TXN0004964,0
TXN0016736,0
TXN0006637,0
TXN0037028,0
TXN0014360,0
TXN0044250,0
TXN0031180,0
TXN0039456,0
TXN0018531,0
TXN0049682,0
TXN0034977,0
TXN0002006,0
TXN0055720,0
TXN0008603,0
TXN0016770,0
TXN0023812,0
TXN0039076,0
TXN0056396,0
TXN0055598,0
TXN0040384,0
TXN0042509,0
TXN0048962,0
TXN0055698,0
TXN0058140,0
TXN0006844,0
TXN0054373,0
TXN0043811,0
TXN0056746,0
TXN0002447,0
TXN0019687,0
TXN0031268,0
TXN0005871,0
TXN0058300,0
TXN0028749,0
TXN0012113,0
TXN0003995,0
TXN0027447,0
TXN0001198,0
TXN0003473,0
TXN0007695,0
TXN0009138,0
TXN0036838,0
TXN0034289,0
TXN0016894,0
TXN0000583,0
TXN0045378,0
TXN0007731,0
TXN0028612,0
TXN0004808,0
TXN0040692,0
TXN0036795,0
TXN0041892,0
TXN0017660,0
TXN0029406,0
TXN0003667,0
TXN0045483,0
TXN0004442,0
TXN0006905,0
TXN0032301,0
TXN0015491,0
TXN0033832,0
TXN0024148,0
TXN0017414,0
TXN0034271,0
TXN0007315,0
TXN0034439,0
TXN0000872,0
TXN0053892,0
TXN0051099,0
TXN0045907,0
TXN0046991,0
TXN0042636,0
TXN0028622,0
TXN0023712,0
TXN0011263,0
TXN0013741,0
TXN0032260,0
TXN0019137,0
TXN0006453,0
TXN0009644,0
TXN0006208,0
TXN0057917,0
TXN0053573,0
TXN0003213,0
TXN0028821,0
TXN0055670,0
TXN0031247,0
TXN0024018,0
TXN0059416,0
TXN0043643,0
TXN0028507,0
TXN0004993,0
TXN0005736,0
TXN0027922,0
TXN0045768,0
TXN0051349,0
TXN0010620,0
TXN0054035,0
TXN0024101,0
TXN0045498,0
TXN0043432,0
TXN0027878,0
TXN0020647,0
TXN0035149,0
TXN0044120,0
TXN0036134,0
TXN0028585,0
TXN0058178,0
TXN0059273,0
TXN0041518,0
TXN0044161,0
TXN0010429,0
TXN0042104,0
TXN0001874,0
TXN0020894,0
TXN0024897,0
TXN0014416,0
TXN0008653,0
TXN0027857,0
TXN0053769,0
TXN0007644,0
TXN0049977,0
TXN0044027,0
TXN0056109,0
TXN0054042,0
TXN0049254,0
TXN0031662,0
TXN0000650,0
TXN0033408,0
TXN0014038,0
TXN0047225,0
TXN0052588,0
TXN0025015,0
TXN0007740,0
TXN0055889,0
TXN0037503,0
TXN0058536,0
TXN0023935,0
TXN0012562,0
TXN0052534,0
TXN0046771,0
TXN0046052,0
TXN0021948,0
TXN0003207,0
TXN0043584,0
TXN0049559,0
TXN0000234,0
TXN0049868,0
TXN0014480,0
TXN0055187,0
TXN0032218,0
TXN0007000,0
TXN0013589,0
TXN0038126,0
TXN0017055,0
TXN0035314,0
TXN0033975,0
TXN0000044,0
TXN0011651,0
TXN0000257,0
TXN0039670,0
TXN0049869,0
TXN0003045,0
TXN0047167,0
TXN0027531,0
TXN0052823,0
TXN0011994,0
TXN0053928,0
TXN0032710,0
TXN0045946,0
TXN0045220,0
TXN0030100,0
TXN0034320,0
TXN0046381,0
TXN0023514,0
TXN0044726,0
TXN0041736,0
TXN0001939,0
TXN0004236,0
TXN0003920,0
TXN0007255,0
TXN0054874,0
TXN0002468,0
TXN0039557,0
TXN0059979,0
TXN0045793,0
TXN0006531,0
TXN0023075,0
TXN0017741,0
TXN0002184,0
TXN0046727,0
TXN0004223,0
TXN0050007,0
TXN0029683,0
TXN0052792,0
TXN0019294,0
TXN0032722,0
TXN0014315,0
TXN0036883,0
TXN0057800,0
TXN0025808,0
TXN0047129,0
TXN0053148,0
TXN0017067,0
TXN0056228,0
TXN0027948,0
TXN0038993,0
TXN0019407,0
TXN0055679,0
TXN0050495,0
TXN0007472,0
TXN0057565,0
TXN0015476,0
TXN0046385,0
TXN0045766,0
TXN0005094,0
TXN0034604,0
TXN0038637,0
TXN0013915,0
TXN0015986,0
TXN0033981,0
TXN0014307,0
TXN0047590,0
TXN0029828,0
TXN0010631,0
TXN0003620,0
TXN0054811,0
TXN0027161,0
TXN0012706,0
TXN0040286,0
TXN0035382,0
TXN0008148,0
TXN0053083,0
TXN0031621,0
TXN0040354,0
TXN0058754,0
TXN0031038,0
TXN0050471,0
TXN0052863,0
TXN0018636,0
TXN0039249,0
TXN0030604,0
TXN0000522,0
TXN0059908,0
TXN0019628,0
TXN0051598,0
TXN0019640,0
TXN0051856,0
TXN0058415,0
TXN0025824,0
TXN0009946,0
TXN0036385,0
TXN0032704,0
TXN0023780,0
TXN0044913,0
TXN0025056,0
TXN0035563,0
TXN0059666,0
TXN0055199,0
TXN0013199,0
TXN0010305,0
TXN0056568,0
TXN0022932,0
TXN0059377,0
TXN0043078,0
TXN0012099,0
TXN0030060,0
TXN0009139,0
TXN0030072,0
TXN0034611,0
TXN0024559,0
TXN0054282,0
TXN0016815,0
TXN0041690,0
TXN0041987,0
TXN0057089,0
TXN0004037,0
TXN0014099,0
TXN0055027,0
TXN0052514,0
TXN0009775,0
TXN0053729,0
TXN0021093,0
TXN0021293,0
TXN0038823,0
TXN0033345,0
TXN0042427,0
TXN0049836,0
TXN0017195,0
TXN0058611,0
TXN0059186,0
TXN0014105,0
TXN0016362,0
TXN0041623,0
TXN0036637,0
TXN0023536,0
TXN0025302,0
TXN0032519,0
TXN0037250,0
TXN0016602,0
TXN0013244,0
TXN0058262,0
TXN0018084,0
TXN0026222,0
TXN0025679,0
TXN0049700,0
TXN0023427,0
TXN0001011,0
TXN0025718,0
TXN0024231,0
TXN0030556,0
TXN0003026,0
TXN0046875,0
TXN0039868,0
TXN0019082,0
TXN0046721,0
TXN0042527,0
TXN0042588,0
TXN0032431,0
TXN0051288,0
TXN0013763,0
TXN0016067,0
TXN0004065,0
TXN0031626,0
TXN0004991,0
TXN0057130,0
TXN0001955,0
TXN0023425,0
TXN0007884,0
TXN0042449,0
TXN0013567,0
TXN0012095,0
TXN0044996,0
TXN0022522,0
TXN0040083,0
TXN0020242,0
TXN0017340,0
TXN0009626,0
TXN0022247,0
TXN0022466,0
TXN0003157,0
TXN0026007,0
TXN0011295,0
TXN0046281,0
TXN0008203,0
TXN0011132,0
TXN0038253,0
TXN0053791,0
TXN0058007,0
TXN0023113,0
TXN0031959,0
TXN0015126,0
TXN0020515,0
TXN0056442,0
TXN0048179,0
TXN0031537,0
TXN0001834,0
TXN0040844,0
TXN0053055,0
TXN0041617,0
TXN0020386,0
TXN0055348,0
TXN0014132,0
TXN0011828,0
TXN0032654,0
TXN0031164,0
TXN0007271,0
TXN0044175,0
TXN0006438,0
TXN0041968,0
TXN0043080,0
TXN0032674,0
TXN0022541,0
TXN0045466,0
TXN0023313,0
TXN0038852,0
TXN0044092,0
TXN0015117,0
TXN0033574,0
TXN0016908,0
TXN0047303,0
TXN0023542,0
TXN0011473,0
TXN0053109,0
TXN0035116,0
TXN0040777,0
TXN0055576,0
TXN0036057,0
TXN0042014,0
TXN0050144,0
TXN0040873,0
TXN0012273,0
TXN0003509,0
TXN0050153,0
TXN0057629,0
TXN0044559,0
TXN0018401,0
TXN0031874,0
TXN0033116,0
TXN0005096,0
TXN0002815,0
TXN0014666,0
TXN0037923,0
TXN0012785,0
TXN0002981,0
TXN0019794,0
TXN0049642,0
TXN0043814,0
TXN0028471,0
TXN0048967,0
TXN0030350,0
TXN0006672,0
TXN0008714,0
TXN0008197,0
TXN0053632,0
TXN0042346,0
TXN0040515,0
TXN0050622,0
TXN0051279,0
TXN0024462,0
TXN0036146,0
TXN0047875,0
TXN0038161,0
TXN0010227,0
TXN0001290,0
TXN0059219,0
TXN0002688,0
TXN0028337,0
TXN0054352,0
TXN0057664,0
TXN0054982,0
TXN0023868,0
TXN0037962,0
TXN0022860,0
TXN0030093,0
TXN0033854,0
TXN0011291,0
TXN0028809,0
TXN0035381,0
TXN0050077,0
TXN0051450,0
TXN0008361,0
TXN0029451,0
TXN0048387,0
TXN0056930,0
TXN0023105,0
TXN0055775,0
TXN0015498,0
TXN0012456,0
TXN0005968,0
TXN0009853,0
TXN0016722,0
TXN0004186,0
TXN0007046,0
TXN0019098,0
TXN0045166,0
TXN0052883,0
TXN0008174,0
TXN0004345,0
TXN0028849,0
TXN0015468,0
TXN0018373,0
TXN0038060,0
TXN0037296,0
TXN0026285,0
TXN0034691,0
TXN0027568,0
TXN0014225,0
TXN0031034,0
TXN0034403,0
TXN0049433,0
TXN0050625,0
TXN0009379,0
TXN0057128,0
TXN0046673,0
TXN0014176,0
TXN0045173,0
TXN0006673,0
TXN0013634,0
TXN0042638,0
TXN0023990,0
TXN0006775,0
TXN0042382,0
TXN0003518,0
TXN0032378,0
TXN0042374,0
TXN0054452,0
TXN0045507,0
TXN0054073,0
TXN0057542,0
TXN0048616,0
TXN0034811,0
TXN0014730,0
TXN0035998,0
TXN0020414,0
TXN0021875,0
TXN0049151,0
TXN0058841,0
TXN0030530,0
TXN0032229,0
TXN0043381,0
TXN0008652,0
TXN0004547,0
TXN0003677,0
TXN0040252,0
TXN0055584,0
TXN0047705,0
TXN0016010,0
TXN0050496,0
TXN0045462,0
TXN0028709,0
TXN0014075,0
TXN0039250,0
TXN0039274,0
TXN0041280,0
TXN0027163,0
TXN0003463,0
TXN0011326,0
TXN0029952,0
TXN0036604,0
TXN0028388,0
TXN0017655,0
TXN0014853,0
TXN0012549,0
TXN0042105,0
TXN0013173,0
TXN0051466,0
TXN0025506,0
TXN0049661,0
TXN0052680,0
TXN0024055,0
TXN0008121,0
TXN0019108,0
TXN0018654,0
TXN0027633,0
TXN0055100,0
TXN0023319,0
TXN0040273,0
TXN0045250,0
TXN0013430,0
TXN0001123,0
TXN0049790,0
TXN0002904,0
TXN0013086,0
TXN0055968,0
TXN0025480,0
TXN0059988,0
TXN0031809,0
TXN0050860,0
TXN0006260,0
TXN0032552,0
TXN0015645,0
TXN0047863,0
TXN0036888,0
TXN0011325,0
TXN0028192,0
TXN0004888,0
TXN0010203,0
TXN0024463,0
TXN0055126,0
TXN0022509,0
TXN0025252,0
TXN0052641,0
TXN0014386,0
TXN0045749,0
TXN0008516,0
TXN0032226,0
TXN0032380,0
TXN0050324,0
TXN0040103,0
TXN0010322,0
TXN0049166,0
TXN0035277,0
TXN0010661,0
TXN0003864,0
TXN0043411,0
TXN0037448,0
TXN0037969,0
TXN0025355,0
TXN0033334,0
TXN0054685,0
TXN0009210,0
TXN0008127,0
TXN0003079,0
TXN0054992,0
TXN0050627,0
TXN0036465,0
TXN0057843,0
TXN0034807,0
TXN0044389,0
TXN0059724,0
TXN0011506,0
TXN0051093,0
TXN0011581,0
TXN0036012,0
TXN0035118,0
TXN0025631,0
TXN0048927,0
TXN0010722,0
TXN0048213,0
TXN0032382,0
TXN0042627,0
TXN0052946,0
TXN0006830,0
TXN0012281,0
TXN0005334,0
TXN0031745,0
TXN0032736,0
TXN0047300,0
TXN0037162,0
TXN0011928,0
TXN0047477,0
TXN0045366,0
TXN0008534,0
TXN0046664,0
TXN0031519,0
TXN0002214,0
TXN0025047,0
TXN0038159,0
TXN0038149,0
TXN0044759,0
TXN0032564,0
TXN0032855,0
TXN0056451,0
TXN0047610,0
TXN0047904,0
TXN0058291,0
TXN0021375,0
TXN0019606,0
TXN0010705,0
TXN0002249,0
TXN0038864,0
TXN0057703,0
TXN0049772,0
TXN0051377,0
TXN0006836,0
TXN0027841,0
TXN0008185,0
TXN0028244,0
TXN0003348,0
TXN0000701,0
TXN0010914,0
TXN0020797,0
TXN0015755,0
TXN0001075,0
TXN0033752,0
TXN0044034,0
TXN0011629,0
TXN0024696,0
TXN0013823,0
TXN0038572,0
TXN0055555,0
TXN0011693,0
TXN0032829,0
TXN0016833,0
TXN0049085,0
TXN0006534,0
TXN0014531,0
TXN0036852,0
TXN0009504,0
TXN0004978,0
TXN0049937,0
TXN0028655,0
TXN0000100,0
TXN0050401,0
TXN0051611,0
TXN0026721,0
TXN0041695,0
TXN0037989,0
TXN0023838,0
TXN0005403,0
TXN0045911,0
TXN0051513,0
TXN0019638,0
TXN0028560,0
TXN0028534,0
TXN0046283,0
TXN0023103,0
TXN0004624,0
TXN0041759,0
TXN0038820,0
TXN0042792,0
TXN0011679,0
TXN0018634,0
TXN0046019,0
TXN0038171,0
TXN0047188,0
TXN0037807,0
TXN0017428,0
TXN0049553,0
TXN0045092,0
TXN0041583,0
TXN0010868,0
TXN0048683,0
TXN0033003,0
TXN0003062,0
TXN0033287,0
TXN0030572,0
TXN0018043,0
TXN0026067,0
TXN0039333,0
TXN0053124,0
TXN0003187,0
TXN0030070,0
TXN0037955,0
TXN0031377,0
TXN0012228,0
TXN0012965,0
TXN0004294,0
TXN0003865,0
TXN0021559,0
TXN0032337,0
TXN0042629,0
TXN0051271,0
TXN0001964,0
TXN0005402,0
TXN0038128,0
TXN0010158,0
TXN0031053,0
TXN0009156,0
TXN0020341,0
TXN0023024,0
TXN0054277,0
TXN0001690,0
TXN0008862,0
TXN0051560,0
TXN0012794,0
TXN0045661,0
TXN0056391,0
TXN0011631,0
TXN0047277,0
TXN0058523,0
TXN0002063,0
TXN0016550,0
TXN0038476,0
TXN0009071,0
TXN0059392,0
TXN0038480,0
TXN0045045,0
TXN0009973,0
TXN0052033,0
TXN0012405,0
TXN0023877,0
TXN0037568,0
TXN0017953,0
TXN0024269,0
TXN0016637,0
TXN0038721,0
TXN0023115,0
TXN0037206,0
TXN0008965,0
TXN0059079,0
TXN0035360,0
TXN0049496,0
TXN0031140,0
TXN0056159,0
TXN0038199,0
TXN0031708,0
TXN0014383,0
TXN0057782,0
TXN0037928,0
TXN0041774,0
TXN0056668,0
TXN0038780,0
TXN0007929,0
TXN0002478,0
TXN0006639,0
TXN0006064,0
TXN0048011,0
TXN0018407,0
TXN0018611,0
TXN0002959,0
TXN0010154,0
TXN0003926,0
TXN0044436,0
TXN0040443,0
TXN0043456,0
TXN0059426,0
TXN0008887,0
TXN0039083,0
TXN0034685,0
TXN0008280,0
TXN0021620,0
TXN0026850,0
TXN0004902,0
TXN0018420,0
TXN0010767,0
TXN0046378,0
TXN0051209,0
TXN0052569,0
TXN0042846,0
TXN0004661,0
TXN0058403,0
TXN0033463,0
TXN0032055,0
TXN0012548,0
TXN0055995,0
TXN0039648,0
TXN0005429,0
TXN0051726,0
TXN0055773,0
TXN0006842,0
TXN0042912,0
TXN0018723,0
TXN0021340,0
TXN0043655,0
TXN0009676,0
TXN0049864,0
TXN0028143,0
TXN0014903,0
TXN0003015,0
TXN0050943,0
TXN0021278,0
TXN0030639,0
TXN0002241,0
TXN0015326,0
TXN0022234,0
TXN0039216,0
TXN0055714,0
TXN0040338,0
TXN0014151,0
TXN0050128,0
TXN0004206,0
TXN0003562,0
TXN0040029,0
TXN0026669,0
TXN0010149,0
TXN0031063,0
TXN0029385,0
TXN0006795,0
TXN0010856,0
TXN0037859,0
TXN0055596,0
TXN0040520,0
TXN0059491,0
TXN0014867,0
TXN0046001,0
TXN0004736,0
TXN0024835,0
TXN0029628,0
TXN0041064,0
TXN0014660,0
TXN0038275,0
TXN0041634,0
TXN0017505,0
TXN0041712,0
TXN0009185,0
TXN0020952,0
TXN0057450,0
TXN0038648,0
TXN0050221,0
TXN0030246,0
TXN0015009,0
TXN0046496,0
TXN0045219,0
TXN0039586,0
TXN0053110,0
TXN0052757,0
TXN0049194,0
TXN0023462,0
TXN0000529,0
TXN0033263,0
TXN0057557,0
TXN0028268,0
TXN0045404,0
TXN0034369,0
TXN0049272,0
TXN0059915,0
TXN0024870,0
TXN0016008,0
TXN0003322,0
TXN0035582,0
TXN0048848,0
TXN0057690,0
TXN0003741,0
TXN0013811,0
TXN0039732,0
TXN0000247,0
TXN0011188,0
TXN0034653,0
TXN0010004,0
TXN0013555,0
TXN0036043,0
TXN0039616,0
TXN0059708,0
TXN0043758,0
TXN0040616,0
TXN0048700,0
TXN0053192,0
TXN0047630,0
TXN0027664,0
TXN0027619,0
TXN0033991,0
TXN0026328,0
TXN0007430,0
TXN0006817,0
TXN0040389,0
TXN0055294,0
TXN0054049,0
TXN0008885,0
TXN0013761,0
TXN0011112,0
TXN0015337,0
TXN0051859,0
TXN0039474,0
TXN0032401,0
TXN0057037,0
TXN0022155,0
TXN0038818,0
TXN0006557,0
TXN0007068,0
TXN0024569,0
TXN0034719,0
TXN0011361,0
TXN0004731,0
TXN0010112,0
TXN0002479,0
TXN0003769,0
TXN0008911,0
TXN0058960,0
TXN0005979,0
TXN0033144,0
TXN0021491,0
TXN0041279,0
TXN0017843,0
TXN0012657,0
TXN0017538,0
TXN0055678,0
TXN0014970,0
TXN0052442,0
TXN0041104,0
TXN0048423,0
TXN0058057,0
TXN0026011,0
TXN0052064,0
TXN0000318,0
TXN0013952,0
TXN0013348,0
TXN0008072,0
TXN0036740,0
TXN0029859,0
TXN0028198,0
TXN0044865,0
TXN0046557,0
TXN0027535,0
TXN0047853,0
TXN0044351,0
TXN0000288,0
TXN0003492,0
TXN0010185,0
TXN0017405,0
TXN0000832,0
TXN0033873,0
TXN0021370,0
TXN0034680,0
TXN0020394,0
TXN0037166,0
TXN0034030,0
TXN0044939,0
TXN0007661,0
TXN0051286,0
TXN0039392,0
TXN0057830,0
TXN0053495,0
TXN0016975,0
TXN0038371,0
TXN0057031,0
TXN0021884,0
TXN0025049,0
TXN0043349,0
TXN0024774,0
TXN0035469,0
TXN0022939,0
TXNS00812,1
TXN0039209,0
TXN0041224,0
TXN0025278,0
TXN0032270,0
TXN0021664,0
TXN0052114,0
TXN0024919,0
TXN0043762,0
TXN0005699,0
TXN0049432,0
TXN0020533,0
TXN0004840,0
TXN0033279,0
TXN0035482,0
TXN0051743,0
TXN0017460,0
TXN0020100,0
TXN0054182,0
TXN0044438,0
TXN0039024,0
TXN0000008,0
TXN0001365,0
TXN0059295,0
TXN0009537,0
TXN0037681,0
TXN0000202,0
TXN0013692,0
TXN0056634,0
TXN0044684,0
TXN0047453,0
TXN0003522,0
TXN0009799,0
TXN0051464,0
TXN0007261,0
TXN0046671,0
TXN0010288,0
TXN0005044,0
TXN0013369,0
TXN0004742,0
TXN0013357,0
TXN0035325,0
TXN0007992,0
TXN0013950,0
TXN0052573,0
TXN0000715,0
TXN0005383,0
TXN0008553,0
TXN0009607,0
TXN0023855,0
TXN0018898,0
TXN0048374,0
TXN0021928,0
TXN0040022,0
TXN0008255,0
TXN0040215,0
TXN0019651,0
TXN0010038,0
TXN0046700,0
TXN0058683,0
TXN0016236,0
TXN0045673,0
TXN0041049,0
TXN0013319,0
TXN0021938,0
TXN0015920,0
TXN0049555,0
TXN0048058,0
TXN0056582,0
TXN0046273,0
TXN0025837,0
TXN0050909,0
TXN0037303,0
TXN0054759,0
TXN0034123,0
TXN0001857,0
TXN0008323,0
TXN0029681,0
TXN0013766,0
TXN0024246,0
TXN0038723,0
TXN0019862,0
TXN0025308,0
TXN0032456,0
TXN0056837,0
TXN0004987,0
TXN0055828,0
TXN0001420,0
TXNS00500,1
TXN0022524,0
TXN0023553,0
TXN0056119,0
TXN0032187,0
TXN0036946,0
TXN0045682,0
TXN0034863,0
TXN0052472,0
TXN0009629,0
TXN0032208,0
TXN0053767,0
TXN0022404,0
TXN0023910,0
TXN0052203,0
TXN0029469,0
TXN0043216,0
TXN0004424,0
TXN0015560,0
TXN0016583,0
TXN0004560,0
TXN0018764,0
TXN0021294,0
TXN0017822,0
TXN0035231,0
TXN0056337,0
TXN0045387,0
TXN0034453,0
TXN0015238,0
TXN0030146,0
TXN0012105,0
TXN0050266,0
TXN0014975,0
TXN0024681,0
TXN0040220,0
TXN0004228,0
TXN0016791,0
TXN0053142,0
TXN0056999,0
TXN0034687,0
TXN0030221,0
TXN0047211,0
TXN0037990,0
TXN0037414,0
TXN0053240,0
TXN0017798,0
TXN0028065,0
TXN0012166,0
TXN0056081,0
TXN0008992,0
TXN0039340,0
TXN0027145,0
TXN0002634,0
TXN0004022,0
TXN0015756,0
TXN0021530,0
TXN0046644,0
TXN0001050,0
TXN0051469,0
TXN0051016,0
TXN0046583,0
TXN0038453,0
TXN0026088,0
TXN0014684,0
TXN0016942,0
TXN0013333,0
TXN0031002,0
TXN0053975,0
TXN0022830,0
TXN0019448,0
TXN0000544,0
TXN0050788,0
TXN0001887,0
TXN0043865,0
TXN0027141,0
TXN0039318,0
TXN0047244,0
TXN0025839,0
TXN0049526,0
TXN0039376,0
TXN0009502,0
TXN0044046,0
TXN0013135,0
TXN0002477,0
TXN0044529,0
TXN0008338,0
TXN0004821,0
TXN0047083,0
TXN0009080,0
TXN0032420,0
TXN0046863,0
TXN0058752,0
TXN0019024,0
TXN0004115,0
TXN0031576,0
TXN0006051,0
TXN0025158,0
TXN0035238,0
TXN0012142,0
TXN0011774,0
TXN0019784,0
TXN0018050,0
TXN0008086,0
TXN0043389,0
TXN0035833,0
TXN0049537,0
TXN0032571,0
TXN0043987,0
TXN0027100,0
TXN0034352,0
TXN0059208,0
TXN0026859,0
TXN0040662,0
TXN0032390,0
TXN0005210,0
TXN0017751,0
TXN0032253,0
TXN0013616,0
TXN0033355,0
TXN0051076,0
TXN0012077,0
TXN0036275,0
TXN0044403,0
TXN0013158,0
TXN0022166,0
TXN0025724,0
TXN0009507,0
TXN0056434,0
TXN0056868,0
TXN0029633,0
TXN0025935,0
TXN0018206,0
TXN0016587,0
TXN0019297,0
TXN0033568,0
TXN0053695,0
TXN0049330,0
TXN0005720,0
TXN0010373,0
TXN0035880,0
TXN0024732,0
TXN0010328,0
TXN0034793,0
TXN0031948,0
TXN0025704,0
TXN0029519,0
TXN0039383,0
TXN0055925,0
TXN0058529,0
TXN0028443,0
TXN0056462,0
TXN0000284,0
TXN0027039,0
TXN0035858,0
TXN0038125,0
TXN0047418,0
TXN0047582,0
TXN0007590,0
TXN0019318,0
TXN0038779,0
TXN0022900,0
TXN0021571,0
TXN0039518,0
TXN0045828,0
TXN0012195,0
TXN0019425,0
TXN0022732,0
TXN0036647,0
TXN0053817,0
TXN0040932,0
TXN0010645,0
TXN0023422,0
TXN0059617,0
TXN0058448,0
TXN0056312,0
TXN0011030,0
TXN0029572,0
TXN0052362,0
TXN0056058,0
TXN0055441,0
TXN0020563,0
TXN0038508,0
TXN0007085,0
TXN0003413,0
TXN0005456,0
TXN0057961,0
TXN0013482,0
TXN0040841,0
TXN0046889,0
TXN0003532,0
TXN0040554,0
TXN0050469,0
TXN0037771,0
TXN0030000,0
TXN0052481,0
TXN0035784,0
TXN0037082,0
TXN0032998,0
TXN0059876,0
TXN0052232,0
TXN0047909,0
TXN0013607,0
TXN0058817,0
TXN0034071,0
TXN0053451,0
TXN0035981,0
TXN0031146,0
TXN0025072,0
TXN0039172,0
TXN0018749,0
TXN0045562,0
TXN0059267,0
TXN0059347,0
TXN0015475,0
TXN0056702,0
TXN0042091,0
TXN0038471,0
TXN0049801,0
TXN0043471,0
TXN0014897,0
TXN0022585,0
TXN0033135,0
TXN0020122,0
TXN0035815,0
TXN0038794,0
TXN0057199,0
TXN0008319,0
TXN0048306,0
TXN0018186,0
TXN0001862,0
TXN0054170,0
TXN0049231,0
TXN0033224,0
TXN0021694,0
TXN0059145,0
TXN0053657,0
TXN0026012,0
TXN0042277,0
TXN0038202,0
TXN0018189,0
TXN0031871,0
TXN0031189,0
TXN0052275,0
TXN0040749,0
TXN0013137,0
TXN0029044,0
TXN0031902,0
TXN0029543,0
TXN0040938,0
TXN0015834,0
TXN0013339,0
TXN0018085,0
TXN0002700,0
TXN0049041,0
TXN0039185,0
TXN0051275,0
TXN0032059,0
TXN0009112,0
TXN0003695,0
TXN0032693,0
TXN0040627,0
TXN0003963,0
TXN0033067,0
TXN0037549,0
TXN0007587,0
TXN0031339,0
TXN0007124,0
TXN0035616,0
TXN0057136,0
TXN0001228,0
TXN0035313,0
TXN0023643,0
TXN0050269,0
TXN0044316,0
TXN0010739,0
TXN0000964,0
TXN0013913,0
TXN0030845,0
TXN0022129,0
TXN0007839,0
TXN0038424,0
TXN0001581,0
TXN0032846,0
TXN0033859,0
TXN0031696,0
TXN0010953,0
TXN0002566,0
TXN0022586,0
TXN0014272,0
TXN0020303,0
TXN0035261,0
TXN0056529,0
TXN0029070,0
TXN0002183,0
TXN0051606,0
TXN0056314,0
TXN0006886,0
TXN0009570,0
TXN0045369,0
TXN0016763,0
TXN0059513,0
TXN0050935,0
TXN0058334,0
TXN0021487,0
TXN0042131,0
TXN0049875,0
TXN0006635,0
TXN0015770,0
TXN0050513,0
TXN0007488,0
TXN0042785,0
TXN0021997,0
TXN0010833,0
TXN0021306,0
TXN0032988,0
TXN0054581,0
TXN0004125,0
TXN0032149,0
TXN0002788,0
TXN0028436,0
TXN0031404,0
TXN0036014,0
TXN0050337,0
TXN0048670,0
TXN0046406,0
TXN0037385,0
TXN0023268,0
TXN0018204,0
TXN0045707,0
TXN0052299,0
TXN0031712,0
TXN0048900,0
TXN0042113,0
TXN0056563,0
TXN0041275,0
TXN0032691,0
TXN0052433,0
TXN0014415,0
TXN0037033,0
TXN0023363,0
TXN0036585,0
TXN0011423,0
TXN0051126,0
TXN0031979,0
TXN0009933,0
TXN0050330,0
TXN0059368,0
TXN0048171,0
TXN0035704,0
TXN0050325,0
TXN0002583,0
TXN0032794,0
TXN0025617,0
TXN0012951,0
TXN0018113,0
TXN0003971,0
TXN0002559,0
TXN0006180,0
TXN0020826,0
TXN0034472,0
TXN0051719,0
TXN0046649,0
TXN0002684,0
TXN0024172,0
TXN0059234,0
TXN0038845,0
TXN0043864,0
TXN0029730,0
TXN0012410,0
TXN0035970,0
TXN0013218,0
TXN0038343,0
TXN0054112,0
TXN0009456,0
TXN0054720,0
TXN0033101,0
TXN0027943,0
TXN0041144,0
TXN0024324,0
TXN0031102,0
TXN0009509,0
TXN0047231,0
TXN0024751,0
TXN0058132,0
TXN0014638,0
TXN0044978,0
TXN0056164,0
TXN0026823,0
TXN0041658,0
TXN0048661,0
TXN0044868,0
TXN0048205,0
TXN0033014,0
TXN0010687,0
TXN0026507,0
TXN0022474,0
TXN0037350,0
TXN0012891,0
TXN0005521,0
TXN0029157,0
TXN0005973,0
TXN0045258,0
TXN0022623,0
TXN0038849,0
TXN0039145,0
TXN0022887,0
TXN0007426,0
TXN0002976,0
TXN0024043,0
TXN0012842,0
TXN0057104,0
TXN0032206,0
TXN0027982,0
TXN0021310,0
TXN0054242,0
TXN0037954,0
TXN0045262,0
TXN0013271,0
TXN0049740,0
TXN0046414,0
TXN0011233,0
TXN0035316,0
TXN0040242,0
TXN0012268,0
TXN0032078,0
TXN0047507,0
TXN0029833,0
TXN0036597,0
TXN0024150,0
TXN0031477,0
TXN0001642,0
TXN0003686,0
TXN0000291,0
TXN0037163,0
TXN0031986,0
TXN0016415,0
TXN0026395,0
TXN0052464,0
TXN0057151,0
TXN0054887,0
TXN0026561,0
TXN0005778,0
TXN0015237,0
TXN0044345,0
TXN0051713,0
TXN0025899,0
TXN0020687,0
TXN0013292,0
TXN0022711,0
TXN0036111,0
TXN0011932,0
TXN0022262,0
TXN0042666,0
TXN0044453,0
TXN0059887,0
TXN0034309,0
TXN0056672,0
TXN0043505,0
TXN0054797,0
TXN0030571,0
TXN0049753,0
TXN0048827,0
TXN0041739,0
TXN0009906,0
TXN0031474,0
TXN0059111,0
TXN0040487,0
TXN0012170,0
TXN0056045,0
TXN0005605,0
TXN0053077,0
TXN0004739,0
TXN0004286,0
TXN0022584,0
TXN0055235,0
TXN0016088,0
TXN0056123,0
TXN0031612,0
TXN0042467,0
TXN0044776,0
TXN0037915,0
TXN0026941,0
TXN0031974,0
TXN0030139,0
TXN0007202,0
TXN0041215,0
TXN0055446,0
TXN0021086,0
TXN0021878,0
TXN0037188,0
TXN0018408,0
TXN0036872,0
TXN0041332,0
TXN0026965,0
TXN0012209,0
TXN0033920,0
TXN0038825,0
TXN0045685,0
TXN0032956,0
TXN0014893,0
TXN0054833,0
TXN0040346,0
TXN0006609,0
TXN0050298,0
TXN0051953,0
TXN0000571,0
TXN0039676,0
TXN0020846,0
TXN0059158,0
TXN0046461,0
TXN0016615,0
TXN0050050,0
TXN0048226,0
TXN0009514,0
TXN0051725,0
TXN0012583,0
TXN0017365,0
TXN0049795,0
TXN0019039,0
TXN0048614,0
TXN0040595,0
TXN0025030,0
TXN0041067,0
TXN0028387,0
TXN0024498,0
TXN0055539,0
TXN0059596,0
TXN0020362,0
TXN0030144,0
TXN0000809,0
TXN0000714,0
TXN0020247,0
TXN0012295,0
TXN0035513,0
TXN0023124,0
TXN0052524,0
TXN0012530,0
TXN0023612,0
TXN0039861,0
TXN0019152,0
TXN0035980,0
TXN0005164,0
TXN0002221,0
TXN0006538,0
TXN0058209,0
TXN0055052,0
TXN0058744,0
TXN0038092,0
TXN0042538,0
TXN0058800,0
TXN0037610,0
TXN0021936,0
TXN0052637,0
TXN0052236,0
TXN0027762,0
TXN0011891,0
TXN0035119,0
TXN0059083,0
TXN0019417,0
TXN0056360,0
TXN0037581,0
TXN0005589,0
TXN0055276,0
TXN0006632,0
TXN0010933,0
TXN0059622,0
TXN0025985,0
TXN0025508,0
TXN0041754,0
TXN0033162,0
TXN0024806,0
TXN0038282,0
TXN0028727,0
TXN0003101,0
TXN0021901,0
TXN0019146,0
TXN0035715,0
TXN0021481,0
TXN0041573,0
TXN0057748,0
TXN0032892,0
TXN0043093,0
TXN0059446,0
TXN0026769,0
TXN0053720,0
TXN0005725,0
TXN0050526,0
TXN0002704,0
TXN0042027,0
TXN0030785,0
TXN0034013,0
TXN0031051,0
TXN0024480,0
TXN0014535,0
TXN0034509,0
TXN0056718,0
TXN0001705,0
TXN0057985,0
TXN0027506,0
TXN0021780,0
TXN0057078,0
TXN0005678,0
TXN0037047,0
TXN0007322,0
TXN0034334,0
TXN0009212,0
TXN0015693,0
TXN0018026,0
TXN0043812,0
TXN0056648,0
TXN0030589,0
TXN0047289,0
TXN0027792,0
TXN0037421,0
TXN0022405,0
TXN0056554,0
TXN0022844,0
TXN0018308,0
TXN0045234,0
TXN0051674,0
TXN0041186,0
TXN0050974,0
TXN0032716,0
TXN0034498,0
TXN0042529,0
TXN0043502,0
TXN0040881,0
TXN0040101,0
TXN0028334,0
TXN0051038,0
TXN0014251,0
TXN0006120,0
TXN0014003,0
TXN0018290,0
TXN0014833,0
TXN0034637,0
TXN0016683,0
TXN0026921,0
TXN0009904,0
TXN0002500,0
TXN0004509,0
TXN0047862,0
TXN0049278,0
TXN0054286,0
TXN0003668,0
TXN0024019,0
TXN0043933,0
TXN0013790,0
TXN0005985,0
TXN0029060,0
TXN0034174,0
TXN0034061,0
TXN0052530,0
TXN0006517,0
TXN0051452,0
TXN0057686,0
TXN0037183,0
TXN0055723,0
TXN0026545,0
TXN0014525,0
TXN0008696,0
TXN0013981,0
TXN0058349,0
TXN0030130,0
TXN0054434,0
TXN0033520,0
TXN0035226,0
TXN0043136,0
TXN0051943,0
TXN0030397,0
TXN0057398,0
TXN0009926,0
TXN0059312,0
TXN0056395,0
TXN0009805,0
TXN0036246,0
TXN0007286,0
TXN0056415,0
TXN0027428,0
TXN0026644,0
TXN0050882,0
TXN0012850,0
TXN0054563,0
TXN0055950,0
TXN0049371,0
TXN0005406,0
TXN0020379,0
TXN0016318,0
TXN0059496,0
TXN0017305,0
TXN0033749,0
TXN0030016,0
TXN0014864,0
TXN0012806,0
TXN0059069,0
TXN0027774,0
TXN0043249,0
TXN0009542,0
TXN0034821,0
TXN0007662,0
TXN0010462,0
TXN0041364,0
TXN0019776,0
TXN0014822,0
TXN0040589,0
TXN0029907,0
TXN0028898,0
TXN0022546,0
TXN0019668,0
TXN0019078,0
TXN0038385,0
TXN0003658,0
TXN0051889,0
TXN0050889,0
TXN0021117,0
TXN0014155,0
TXN0018936,0
TXN0039600,0
TXN0057070,0
TXN0013730,0
TXN0044893,0
TXN0036222,0
TXN0036061,0
TXN0002991,0
TXN0031535,0
TXN0034661,0
TXN0050029,0
TXN0014465,0
TXN0017977,0
TXN0021853,0
TXN0055493,0
TXN0054264,0
TXN0016303,0
TXN0036564,0
TXN0052610,0
TXN0054958,0
TXN0030956,0
TXN0056639,0
TXN0001947,0
TXN0030034,0
TXN0015933,0
TXN0048694,0
TXN0023810,0
TXN0013887,0
TXN0024158,0
TXN0042931,0
TXN0017670,0
TXN0017410,0
TXN0014247,0
TXN0012860,0
TXN0037060,0
TXN0042532,0
TXN0044042,0
TXN0002535,0
TXN0044817,0
TXN0055559,0
TXN0029785,0
TXN0032803,0
TXN0018114,0
TXN0013133,0
TXN0019564,0
TXN0051532,0
TXN0053698,0
TXN0059121,0
TXN0027770,0
TXN0042169,0
TXN0025573,0
TXN0037003,0
TXN0049608,0
TXN0025960,0
TXN0003152,0
TXN0045451,0
TXN0013899,0
TXN0047208,0
TXN0033208,0
TXN0041050,0
TXN0058197,0
TXN0033117,0
TXN0058112,0
TXN0041808,0
TXN0005731,0
TXN0005461,0
TXN0026970,0
TXN0004323,0
TXN0027903,0
TXN0036462,0
TXN0033969,0
TXN0041514,0
TXN0002870,0
TXN0035834,0
TXN0053777,0
TXN0022416,0
TXN0010605,0
TXN0014262,0
TXN0012756,0
TXN0000502,0
TXN0025276,0
TXN0023083,0
TXN0030396,0
TXN0022744,0
TXN0057265,0
TXN0046739,0
TXN0043062,0
TXN0034936,0
TXN0014059,0
TXN0048631,0
TXN0045198,0
TXN0038534,0
TXN0038489,0
TXN0010291,0
TXN0024501,0
TXN0046780,0
TXN0042233,0
TXN0055704,0
TXN0024844,0
TXN0022622,0
TXN0038951,0
TXN0039588,0
TXN0005723,0
TXN0024110,0
TXN0039225,0
TXN0000599,0
TXN0032976,0
TXN0018535,0
TXN0011276,0
TXN0010330,0
TXN0059801,0
TXN0008232,0
TXN0004147,0
TXN0034366,0
TXN0053913,0
TXN0002703,0
TXN0027276,0
TXN0016471,0
TXN0031850,0
TXN0035751,0
TXN0051790,0
TXN0048491,0
TXN0026690,0
TXN0030173,0
TXN0014338,0
TXN0042159,0
TXN0052338,0
TXN0003993,0
TXN0021077,0
TXN0010117,0
TXN0019654,0
TXN0043731,0
TXN0013499,0
TXN0049574,0
TXN0057221,0
TXN0015543,0
TXN0012129,0
TXN0032989,0
TXN0058534,0
TXN0010641,0
TXN0026765,0
TXN0045271,0
TXN0006586,0
TXN0058327,0
TXN0027574,0
TXN0034156,0
TXN0040767,0
TXN0038298,0
TXN0025390,0
TXN0012992,0
TXN0051416,0
TXN0057098,0
TXN0022121,0
TXN0038743,0
TXN0012778,0
TXN0059169,0
TXN0037618,0
TXN0040613,0
TXN0024302,0
TXN0029408,0
TXN0042539,0
TXN0051776,0
TXN0028780,0
TXN0046207,0
TXN0058664,0
TXN0003139,0
TXN0025642,0
TXN0038521,0
TXN0024592,0
TXN0027572,0
TXN0051401,0
TXN0007907,0
TXN0045949,0
TXN0030253,0
TXN0009939,0
TXN0049957,0
TXN0027152,0
TXN0033379,0
TXN0041133,0
TXN0022285,0
TXN0001265,0
TXN0027204,0
TXN0049569,0
TXN0008137,0
TXN0011829,0
TXN0045757,0
TXN0002316,0
TXN0044158,0
TXN0041496,0
TXN0018059,0
TXN0030327,0
TXN0019351,0
TXN0055098,0
TXN0050089,0
TXN0047785,0
TXN0031490,0
TXN0030107,0
TXN0009593,0
TXN0012332,0
TXN0014698,0
TXN0035432,0
TXN0003794,0
TXN0042034,0
TXN0023898,0
TXN0016888,0
TXN0005025,0
TXN0016643,0
TXN0054512,0
TXN0049504,0
TXN0045787,0
TXN0033738,0
TXN0029832,0
TXN0048504,0
TXN0029985,0
TXN0055234,0
TXN0051251,0
TXN0040281,0
TXN0048324,0
TXN0027700,0
TXN0026055,0
TXN0046252,0
TXN0038536,0
TXN0044897,0
TXN0025545,0
TXN0004554,0
TXN0041686,0
TXN0048800,0
TXN0023062,0
TXN0046561,0
TXN0059484,0
TXN0033733,0
TXN0022183,0
TXN0007300,0
TXN0059586,0
TXN0049806,0
TXN0015941,0
TXN0007636,0
TXN0053561,0
TXN0042410,0
TXN0041908,0
TXN0040311,0
TXN0040508,0
TXN0024541,0
TXN0006488,0
TXN0009151,0
TXN0048772,0
TXN0030587,0
TXN0014464,0
TXN0025406,0
TXN0043696,0
TXN0048778,0
TXN0013425,0
TXN0036364,0
TXN0053101,0
TXN0032118,0
TXN0026209,0
TXN0032827,0
TXN0056347,0
TXN0048955,0
TXN0006290,0
TXN0053029,0
TXN0009355,0
TXN0007391,0
TXN0042677,0
TXN0038999,0
TXN0041485,0
TXN0011557,0
TXN0028299,0
TXN0036280,0
TXN0035166,0
TXN0024448,0
TXN0004163,0
TXN0048763,0
TXN0044010,0
TXN0002170,0
TXN0056951,0
TXN0041912,0
TXN0056862,0
TXN0020578,0
TXN0007071,0
TXN0006035,0
TXN0021426,0
TXN0050745,0
TXN0029698,0
TXN0037908,0
TXN0015685,0
TXN0034795,0
TXN0027870,0
TXN0036032,0
TXN0044408,0
TXN0042130,0
TXN0028015,0
TXN0053241,0
TXN0007316,0
TXN0012032,0
TXN0052693,0
TXN0051883,0
TXN0002422,0
TXN0004388,0
TXN0047703,0
TXN0043174,0
TXN0039812,0
TXN0058916,0
TXN0046373,0
TXN0000421,0
TXNR0151,1
TXN0003595,0
TXN0002694,0
TXN0029668,0
TXN0027786,0
TXN0012238,0
TXN0031342,0
TXN0041578,0
TXN0037217,0
TXN0007595,0
TXN0000937,0
TXN0021079,0
TXN0005578,0
TXN0033592,0
TXN0032575,0
TXN0021668,0
TXN0030460,0
TXN0025336,0
TXN0002045,0
TXN0026686,0
TXN0045390,0
TXN0023746,0
TXN0027419,0
TXN0019525,0
TXN0005804,0
TXN0032850,0
TXN0024601,0
TXN0059770,0
TXN0051327,0
TXN0053795,0
TXN0035620,0
TXN0039535,0
TXN0015740,0
TXN0021943,0
TXN0001946,0
TXN0026888,0
TXN0030110,0
TXN0052924,0
TXN0056935,0
TXN0041966,0
TXN0035467,0
TXN0049567,0
TXN0040914,0
TXN0026378,0
TXN0059108,0
TXN0045622,0
TXN0040685,0
TXN0057972,0
TXN0048416,0
TXN0002424,0
TXN0002131,0
TXN0051109,0
TXN0051237,0
TXN0053569,0
TXN0010711,0
TXN0030124,0
TXN0015212,0
TXN0038107,0
TXN0037556,0
TXN0007012,0
TXN0051119,0
TXN0052304,0
TXN0050672,0
TXN0052743,0
TXN0051827,0
TXN0000503,0
TXN0021483,0
TXN0019579,0
TXN0007988,0
TXN0012810,0
TXN0033808,0
TXN0015201,0
TXN0052342,0
TXN0050332,0
TXN0024641,0
TXN0041608,0
TXN0008300,0
TXN0005338,0
TXN0006386,0
TXN0002099,0
TXN0038082,0
TXN0015272,0
TXN0011866,0
TXN0052861,0
TXN0059209,0
TXN0044488,0
TXN0027351,0
TXN0055512,0
TXN0033028,0
TXN0059170,0
TXN0020970,0
TXN0041985,0
TXN0002082,0
TXN0011842,0
TXN0026272,0
TXN0012717,0
TXN0019124,0
TXN0020371,0
TXN0025609,0
TXN0047840,0
TXN0019565,0
TXN0050456,0
TXN0052126,0
TXN0007914,0
TXN0055781,0
TXN0037154,0
TXN0001020,0
TXN0023060,0
TXN0008769,0
TXN0012167,0
TXN0023081,0
TXN0010094,0
TXN0011027,0
TXN0015175,0
TXN0058834,0
TXN0021663,0
TXN0035207,0
TXN0025836,0
TXN0003365,0
TXN0030172,0
TXN0008390,0
TXN0024409,0
TXN0013764,0
TXN0025759,0
TXN0000907,0
TXN0014268,0
TXN0054501,0
TXN0037171,0
TXN0017744,0
TXN0056046,0
TXN0010298,0
TXN0027677,0
TXN0023226,0
TXN0028875,0
TXN0013622,0
TXN0050695,0
TXN0024721,0
TXN0048329,0
TXN0027552,0
TXN0006214,0
TXN0055469,0
TXN0016328,0
TXN0028090,0
TXN0041816,0
TXN0010300,0
TXN0050567,0
TXN0008342,0
TXN0037518,0
TXN0011311,0
TXN0011428,0
TXN0032731,0
TXN0043578,0
TXN0043362,0
TXN0056677,0
TXN0030420,0
TXN0053280,0
TXN0058612,0
TXN0009322,0
TXN0013157,0
TXN0051400,0
TXN0044206,0
TXN0052427,0
TXN0003816,0
TXN0033095,0
TXN0031689,0
TXN0037671,0
TXN0048132,0
TXN0040188,0
TXN0013264,0
TXN0051625,0
TXN0058123,0
TXN0022236,0
TXN0029288,0
TXN0028962,0
TXN0042126,0
TXN0014436,0
TXN0023426,0
TXN0019907,0
TXN0000547,0
TXN0049032,0
TXN0055721,0
TXN0040956,0
TXN0038566,0
TXN0003468,0
TXN0042566,0
TXN0036752,0
TXN0057793,0
TXN0013194,0
TXN0043229,0
TXN0054056,0
TXN0004793,0
TXN0033083,0
TXN0014814,0
TXN0039684,0
TXN0009115,0
TXN0001915,0
TXN0033218,0
TXN0007260,0
TXN0005760,0
TXN0036489,0
TXN0057649,0
TXN0046834,0
TXN0018229,0
TXN0012811,0
TXN0030993,0
TXN0028384,0
TXN0019237,0
TXN0050965,0
TXN0036357,0
TXN0001237,0
TXN0036829,0
TXN0019320,0
TXN0020263,0
TXN0053879,0
TXN0006547,0
TXN0015014,0
TXN0013891,0
TXN0033485,0
TXN0008900,0
TXN0059325,0
TXN0000556,0
TXN0020380,0
TXN0053670,0
TXN0020377,0
TXN0054161,0
TXN0033655,0
TXN0052606,0
TXN0007582,0
TXN0053886,0
TXN0019191,0
TXN0048735,0
TXN0008079,0
TXN0054160,0
TXN0027164,0
TXN0047337,0
TXN0013512,0
TXN0021388,0
TXNS00312,1
TXN0015533,0
TXN0055664,0
TXN0019749,0
TXN0030311,0
TXN0050592,0
TXN0036771,0
TXN0020264,0
TXN0026951,0
TXN0028222,0
TXN0005440,0
TXN0039815,0
TXN0035032,0
TXN0024807,0
TXN0041823,0
TXN0003345,0
TXN0051492,0
TXN0002769,0
TXN0011227,0
TXN0012011,0
TXN0008360,0
TXN0008629,0
TXN0025399,0
TXN0013416,0
TXN0046998,0
TXN0014778,0
TXN0045940,0
TXN0056386,0
TXN0054177,0
TXN0030401,0
TXN0011537,0
TXN0059855,0
TXN0046753,0
TXN0051188,0
TXN0035567,0
TXN0054799,0
TXN0023826,0
TXN0016551,0
TXN0027003,0
TXN0030596,0
TXN0018195,0
TXN0043672,0
TXN0013115,0
TXN0056921,0
TXN0059961,0
TXN0052768,0
TXN0058959,0
TXN0001368,0
TXN0051296,0
TXN0012655,0
TXN0019144,0
TXN0032396,0
TXN0025259,0
TXN0019887,0
TXN0016631,0
TXN0024271,0
TXN0043457,0
TXN0013427,0
TXN0008679,0
TXN0050022,0
TXN0001374,0
TXN0038214,0
TXN0028392,0
TXN0011870,0
TXN0012155,0
TXN0025460,0
TXN0057578,0
TXN0001872,0
TXN0054529,0
TXN0023043,0
TXN0033831,0
TXN0011282,0
TXN0031560,0
TXN0023234,0
TXN0041390,0
TXN0035108,0
TXN0050776,0
TXN0048873,0
TXN0034595,0
TXN0046951,0
TXN0018132,0
TXN0051622,0
TXN0051595,0
TXN0006228,0
TXN0023492,0
TXN0048876,0
TXN0015772,0
TXN0012738,0
TXN0011685,0
TXN0026238,0
TXN0056439,0
TXN0022045,0
TXN0024585,0
TXN0034236,0
TXN0044537,0
TXN0011125,0
TXN0027819,0
TXN0032195,0
TXN0037447,0
TXN0031594,0
TXN0043037,0
TXN0000761,0
TXN0057639,0
TXN0056553,0
TXN0045032,0
TXN0050107,0
TXN0038941,0
TXN0049488,0
TXN0004205,0
TXN0009091,0
TXN0004198,0
TXN0004479,0
TXN0030741,0
TXN0009144,0
TXN0037796,0
TXN0051421,0
TXN0013987,0
TXN0021645,0
TXN0036344,0
TXN0002005,0
TXN0016217,0
TXN0015316,0
TXN0024998,0
TXN0038873,0
TXN0049865,0
TXN0032740,0
TXN0039529,0
TXN0017490,0
TXN0050067,0
TXN0012568,0
TXN0012554,0
TXN0021459,0
TXN0033488,0
TXN0006393,0
TXN0016477,0
TXN0016879,0
TXN0039627,0
TXN0028941,0
TXN0022857,0
TXN0046814,0
TXN0055035,0
TXN0022604,0
TXN0008583,0
TXN0044125,0
TXN0052238,0
TXN0002332,0
TXN0019070,0
TXN0028577,0
TXN0003423,0
TXN0014284,0
TXN0036259,0
TXN0056763,0
TXN0053950,0
TXN0015050,0
TXN0001546,0
TXN0025720,0
TXN0047578,0
TXN0002667,0
TXN0027546,0
TXN0033786,0
TXN0030451,0
TXN0003608,0
TXN0009874,0
TXN0048559,0
TXN0036900,0
TXN0053257,0
TXN0053479,0
TXN0011503,0
TXN0021910,0
TXN0052469,0
TXN0008674,0
TXN0019046,0
TXN0054181,0
TXN0049561,0
TXN0005274,0
TXN0015451,0
TXN0024318,0
TXN0000601,0
TXN0008214,0
TXN0051670,0
TXN0057333,0
TXN0002859,0
TXN0040152,0
TXN0016793,0
TXN0042522,0
TXN0032194,0
TXN0016257,0
TXN0003827,0
TXN0019734,0
TXN0042547,0
TXN0011888,0
TXN0024520,0
TXN0031939,0
TXN0055663,0
TXN0023523,0
TXN0049603,0
TXN0006508,0
TXN0032227,0
TXN0015569,0
TXN0023808,0
TXN0016090,0
TXN0052968,0
TXN0039494,0
TXN0048158,0
TXN0035480,0
TXN0002790,0
TXN0019139,0
TXN0006309,0
TXN0000617,0
TXN0022972,0
TXN0042521,0
TXN0024002,0
TXN0015684,0
TXN0016605,0
TXN0019374,0
TXN0044802,0
TXN0034979,0
TXN0025775,0
TXN0058220,0
TXN0035229,0
TXN0053761,0
TXN0049980,0
TXN0021865,0
TXN0039488,0
TXN0032697,0
TXN0037222,0
TXN0031830,0
TXN0045851,0
TXN0024144,0
TXN0057518,0
TXN0005474,0
TXN0007888,0
TXN0051547,0
TXN0020311,0
TXN0054688,0
TXN0015987,0
TXN0040069,0
TXN0029843,0
TXN0057399,0
TXN0006741,0
TXN0047531,0
TXN0051079,0
TXN0016640,0
TXN0041113,0
TXN0019637,0
TXN0024698,0
TXN0027284,0
TXN0055947,0
TXN0059851,0
TXN0022066,0
TXN0020521,0
TXN0012444,0
TXN0054116,0
TXN0027134,0
TXN0043490,0
TXN0002862,0
TXN0038013,0
TXN0001649,0
TXN0058347,0
TXN0009530,0
TXN0051818,0
TXN0013531,0
TXN0019720,0
TXN0032541,0
TXN0013225,0
TXN0043322,0
TXN0014954,0
TXN0057840,0
TXN0008048,0
TXN0043778,0
TXN0010078,0
TXN0037401,0
TXN0039513,0
TXN0000327,0
TXN0007332,0
TXN0030370,0
TXN0014052,0
TXN0017865,0
TXN0049325,0
TXN0033954,0
TXN0025178,0
TXN0038859,0
TXN0038122,0
TXN0016856,0
TXN0010920,0
TXN0005372,0
TXN0008267,0
TXN0008681,0
TXN0009300,0
TXN0007228,0
TXN0043377,0
TXN0025106,0
TXN0040250,0
TXN0025324,0
TXN0017882,0
TXN0039453,0
TXN0005937,0
TXN0006323,0
TXN0017645,0
TXN0043388,0
TXN0032205,0
TXN0031181,0
TXN0007405,0
TXN0036316,0
TXN0055450,0
TXN0016860,0
TXN0058318,0
TXN0050294,0
TXN0020432,0
TXN0007536,0
TXN0049005,0
TXN0042007,0
TXN0000259,0
TXN0010911,0
TXN0014346,0
TXN0016769,0
TXN0000721,0
TXN0022812,0
TXN0003537,0
TXN0003147,0
TXN0056542,0
TXN0045174,0
TXN0050114,0
TXN0016719,0
TXN0002701,0
TXN0054522,0
TXN0057438,0
TXN0029018,0
TXN0036616,0
TXN0043122,0
TXN0029487,0
TXN0045412,0
TXN0013707,0
TXN0003361,0
TXN0024934,0
TXN0012624,0
TXN0019061,0
TXN0055531,0
TXN0010864,0
TXN0014550,0
TXN0030059,0
TXN0038316,0
TXN0010811,0
TXN0048269,0
TXN0037901,0
TXN0004588,0
TXN0018286,0
TXN0052633,0
TXN0038548,0
TXN0004941,0
TXN0003671,0
TXN0052538,0
TXN0030475,0
TXN0047722,0
TXN0041109,0
TXN0004685,0
TXN0006505,0
TXNS00821,1
TXN0035300,0
TXN0036772,0
TXN0057412,0
TXN0029865,0
TXN0027994,0
TXN0047016,0
TXN0023009,0
TXN0010932,0
TXN0056399,0
TXN0038730,0
TXN0033428,0
TXN0045874,0
TXN0044081,0
TXN0059636,0
TXN0049933,0
TXN0018336,0
TXN0014378,0
TXN0026414,0
TXN0029415,0
TXN0051974,0
TXN0008373,0
TXN0050696,0
TXN0028194,0
TXN0019248,0
TXN0041289,0
TXN0013434,0
TXN0037300,0
TXN0055800,0
TXN0020997,0
TXN0046322,0
TXN0009971,0
TXN0018734,0
TXN0014185,0
TXN0054486,0
TXN0005156,0
TXN0038802,0
TXN0035729,0
TXN0028037,0
TXN0058599,0
TXN0043783,0
TXN0018697,0
TXN0020387,0
TXN0010507,0
TXN0035716,0
TXN0007404,0
TXN0006625,0
TXN0014819,0
TXN0056982,0
TXN0011194,0
TXN0015148,0
TXN0018837,0
TXN0045822,0
TXN0022406,0
TXN0059291,0
TXN0057891,0
TXN0035722,0
TXN0027451,0
TXN0004843,0
TXN0030123,0
TXN0006575,0
TXN0023547,0
TXN0049923,0
TXN0058463,0
TXN0021318,0
TXN0047050,0
TXN0047889,0
TXN0006634,0
TXN0032669,0
TXN0053612,0
TXN0021169,0
TXN0013211,0
TXN0027488,0
TXN0003967,0
TXN0017619,0
TXN0017799,0
TXN0048936,0
TXNR0183,1
TXN0026620,0
TXN0041380,0
TXN0024130,0
TXN0034348,0
TXN0043311,0
TXN0007676,0
TXN0018720,0
TXN0003877,0
TXN0032859,0
TXN0021990,0
TXN0043063,0
TXN0056698,0
TXN0041351,0
TXN0038882,0
TXN0039075,0
TXN0046720,0
TXN0011323,0
TXN0010479,0
TXN0046077,0
TXN0038131,0
TXN0048417,0
TXN0011544,0
TXN0029316,0
TXN0051050,0
TXN0010701,0
TXN0059250,0
TXN0013725,0
TXN0008838,0
TXN0054746,0
TXN0032689,0
TXN0022453,0
TXN0045008,0
TXN0031847,0
TXN0004354,0
TXN0025332,0
TXN0053917,0
TXN0055374,0
TXN0005022,0
TXN0023511,0
TXN0032436,0
TXN0014512,0
TXN0057478,0
TXN0003302,0
TXN0041336,0
TXN0041494,0
TXN0047097,0
TXN0005848,0
TXN0057276,0
TXN0038841,0
TXN0005339,0
TXN0012540,0
TXN0047008,0
TXN0038249,0
TXN0002751,0
TXN0055719,0
TXN0054956,0
TXN0014062,0
TXN0028063,0
TXN0040637,0
TXN0013892,0
TXN0054666,0
TXN0040720,0
TXN0011522,0
TXN0044943,0
TXN0034117,0
TXN0003553,0
TXN0059106,0
TXN0013460,0
TXN0057312,0
TXN0018927,0
TXN0013903,0
TXN0009651,0
TXN0027968,0
TXN0027380,0
TXN0031006,0
TXN0039982,0
TXN0043945,0
TXN0038695,0
TXN0003274,0
TXN0015288,0
TXN0049882,0
TXN0046450,0
TXN0004814,0
TXN0037202,0
TXN0006503,0
TXN0052380,0
TXN0033033,0
TXN0004433,0
TXN0035026,0
TXN0021355,0
TXN0045672,0
TXN0016805,0
TXN0022413,0
TXN0015640,0
TXN0027513,0
TXN0031583,0
TXN0048063,0
TXN0003301,0
TXN0042763,0
TXN0013722,0
TXN0057060,0
TXN0054005,0
TXN0005202,0
TXN0059332,0
TXN0003233,0
TXN0045887,0
TXN0035038,0
TXN0049447,0
TXN0024868,0
TXN0045593,0
TXN0058268,0
TXN0004909,0
TXN0044244,0
TXN0037263,0
TXN0049809,0
TXN0005505,0
TXN0001809,0
TXN0054772,0
TXN0043236,0
TXN0041638,0
TXN0045051,0
TXN0046757,0
TXN0048762,0
TXN0054088,0
TXN0022635,0
TXN0029080,0
TXN0012911,0
TXN0024586,0
TXN0012326,0
TXN0024325,0
TXN0032476,0
TXN0037516,0
TXN0049784,0
TXN0005353,0
TXN0007756,0
TXN0048370,0
TXN0005905,0
TXN0018223,0
TXN0015309,0
TXN0048771,0
TXN0027541,0
TXN0041561,0
TXN0000254,0
TXN0033360,0
TXN0000969,0
TXN0055357,0
TXN0033602,0
TXN0014220,0
TXN0039360,0
TXN0016086,0
TXN0001355,0
TXN0044057,0
TXN0012017,0
TXN0045974,0
TXN0009142,0
TXN0010341,0
TXN0022307,0
TXN0039248,0
TXN0018404,0
TXN0018447,0
TXN0028057,0
TXN0027011,0
TXN0022788,0
TXN0054951,0
TXN0045635,0
TXN0034261,0
TXNS00203,1
TXN0043053,0
TXN0031686,0
TXN0046259,0
TXN0018220,0
TXN0053166,0
TXN0023229,0
TXN0006356,0
TXN0024529,0
TXN0049349,0
TXN0048177,0
TXN0029895,0
TXN0012366,0
TXN0010461,0
TXN0032640,0
TXN0050846,0
TXN0053745,0
TXN0009993,0
TXN0000461,0
TXN0019089,0
TXN0014987,0
TXN0033993,0
TXN0049195,0
TXN0056286,0
TXN0024707,0
TXN0040966,0
TXN0014947,0
TXN0057737,0
TXN0007304,0
TXN0045627,0
TXN0031547,0
TXN0018930,0
TXN0050396,0
TXN0016909,0
TXN0033796,0
TXN0037455,0
TXN0054059,0
TXN0029136,0
TXN0010387,0
TXN0057632,0
TXN0038710,0
TXN0018580,0
TXN0009482,0
TXN0047744,0
TXN0042257,0
TXN0027945,0
TXN0055578,0
TXN0059019,0
TXNR0121,1
TXN0012719,0
TXN0031716,0
TXN0053827,0
TXN0019040,0
TXN0049408,0
TXN0016592,0
TXN0031219,0
TXN0023135,0
TXN0056049,0
TXN0001083,0
TXN0057254,0
TXN0012302,0
TXN0006944,0
TXN0043993,0
TXN0049457,0
TXN0046460,0
TXN0002288,0
TXN0047887,0
TXN0058374,0
TXN0001595,0
TXN0059668,0
TXN0014979,0
TXN0031188,0
TXN0054283,0
TXN0019918,0
TXN0009033,0
TXN0015430,0
TXN0058719,0
TXN0025681,0
TXN0041719,0
TXN0026968,0
TXN0008964,0
TXN0042275,0
TXN0015091,0
TXN0014468,0
TXN0005391,0
TXN0024225,0
TXN0006952,0
TXN0051593,0
TXN0022158,0
TXN0011959,0
TXN0048708,0
TXN0017830,0
TXN0011654,0
TXN0018616,0
TXN0013165,0
TXN0038875,0
TXN0051958,0
TXN0056997,0
TXN0056725,0
TXN0041019,0
TXN0052673,0
TXN0026878,0
TXN0040933,0
TXN0015973,0
TXN0042242,0
TXN0049196,0
TXN0040282,0
TXN0018703,0
TXN0006353,0
TXN0044400,0
TXN0019125,0
TXN0036219,0
TXN0036916,0
TXN0036474,0
TXN0056127,0
TXN0028243,0
TXN0015808,0
TXN0027138,0
TXN0028340,0
TXN0010957,0
TXN0043647,0
TXN0003399,0
TXN0005834,0
TXN0023148,0
TXN0055122,0
TXN0019598,0
TXN0013805,0
TXN0030437,0
TXN0035239,0
TXN0059903,0
TXN0044338,0
TXN0045535,0
TXN0012271,0
TXN0013052,0
TXN0031794,0
TXN0054241,0
TXN0058866,0
TXN0032308,0
TXN0058547,0
TXN0048956,0
TXN0030036,0
TXN0043816,0
TXN0004281,0
TXN0003894,0
TXN0044422,0
TXN0015383,0
TXN0003616,0
TXN0034511,0
TXN0059072,0
TXN0012735,0
TXN0015441,0
TXN0042593,0
TXN0004950,0
TXN0025896,0
TXN0042373,0
TXN0002039,0
TXN0018128,0
TXN0025746,0
TXN0021629,0
TXN0043050,0
TXN0043345,0
TXN0027539,0
TXN0041740,0
TXN0012394,0
TXN0013530,0
TXN0053376,0
TXN0026409,0
TXN0031270,0
TXN0019526,0
TXN0005217,0
TXN0012164,0
TXN0029948,0
TXN0045015,0
TXN0058826,0
TXN0057244,0
TXN0032992,0
TXN0028999,0
TXN0041527,0
TXN0035817,0
TXN0021521,0
TXN0038592,0
TXN0016291,0
TXN0042972,0
TXN0056274,0
TXN0026770,0
TXN0000168,0
TXN0011817,0
TXN0054134,0
TXN0027524,0
TXN0057182,0
TXN0046025,0
TXN0038228,0
TXN0027995,0
TXN0004696,0
TXN0046676,0
TXN0039702,0
TXN0019518,0
TXN0025257,0
TXN0018007,0
TXN0022943,0
TXN0041859,0
TXN0028285,0
TXN0050349,0
TXN0006091,0
TXN0055722,0
TXN0055171,0
TXN0044727,0
TXN0007344,0
TXN0031599,0
TXN0053200,0
TXN0048191,0
TXN0038770,0
TXN0044166,0
TXN0023066,0
TXN0055172,0
TXN0025035,0
TXN0010194,0
TXN0035519,0
TXN0023007,0
TXN0035366,0
TXN0001665,0
TXN0040284,0
TXN0004371,0
TXN0035471,0
TXN0013684,0
TXN0039985,0
TXN0049521,0
TXN0059249,0
TXN0033527,0
TXN0026197,0
TXN0036917,0
TXN0029595,0
TXN0017585,0
TXN0039816,0
TXN0004284,0
TXN0028111,0
TXN0039844,0
TXN0026989,0
TXN0032141,0
TXN0012675,0
TXN0043131,0
TXN0034746,0
TXN0057736,0
TXN0011456,0
TXN0036714,0
TXN0028964,0
TXN0018721,0
TXN0032995,0
TXN0031068,0
TXN0059897,0
TXN0024361,0
TXN0004317,0
TXN0018912,0
TXN0002420,0
TXN0037902,0
TXN0036525,0
TXN0012368,0
TXN0051616,0
TXN0044441,0
TXN0040393,0
TXN0036335,0
TXN0027660,0
TXN0054300,0
TXN0028770,0
TXN0045316,0
TXN0033843,0
TXN0016099,0
TXN0028973,0
TXN0025973,0
TXN0005312,0
TXN0057444,0
TXN0040584,0
TXN0015432,0
TXN0009028,0
TXN0058429,0
TXN0033604,0
TXN0016037,0
TXN0023138,0
TXN0045263,0
TXN0019757,0
TXN0004734,0
TXN0054303,0
TXN0032050,0
TXN0050206,0
TXN0025195,0
TXN0054236,0
TXN0019300,0
TXN0014870,0
TXN0017495,0
TXN0039910,0
TXN0057825,0
TXN0040052,0
TXN0021472,0
TXN0010624,0
TXN0046078,0
TXN0017383,0
TXN0008638,0
TXN0035864,0
TXN0047137,0
TXN0041197,0
TXN0034162,0
TXN0004715,0
TXN0052405,0
TXN0005120,0
TXN0010555,0
TXN0026817,0
TXN0025094,0
TXN0059411,0
TXN0052906,0
TXN0057806,0
TXN0050440,0
TXN0028869,0
TXN0041385,0
TXN0006602,0
TXN0041955,0
TXN0007445,0
TXN0026730,0
TXN0029228,0
TXN0045078,0
TXN0023003,0
TXN0050090,0
TXN0000635,0
TXN0020428,0
TXN0001713,0
TXN0021437,0
TXN0006495,0
TXN0027955,0
TXN0042966,0
TXN0055214,0
TXN0037666,0
TXN0018317,0
TXN0016385,0
TXN0031965,0
TXN0056901,0
TXN0024838,0
TXN0055062,0
TXN0043959,0
TXN0026165,0
TXN0046017,0
TXN0049162,0
TXN0034845,0
TXN0057687,0
TXN0037736,0
TXN0024873,0
TXN0021432,0
TXN0041225,0
TXN0006918,0
TXN0045976,0
TXN0036139,0
TXN0051804,0
TXN0006785,0
TXN0051685,0
TXN0027087,0
TXN0032655,0
TXN0045844,0
TXN0054816,0
TXN0018406,0
TXN0050691,0
TXN0029230,0
TXN0033596,0
TXN0026801,0
TXN0059369,0
TXN0042486,0
TXN0050723,0
TXN0031619,0
TXN0026207,0
TXN0005593,0
TXN0011956,0
TXN0016938,0
TXN0023169,0
TXN0018214,0
TXN0021005,0
TXN0053884,0
TXN0022521,0
TXN0018934,0
TXN0016472,0
TXN0019750,0
TXN0043275,0
TXN0048598,0
TXN0042456,0
TXN0027165,0
TXN0021485,0
TXN0030136,0
TXN0041610,0
TXN0029738,0
TXN0026358,0
TXN0032242,0
TXN0023538,0
TXN0026528,0
TXN0031760,0
TXN0057977,0
TXN0013351,0
TXN0001119,0
TXN0049438,0
TXN0008164,0
TXN0051177,0
TXN0037891,0
TXN0017001,0
TXN0030178,0
TXN0006157,0
TXN0022849,0
TXN0034798,0
TXN0037492,0
TXN0042052,0
TXN0013366,0
TXN0016747,0
TXN0051740,0
TXN0023907,0
TXN0029593,0
TXN0034993,0
TXN0039163,0
TXN0022006,0
TXN0003590,0
TXN0031742,0
TXN0019147,0
TXN0044963,0
TXN0025262,0
TXN0025261,0
TXN0003328,0
TXN0052742,0
TXN0044396,0
TXN0030976,0
TXN0044118,0
TXN0024740,0
TXN0027133,0
TXN0026278,0
TXN0049155,0
TXN0040715,0
TXN0004043,0
TXN0027099,0
TXN0024812,0
TXN0009329,0
TXN0054225,0
TXN0034425,0
TXN0006733,0
TXN0019845,0
TXN0059509,0
TXN0046420,0
TXN0015161,0
TXN0021572,0
TXN0047082,0
TXN0055743,0
TXN0040594,0
TXN0042183,0
TXN0002047,0
TXN0047713,0
TXN0052357,0
TXN0014450,0
TXN0017329,0
TXN0031288,0
TXN0000970,0
TXN0020642,0
TXN0002267,0
TXN0023950,0
TXN0050222,0
TXN0051692,0
TXN0037813,0
TXN0019941,0
TXN0038266,0
TXN0009201,0
TXN0007826,0
TXN0021836,0
TXN0004015,0
TXN0007500,0
TXN0053496,0
TXN0004278,0
TXN0018784,0
TXN0027802,0
TXN0016710,0
TXN0022628,0
TXN0041330,0
TXN0045521,0
TXN0018277,0
TXN0036961,0
TXN0049963,0
TXN0038303,0
TXN0046847,0
TXN0038443,0
TXN0045121,0
TXN0021129,0
TXN0055497,0
TXN0030736,0
TXN0044360,0
TXN0005870,0
TXN0023179,0
TXN0040671,0
TXN0055921,0
TXN0049919,0
TXN0052397,0
TXN0004698,0
TXN0029350,0
TXN0011137,0
TXN0052944,0
TXN0044211,0
TXN0048624,0
TXN0015133,0
TXN0042301,0
TXN0013309,0
TXN0036396,0
TXN0031408,0
TXN0030964,0
TXN0012698,0
TXN0022759,0
TXN0058994,0
TXN0002661,0
TXN0023076,0
TXN0035516,0
TXN0019449,0
TXN0041295,0
TXN0024213,0
TXN0007669,0
TXN0041345,0
TXN0029039,0
TXN0010232,0
TXN0031773,0
TXN0040064,0
TXN0009668,0
TXN0011454,0
TXN0012367,0
TXN0049641,0
TXN0021002,0
TXN0045431,0
TXN0016518,0
TXN0000435,0
TXN0041265,0
TXN0022661,0
TXN0017148,0
TXN0040887,0
TXN0011074,0
TXN0002594,0
TXN0033945,0
TXN0044899,0
TXN0000146,0
TXN0026282,0
TXN0010495,0
TXN0013481,0
TXN0056558,0
TXN0040796,0
TXN0054033,0
TXN0045902,0
TXN0045523,0
TXN0025147,0
TXN0008614,0
TXN0017386,0
TXN0059330,0
TXN0007799,0
TXN0007824,0
TXN0003868,0
TXN0004649,0
TXN0059722,0
TXN0035990,0
TXN0002737,0
TXN0011862,0
TXN0044708,0
TXN0029137,0
TXN0058182,0
TXN0017956,0
TXN0041670,0
TXN0000076,0
TXN0014147,0
TXN0052830,0
TXN0043354,0
TXN0003005,0
TXN0010543,0
TXN0054209,0
TXN0053275,0
TXN0006088,0
TXN0010269,0
TXN0039940,0
TXN0015803,0
TXN0037232,0
TXN0035701,0
TXN0050955,0
TXN0040926,0
TXN0032587,0
TXN0044692,0
TXN0055266,0
TXN0052134,0
TXN0050012,0
TXN0014816,0
TXN0044975,0
TXN0029729,0
TXN0043500,0
TXN0016060,0
TXN0046559,0
TXN0002270,0
TXN0033464,0
TXN0023753,0
TXN0023087,0
TXN0021931,0
TXN0011896,0
TXN0025789,0
TXN0057606,0
TXN0035388,0
TXN0016509,0
TXN0018599,0
TXN0047317,0
TXN0031832,0
TXN0005516,0
TXN0055724,0
TXN0009176,0
TXN0041665,0
TXN0016287,0
TXN0032625,0
TXN0058288,0
TXN0050399,0
TXN0048361,0
TXN0016565,0
TXN0043914,0
TXN0022482,0
TXN0037829,0
TXN0015428,0
TXN0040862,0
TXN0022888,0
TXN0039206,0
TXN0013127,0
TXN0044526,0
TXN0037135,0
TXN0007854,0
TXN0004684,0
TXN0030122,0
TXN0024413,0
TXN0021643,0
TXN0037490,0
TXN0044615,0
TXN0048580,0
TXN0012259,0
TXN0016564,0
TXN0038315,0
TXN0041399,0
TXN0002912,0
TXN0040995,0
TXN0054248,0
TXN0040041,0
TXN0024289,0
TXN0047849,0
TXN0013781,0
TXN0058171,0
TXN0001027,0
TXN0003237,0
TXN0023886,0
TXN0043384,0
TXN0054547,0
TXN0038697,0
TXN0015270,0
TXN0034563,0
TXN0027014,0
TXN0044095,0
TXN0044300,0
TXN0000333,0
TXN0031928,0
TXN0037416,0
TXN0052300,0
TXN0034787,0
TXN0047174,0
TXN0035831,0
TXN0027135,0
TXN0052287,0
TXN0038835,0
TXN0022326,0
TXN0037495,0
TXN0044021,0
TXN0041836,0
TXN0020523,0
TXN0004447,0
TXN0003860,0
TXN0053851,0
TXN0031857,0
TXN0042323,0
TXN0038855,0
TXN0042993,0
TXN0016624,0
TXN0000357,0
TXN0001297,0
TXN0055252,0
TXN0010804,0
TXN0040474,0
TXN0031311,0
TXN0031864,0
TXN0052660,0
TXN0008827,0
TXN0036921,0
TXN0037757,0
TXN0014413,0
TXN0049311,0
TXN0014070,0
TXN0044639,0
TXN0053168,0
TXN0041918,0
TXN0017626,0
TXN0047415,0
TXN0059011,0
TXN0036233,0
TXN0026114,0
TXN0053794,0
TXN0055739,0
TXN0047604,0
TXN0047740,0
TXN0029727,0
TXN0038272,0
TXN0011285,0
TXN0048977,0
TXN0007739,0
TXN0040944,0
TXN0041195,0
TXN0051866,0
TXN0032162,0
TXN0008806,0
TXN0008958,0
TXNS00820,1
TXN0000029,0
TXN0057883,0
TXN0045986,0
TXN0049600,0
TXN0011554,0
TXN0001825,0
TXN0006032,0
TXN0043018,0
TXN0024459,0
TXN0040788,0
TXN0045383,0
TXN0042303,0
TXN0013550,0
TXN0019028,0
TXN0038156,0
TXN0001869,0
TXN0014959,0
TXN0050179,0
TXN0017344,0
TXN0000984,0
TXN0054324,0
TXN0054808,0
TXN0023107,0
TXN0017301,0
TXN0016838,0
TXN0004122,0
TXN0007585,0
TXN0030331,0
TXN0054669,0
TXN0008158,0
TXN0018773,0
TXN0003554,0
TXN0035749,0
TXN0013783,0
TXN0054399,0
TXN0022074,0
TXN0015362,0
TXN0042917,0
TXN0055561,0
TXN0040093,0
TXN0031983,0
TXN0013910,0
TXN0046453,0
TXN0007882,0
TXN0052376,0
TXN0059374,0
TXN0041181,0
TXN0011117,0
TXN0021578,0
TXN0020441,0
TXN0019807,0
TXN0020575,0
TXN0039920,0
TXN0042857,0
TXN0039276,0
TXN0030539,0
TXN0058323,0
TXN0002068,0
TXN0045266,0
TXN0017813,0
TXN0025432,0
TXN0039271,0
TXN0010924,0
TXN0028078,0
TXN0013706,0
TXN0000711,0
TXN0022428,0
TXN0044611,0
TXN0044637,0
TXN0056865,0
TXN0051511,0
TXN0049315,0
TXN0010773,0
TXN0018462,0
TXN0031657,0
TXN0001611,0
TXN0015099,0
TXN0028486,0
TXN0056959,0
TXN0034113,0
TXN0013627,0
TXN0053626,0
TXN0054397,0
TXN0046386,0
TXN0027987,0
TXN0039526,0
TXN0040804,0
TXN0024715,0
TXN0024766,0
TXN0032143,0
TXN0023224,0
TXN0007807,0
TXN0016306,0
TXN0026082,0
TXN0018638,0
TXN0050968,0
TXN0042568,0
TXN0009574,0
TXN0006294,0
TXN0008678,0
TXN0028134,0
TXN0045469,0
TXN0000154,0
TXN0019513,0
TXN0057106,0
TXN0012094,0
TXN0037870,0
TXN0017565,0
TXN0042010,0
TXN0044805,0
TXN0008005,0
TXN0049363,0
TXN0043542,0
TXN0051760,0
TXN0026866,0
TXN0030054,0
TXN0001037,0
TXN0041048,0
TXN0024193,0
TXN0017752,0
TXN0019760,0
TXN0044019,0
TXN0004153,0
TXN0007408,0
TXN0051918,0
TXN0042019,0
TXN0028103,0
TXN0032679,0
TXN0014301,0
TXN0038004,0
TXN0047416,0
TXN0018989,0
TXN0002587,0
TXN0046615,0
TXN0003140,0
TXN0015723,0
TXN0009209,0
TXN0004225,0
TXN0035942,0
TXN0058928,0
TXN0052315,0
TXN0022728,0
TXN0052145,0
TXN0002021,0
TXN0040292,0
TXN0055355,0
TXN0014542,0
TXN0038123,0
TXN0019289,0
TXN0035470,0
TXN0017673,0
TXN0051225,0
TXN0018735,0
TXN0005524,0
TXN0022507,0
TXN0055710,0
TXN0048415,0
TXN0034519,0
TXN0041371,0
TXN0055772,0
TXN0028085,0
TXN0037041,0
TXN0016333,0
TXN0016802,0
TXN0030623,0
TXN0055121,0
TXN0039977,0
TXN0054732,0
TXN0012626,0
TXN0009832,0
TXN0041313,0
TXN0036936,0
TXN0053188,0
TXN0043452,0
TXN0053787,0
TXN0022202,0
TXN0036874,0
TXN0051997,0
TXN0034738,0
TXN0012128,0
TXN0054914,0
TXN0051530,0
TXN0028987,0
TXN0028259,0
TXN0001891,0
TXN0035402,0
TXN0045753,0
TXN0019494,0
TXN0016639,0
TXN0054751,0
TXN0011750,0
TXN0008348,0
TXN0040945,0
TXN0024649,0
TXN0001943,0
TXN0053541,0
TXN0054214,0
TXN0058342,0
TXN0011356,0
TXN0011333,0
TXN0016685,0
TXN0008173,0
TXN0024827,0
TXN0048717,0
TXN0009872,0
TXN0014358,0
TXN0008834,0
TXN0011491,0
TXN0033106,0
TXN0059313,0
TXN0057626,0
TXN0014630,0
TXN0029979,0
TXN0015753,0
TXN0026050,0
TXN0004714,0
TXN0047403,0
TXN0042353,0
TXN0042295,0
TXN0024320,0
TXN0041227,0
TXN0034481,0
TXN0025676,0
TXN0040298,0
TXN0017092,0
TXN0033517,0
TXN0005351,0
TXN0054543,0
TXN0058966,0
TXN0034024,0
TXN0050624,0
TXN0029292,0
TXN0004708,0
TXN0001767,0
TXN0012054,0
TXN0044188,0
TXN0022094,0
TXN0048304,0
TXN0042605,0
TXN0006122,0
TXN0045805,0
TXN0041492,0
TXN0001036,0
TXN0047524,0
TXN0037015,0
TXN0007089,0
TXN0030922,0
TXN0002550,0
TXN0041763,0
TXN0002026,0
TXN0033622,0
TXN0011057,0
TXN0041038,0
TXN0032236,0
TXN0059009,0
TXN0022582,0
TXN0045859,0
TXN0050442,0
TXN0016092,0
TXN0033451,0
TXN0059761,0
TXN0001787,0
TXN0040094,0
TXN0056514,0
TXN0018456,0
TXN0058265,0
TXN0004100,0
TXN0020572,0
TXN0035550,0
TXN0039757,0
TXN0036722,0
TXN0026865,0
TXN0034851,0
TXN0049108,0
TXN0004210,0
TXN0005957,0
TXN0024082,0
TXN0026321,0
TXN0056822,0
TXN0020001,0
TXN0051503,0
TXN0014895,0
TXN0000014,0
TXN0045643,0
TXN0030125,0
TXN0042430,0
TXN0022987,0
TXN0015925,0
TXN0051550,0
TXN0036384,0
TXN0054805,0
TXN0051384,0
TXN0032132,0
TXN0023682,0
TXN0052370,0
TXN0024088,0
TXN0057662,0
TXN0029564,0
TXN0012863,0
TXN0041259,0
TXN0038177,0
TXN0011253,0
TXN0030101,0
TXN0036256,0
TXN0024937,0
TXN0044455,0
TXN0032481,0
TXN0053468,0
TXN0019135,0
TXN0025005,0
TXN0025482,0
TXN0042906,0
TXN0056005,0
TXN0010556,0
TXN0008316,0
TXN0034374,0
TXN0007923,0
TXN0038932,0
TXN0034173,0
TXN0006287,0
TXN0050254,0
TXN0014949,0
TXN0049071,0
TXN0005903,0
TXN0007546,0
TXN0012491,0
TXN0017421,0
TXN0037314,0
TXN0056566,0
TXN0023157,0
TXN0029846,0
TXN0047044,0
TXN0016513,0
TXN0000826,0
TXN0058460,0
TXN0049969,0
TXN0003991,0
TXN0011946,0
TXN0023095,0
TXN0026930,0
TXN0051975,0
TXN0032938,0
TXN0009443,0
TXN0005480,0
TXN0057033,0
TXN0039665,0
TXN0047497,0
TXN0037922,0
TXN0038112,0
TXN0002910,0
TXN0046395,0
TXN0056321,0
TXN0036019,0
TXN0014891,0
TXN0011701,0
TXN0006714,0
TXN0042203,0
TXN0031977,0
TXN0049874,0
TXN0007256,0
TXN0045993,0
TXN0032771,0
TXN0023505,0
TXN0018368,0
TXN0018016,0
TXN0045869,0
TXN0025379,0
TXN0039064,0
TXN0015164,0
TXN0005176,0
TXN0033234,0
TXN0016803,0
TXN0024419,0
TXN0001573,0
TXN0045561,0
TXN0002423,0
TXN0013784,0
TXN0015144,0
TXN0005301,0
TXN0004338,0
TXN0036496,0
TXN0011766,0
TXN0043231,0
TXN0007198,0
TXN0011955,0
TXN0033674,0
TXN0028904,0
TXN0040877,0
TXN0035963,0
TXN0021283,0
TXN0001835,0
TXN0025420,0
TXN0039409,0
TXN0022680,0
TXN0046284,0
TXN0027618,0
TXN0012437,0
TXN0036296,0
TXN0011589,0
TXN0020030,0
TXN0027604,0
TXN0054044,0
TXN0018018,0
TXN0045878,0
TXN0051536,0
TXN0049857,0
TXN0043230,0
TXN0054467,0
TXN0002014,0
TXN0043915,0
TXN0015565,0
TXN0040057,0
TXN0001249,0
TXN0040155,0
TXN0038370,0
TXN0004052,0
TXN0041539,0
TXN0002598,0
TXN0035902,0
TXN0056333,0
TXN0022101,0
TXN0057437,0
TXN0013229,0
TXN0050287,0
TXN0020077,0
TXN0053373,0
TXN0036542,0
TXNS00212,1
TXN0023721,0
TXN0035117,0
TXN0006880,0
TXN0017701,0
TXN0025583,0
TXN0007583,0
TXN0017468,0
TXN0031617,0
TXN0004610,0
TXN0029461,0
TXN0007655,0
TXNS00412,1
TXN0031232,0
TXN0020110,0
TXN0040326,0
TXN0045137,0
TXN0025994,0
TXN0035682,0
TXN0018069,0
TXN0054192,0
TXN0042391,0
TXN0023050,0
TXN0003784,0
TXN0042387,0
TXN0049421,0
TXN0058669,0
TXN0002766,0
TXN0013220,0
TXN0042087,0
TXN0031160,0
TXN0008922,0
TXN0035677,0
TXN0004904,0
TXN0057014,0
TXN0007428,0
TXN0033366,0
TXN0032124,0
TXN0055762,0
TXN0016915,0
TXN0046924,0
TXN0025979,0
TXN0040598,0
TXN0039803,0
TXN0009980,0
TXN0039285,0
TXN0022098,0
TXN0016310,0
TXN0006121,0
TXN0014601,0
TXN0024821,0
TXN0031607,0
TXN0050230,0
TXN0057725,0
TXN0045399,0
TXNS01013,1
TXN0025978,0
TXN0053961,0
TXN0053942,0
TXN0054335,0
TXN0023500,0
TXN0046657,0
TXN0021891,0
TXN0023082,0
TXN0038229,0
TXN0034647,0
TXN0002614,0
TXN0035065,0
TXN0039633,0
TXN0002151,0
TXN0030405,0
TXN0056168,0
TXN0004558,0
TXN0034018,0
TXN0034974,0
TXN0023726,0
TXN0047732,0
TXN0026592,0
TXN0036459,0
TXN0029675,0
TXN0022163,0
TXN0003550,0
TXN0041678,0
TXN0042223,0
TXN0004881,0
TXN0008847,0
TXN0031014,0
TXN0021773,0
TXN0057887,0
TXN0058660,0
TXN0057287,0
TXN0022953,0
TXN0035344,0
TXN0039234,0
TXN0016990,0
TXN0042804,0
TXN0009849,0
TXN0051932,0
TXN0014202,0
TXN0056041,0
TXN0034313,0
TXN0017171,0
TXN0020828,0
TXN0057176,0
TXN0017957,0
TXN0058722,0
TXN0014770,0
TXN0016757,0
TXN0029104,0
TXN0010690,0
TXN0018162,0
TXN0045666,0
TXN0023750,0
TXN0018459,0
TXN0039038,0
TXN0007550,0
TXN0052914,0
TXN0022347,0
TXN0054987,0
TXN0049449,0
TXN0009610,0
TXN0003837,0
TXN0024603,0
TXN0041343,0
TXN0041614,0
TXN0030267,0
TXN0027186,0
TXN0028994,0
TXN0000115,0
TXN0054487,0
TXN0044210,0
TXN0007795,0
TXN0054482,0
TXN0051715,0
TXN0058452,0
TXN0050629,0
TXN0032822,0
TXN0043304,0
TXN0059792,0
TXN0021983,0
TXN0017938,0
TXN0046112,0
TXN0039411,0
TXN0032517,0
TXN0024763,0
TXN0010188,0
TXN0045332,0
TXN0045392,0
TXN0049576,0
TXN0049975,0
TXN0016585,0
TXN0025254,0
TXN0049764,0
TXN0003070,0
TXN0021589,0
TXN0017467,0
TXN0009161,0
TXN0026618,0
TXN0047757,0
TXN0030743,0
TXN0025352,0
TXN0003185,0
TXN0007172,0
TXN0048453,0
TXN0036663,0
TXN0054126,0
TXN0011004,0
TXN0041129,0
TXN0020781,0
TXN0014152,0
TXN0025187,0
TXN0055254,0
TXN0002197,0
TXN0055473,0
TXN0057998,0
TXN0026456,0
TXN0001797,0
TXN0010366,0
TXN0016383,0
TXN0025123,0
TXN0011290,0
TXN0014118,0
TXN0023552,0
TXN0043092,0
TXN0019812,0
TXN0000945,0
TXN0037986,0
TXN0014602,0
TXN0028121,0
TXN0010937,0
TXN0045701,0
TXN0054111,0
TXN0003352,0
TXN0046637,0
TXN0033809,0
TXN0030796,0
TXN0035466,0
TXN0045742,0
TXN0043715,0
TXN0013820,0
TXN0005293,0
TXN0007734,0
TXN0010851,0
TXN0011924,0
TXN0026295,0
TXN0051070,0
TXN0001948,0
TXN0049931,0
TXN0047187,0
TXN0041620,0
TXN0013829,0
TXN0037488,0
TXN0015688,0
TXN0024490,0
TXN0007691,0
TXN0011073,0
TXN0050822,0
TXN0024041,0
TXN0010935,0
TXN0010923,0
TXN0057548,0
TXN0044212,0
TXN0038543,0
TXN0032862,0
TXN0045515,0
TXN0001340,0
TXN0023997,0
TXN0014560,0
TXN0035655,0
TXN0016340,0
TXN0023586,0
TXN0005290,0
TXN0012333,0
TXN0042165,0
TXN0012976,0
TXN0013341,0
TXN0020592,0
TXN0012731,0
TXN0048471,0
TXN0022885,0
TXN0030709,0
TXN0020734,0
TXN0032561,0
TXN0012614,0
TXN0058609,0
TXN0010909,0
TXN0017739,0
TXN0029663,0
TXN0025365,0
TXN0000688,0
TXN0025152,0
TXN0049191,0
TXN0014705,0
TXN0048274,0
TXN0017981,0
TXN0034623,0
TXN0026944,0
TXN0034794,0
TXN0028629,0
TXN0017911,0
TXN0049399,0
TXN0010191,0
TXN0032687,0
TXN0029763,0
TXN0040523,0
TXN0008299,0
TXN0008890,0
TXN0028424,0
TXN0012436,0
TXN0025597,0
TXN0056303,0
TXN0032682,0
TXN0001861,0
TXN0014102,0
TXN0057245,0
TXN0029000,0
TXN0019779,0
TXN0055023,0
TXN0045663,0
TXN0049225,0
TXN0046812,0
TXN0033531,0
TXN0002930,0
TXN0004094,0
TXN0048297,0
TXN0031769,0
TXN0056557,0
TXN0024020,0
TXN0041592,0
TXN0051039,0
TXN0024402,0
TXN0058154,0
TXN0029910,0
TXN0025144,0
TXN0025700,0
TXN0058071,0
TXN0039435,0
TXN0045613,0
TXN0040432,0
TXN0018731,0
TXN0036392,0
TXN0010902,0
TXN0054967,0
TXN0027411,0
TXN0049314,0
TXN0009585,0
TXN0002226,0
TXN0002534,0
TXN0036104,0
TXN0028291,0
TXN0029904,0
TXN0005663,0
TXN0009099,0
TXN0012091,0
TXN0059022,0
TXN0008100,0
TXN0043839,0
TXN0011809,0
TXN0048145,0
TXN0057190,0
TXN0024776,0
TXN0008778,0
TXN0059143,0
TXN0029002,0
TXN0059084,0
TXN0053665,0
TXN0018992,0
TXN0057337,0
TXN0035495,0
TXN0017253,0
TXN0049444,0
TXN0020948,0
TXN0003182,0
TXN0002412,0
TXN0027850,0
TXN0052647,0
TXN0057514,0
TXN0054794,0
TXN0025100,0
TXN0031090,0
TXN0026648,0
TXN0003807,0
TXN0020791,0
TXN0025191,0
TXN0047583,0
TXN0042475,0
TXN0022118,0
TXN0029807,0
TXN0008863,0
TXN0033374,0
TXN0057765,0
TXN0054717,0
TXN0008743,0
TXN0047426,0
TXN0000856,0
TXN0001926,0
TXN0057614,0
TXN0026000,0
TXN0052765,0
TXN0009402,0
TXN0054804,0
TXN0032812,0
TXN0002812,0
TXN0052052,0
TXN0023566,0
TXN0054706,0
TXN0038063,0
TXN0014628,0
TXN0036192,0
TXN0053387,0
TXN0019729,0
TXN0056652,0
TXN0042958,0
TXN0036091,0
TXN0044879,0
TXN0014405,0
TXN0053075,0
TXN0040331,0
TXN0046444,0
TXN0030192,0
TXN0034819,0
TXN0048918,0
TXN0001025,0
TXN0035841,0
TXN0019481,0
TXN0006881,0
TXN0000535,0
TXNR0182,1
TXN0018648,0
TXN0028528,0
TXN0010053,0
TXN0003796,0
TXN0010244,0
TXN0057346,0
TXN0005597,0
TXN0047419,0
TXN0012339,0
TXN0035785,0
TXN0017899,0
TXN0039622,0
TXN0035423,0
TXN0014570,0
TXN0059924,0
TXN0010296,0
TXN0027176,0
TXN0028648,0
TXN0056176,0
TXN0022450,0
TXN0009257,0
TXN0044520,0
TXN0047474,0
TXN0016760,0
TXN0039072,0
TXN0005050,0
TXN0030272,0
TXN0031050,0
TXN0009216,0
TXN0012402,0
TXN0053809,0
TXN0010719,0
TXN0033512,0
TXN0004954,0
TXN0044510,0
TXN0050437,0
TXN0058955,0
TXN0056790,0
TXN0031022,0
TXN0013193,0
TXN0034055,0
TXN0040176,0
TXN0027906,0
TXN0021108,0
TXN0036831,0
TXN0019507,0
TXN0006251,0
TXN0051455,0
TXN0046957,0
TXN0001739,0
TXN0028281,0
TXN0033459,0
TXN0034290,0
TXN0010256,0
TXN0022457,0
TXN0016611,0
TXN0054754,0
TXN0043383,0
TXN0026440,0
TXN0036197,0
TXN0005248,0
TXN0040547,0
TXN0056495,0
TXN0051066,0
TXN0054289,0
TXN0025305,0
TXN0031989,0
TXN0025793,0
TXN0034442,0
TXN0039290,0
TXN0023391,0
TXN0031734,0
TXN0003059,0
TXN0049262,0
TXN0053493,0
TXN0036201,0
TXN0030294,0
TXN0038465,0
TXN0051190,0
TXN0026154,0
TXN0018926,0
TXN0012291,0
TXN0035665,0
TXN0033426,0
TXN0007784,0
TXN0008917,0
TXN0030365,0
TXN0040710,0
TXN0058699,0
TXN0027429,0
TXN0037088,0
TXN0000974,0
TXN0022210,0
TXN0015455,0
TXN0036849,0
TXN0000620,0
TXN0017762,0
TXN0044666,0
TXN0009952,0
TXN0046549,0
TXN0031206,0
TXN0029854,0
TXN0046878,0
TXN0031070,0
TXN0040501,0
TXN0050163,0
TXN0030364,0
TXN0054503,0
TXN0058366,0
TXN0056759,0
TXN0030433,0
TXN0002028,0
TXN0047238,0
TXN0013031,0
TXN0038831,0
TXN0057122,0
TXN0048795,0
TXN0007280,0
TXN0015416,0
TXN0035515,0
TXN0034031,0
TXN0021912,0
TXN0015446,0
TXN0002512,0
TXN0048482,0
TXN0023640,0
TXN0058522,0
TXN0024887,0
TXN0042996,0
TXN0056323,0
TXN0024630,0
TXN0042697,0
TXN0033202,0
TXN0011655,0
TXN0006706,0
TXN0004570,0
TXN0043170,0
TXN0051337,0
TXN0013677,0
TXN0031591,0
TXN0007197,0
TXN0017918,0
TXN0037231,0
TXN0056990,0
TXN0050520,0
TXN0007453,0
TXN0043293,0
TXN0027435,0
TXN0000102,0
TXN0013885,0
TXN0001722,0
TXN0017178,0
TXN0042826,0
TXN0059230,0
TXN0050195,0
TXN0045287,0
TXN0029367,0
TXN0058150,0
TXN0057556,0
TXN0052196,0
TXN0029980,0
TXN0009700,0
TXN0045886,0
TXN0047513,0
TXN0010272,0
TXN0016004,0
TXN0046394,0
TXN0055007,0
TXN0034211,0
TXN0031529,0
TXN0052683,0
TXN0033573,0
TXN0013483,0
TXN0048589,0
TXN0031489,0
TXN0038880,0
TXN0024475,0
TXN0059680,0
TXN0021857,0
TXN0033921,0
TXN0021944,0
TXN0057816,0
TXN0001084,0
TXN0019889,0
TXN0003097,0
TXN0053874,0
TXN0025120,0
TXN0047990,0
TXN0058160,0
TXN0016219,0
TXN0043765,0
TXN0039485,0
TXN0052396,0
TXN0004476,0
TXN0029652,0
TXN0037818,0
TXN0003072,0
TXN0007527,0
TXN0018944,0
TXN0053685,0
TXN0034648,0
TXN0048375,0
TXN0002998,0
TXN0016058,0
TXN0054382,0
TXN0018426,0
TXN0004966,0
TXN0047509,0
TXN0031812,0
TXN0029123,0
TXN0035070,0
TXN0012636,0
TXN0019686,0
TXN0003974,0
TXN0045362,0
TXN0058997,0
TXN0058621,0
TXN0032483,0
TXN0054362,0
TXN0020591,0
TXN0034543,0
TXN0056616,0
TXN0023170,0
TXN0055982,0
TXN0036645,0
TXN0005493,0
TXN0019121,0
TXN0028293,0
TXN0008503,0
TXN0000057,0
TXN0019009,0
TXN0042579,0
TXN0044106,0
TXN0026110,0
TXN0009292,0
TXN0044977,0
TXN0052002,0
TXN0052450,0
TXN0050309,0
TXN0050175,0
TXN0032444,0
TXN0039992,0
TXN0009913,0
TXN0015448,0
TXN0036434,0
TXN0048949,0
TXN0046081,0
TXN0017268,0
TXN0010270,0
TXN0023652,0
TXN0016926,0
TXN0032643,0
TXN0030384,0
TXN0026339,0
TXN0034630,0
TXN0034040,0
TXN0050293,0
TXN0041103,0
TXN0035330,0
TXN0002838,0
TXN0033503,0
TXN0035241,0
TXN0028667,0
TXN0023133,0
TXN0011604,0
TXN0039166,0
TXN0030466,0
TXN0043686,0
TXN0000084,0
TXN0053629,0
TXN0020158,0
TXN0055277,0
TXN0011646,0
TXN0041357,0
TXN0005180,0
TXN0039747,0
TXN0054213,0
TXN0002736,0
TXN0010128,0
TXN0044230,0
TXN0013343,0
TXN0032261,0
TXN0042411,0
TXN0009380,0
TXN0046469,0
TXN0024903,0
TXN0013860,0
TXN0000553,0
TXN0044146,0
TXN0028267,0
TXN0023237,0
TXN0032271,0
TXN0049141,0
TXN0046784,0
TXN0038212,0
TXN0046320,0
TXN0048156,0
TXN0048040,0
TXN0015787,0
TXN0033124,0
TXN0004587,0
TXN0029076,0
TXN0036092,0
TXN0048131,0
TXN0052627,0
TXN0052284,0
TXN0054108,0
TXN0053669,0
TXN0009688,0
TXN0018651,0
TXN0035035,0
TXN0041159,0
TXN0018499,0
TXN0020161,0
TXN0003879,0
TXN0026933,0
TXN0048060,0
TXN0001745,0
TXN0042118,0
TXN0049970,0
TXN0019851,0
TXN0058471,0
TXN0049445,0
TXN0049215,0
TXN0058241,0
TXN0004973,0
TXN0040694,0
TXN0020645,0
TXN0027365,0
TXN0057623,0
TXN0004549,0
TXN0056042,0
TXN0007977,0
TXN0012770,0
TXN0029666,0
TXN0051508,0
TXN0018802,0
TXN0028897,0
TXN0048402,0
TXN0002488,0
TXN0011603,0
TXN0022196,0
TXN0005064,0
TXN0019088,0
TXN0037912,0
TXN0013145,0
TXN0043855,0
TXN0054871,0
TXN0030892,0
TXN0000218,0
TXN0039772,0
TXN0039948,0
TXN0002655,0
TXN0051638,0
TXN0048351,0
TXN0022487,0
TXN0042217,0
TXN0055884,0
TXN0058447,0
TXN0017763,0
TXN0023430,0
TXN0025110,0
TXN0042630,0
TXN0045211,0
TXN0049499,0
TXN0042639,0
TXN0028664,0
TXN0054187,0
TXN0031571,0
TXN0004099,0
TXN0025649,0
TXN0052482,0
TXN0007131,0
TXN0027823,0
TXN0007004,0
TXN0025852,0
TXN0005587,0
TXN0052308,0
TXN0018823,0
TXN0041021,0
TXN0046485,0
TXN0037866,0
TXN0024425,0
TXN0024136,0
TXN0021367,0
TXN0038579,0
TXN0042837,0
TXN0023134,0
TXN0055206,0
TXN0041671,0
TXN0054064,0
TXN0031460,0
TXN0004334,0
TXN0030349,0
TXN0021933,0
TXN0028370,0
TXN0015396,0
TXN0015904,0
TXN0009453,0
TXN0037994,0
TXN0027866,0
TXN0008673,0
TXN0008460,0
TXN0017677,0
TXN0033436,0
TXN0013939,0
TXN0039653,0
TXN0044268,0
TXN0015227,0
TXN0048193,0
TXN0056288,0
TXN0026320,0
TXN0033580,0
TXN0039087,0
TXN0032025,0
TXN0044655,0
TXN0026953,0
TXN0032903,0
TXN0034869,0
TXN0034074,0
TXN0011403,0
TXN0032893,0
TXN0035341,0
TXN0051240,0
TXN0009439,0
TXN0043575,0
TXN0036837,0
TXN0005635,0
TXN0007983,0
TXN0053930,0
TXN0031437,0
TXN0036137,0
TXN0051115,0
TXN0039168,0
TXN0050515,0
TXN0011724,0
TXN0038026,0
TXN0005320,0
TXN0022226,0
TXN0017783,0
TXN0011880,0
TXN0011366,0
TXN0011649,0
TXN0023756,0
TXN0037095,0
TXN0050001,0
TXN0051677,0
TXN0035776,0
TXN0045461,0
TXN0050528,0
TXN0037925,0
TXN0050162,0
TXN0029046,0
TXN0042054,0
TXN0035115,0
TXN0040339,0
TXN0041533,0
TXN0044047,0
TXN0050174,0
TXN0047170,0
TXN0051311,0
TXN0059259,0
TXN0030339,0
TXN0050786,0
TXN0032620,0
TXN0010790,0
TXN0044509,0
TXN0024117,0
TXN0012707,0
TXN0022251,0
TXN0016623,0
TXN0002002,0
TXN0052985,0
TXN0028256,0
TXN0030737,0
TXN0015573,0
TXN0031152,0
TXN0008843,0
TXN0047210,0
TXN0043644,0
TXN0015860,0
TXN0047810,0
TXN0014426,0
TXN0022421,0
TXN0013848,0
TXN0013502,0
TXN0014347,0
TXN0035702,0
TXN0017085,0
TXN0056619,0
TXN0053339,0
TXN0030269,0
TXN0006405,0
TXN0010133,0
TXN0014992,0
TXN0009500,0
TXN0035120,0
TXN0006077,0
TXN0032734,0
TXN0052947,0
TXN0013191,0
TXN0041228,0
TXN0030387,0
TXN0050552,0
TXN0029662,0
TXN0002134,0
TXN0016464,0
TXN0044538,0
TXN0033103,0
TXN0017399,0
TXN0009567,0
TXN0015642,0
TXN0051899,0
TXN0022991,0
TXN0054836,0
TXN0037013,0
TXN0001224,0
TXN0005143,0
TXN0007709,0
TXN0000638,0
TXN0044391,0
TXN0021088,0
TXN0059355,0
TXN0007733,0
TXN0027263,0
TXN0026221,0
TXN0026509,0
TXN0019974,0
TXN0040976,0
TXN0037149,0
TXN0020368,0
TXN0007447,0
TXN0058130,0
TXN0055415,0
TXN0003381,0
TXN0027830,0
TXN0028239,0
TXN0028210,0
TXN0023306,0
TXN0016547,0
TXN0019906,0
TXN0032237,0
TXN0050329,0
TXN0012679,0
TXN0037593,0
TXN0031562,0
TXN0055442,0
TXN0006799,0
TXN0035248,0
TXN0010830,0
TXN0039366,0
TXN0035042,0
TXN0010515,0
TXN0043570,0
TXN0031258,0
TXN0013982,0
TXN0034407,0
TXN0011374,0
TXN0035549,0
TXN0010301,0
TXN0011614,0
TXN0013228,0
TXN0046796,0
TXN0011071,0
TXN0022316,0
TXN0007509,0
TXN0040376,0
TXN0039987,0
TXN0048638,0
TXN0033699,0
TXN0013613,0
TXN0059682,0
TXN0005566,0
TXN0005502,0
TXN0020888,0
TXN0024946,0
TXN0001437,0
TXN0052065,0
TXN0033299,0
TXN0010768,0
TXN0040293,0
TXN0041251,0
TXN0022231,0
TXN0050787,0
TXN0050346,0
TXN0057432,0
TXN0009812,0
TXN0045931,0
TXN0016263,0
TXN0007034,0
TXN0043393,0
TXN0030359,0
TXN0059180,0
TXN0003217,0
TXN0000175,0
TXN0050351,0
TXN0043574,0
TXN0050146,0
TXN0045471,0
TXN0037464,0
TXN0000744,0
TXN0047495,0
TXN0052939,0
TXN0049633,0
TXN0020271,0
TXN0044155,0
TXN0043759,0
TXN0002570,0
TXN0055633,0
TXN0011845,0
TXN0035287,0
TXN0044829,0
TXN0053169,0
TXN0048960,0
TXN0023032,0
TXN0040010,0
TXN0046095,0
TXN0054089,0
TXN0024104,0
TXN0007095,0
TXN0015426,0
TXN0015674,0
TXN0026799,0
TXN0034342,0
TXN0059736,0
TXN0052448,0
TXN0045322,0
TXN0054310,0
TXN0021455,0
TXN0022511,0
TXN0003223,0
TXN0044567,0
TXN0008457,0
TXN0021313,0
TXN0040032,0
TXN0015512,0
TXN0001927,0
TXN0048298,0
TXN0051208,0
TXN0053350,0
TXN0008058,0
TXN0010483,0
TXN0056006,0
TXN0046141,0
TXN0005690,0
TXN0044352,0
TXN0001601,0
TXN0039372,0
TXN0034359,0
TXN0025090,0
TXN0022720,0
TXN0003244,0
TXN0022327,0
TXN0037794,0
TXN0034307,0
TXN0059105,0
TXN0003962,0
TXN0047480,0
TXN0011818,0
TXN0053534,0
TXN0010022,0
TXN0040033,0
TXN0056806,0
TXN0001304,0
TXN0003019,0
TXN0014546,0
TXN0034001,0
TXN0011992,0
TXN0052886,0
TXN0015918,0
TXN0034750,0
TXN0059694,0
TXN0000424,0
TXN0013187,0
TXN0013083,0
TXN0044497,0
TXN0004118,0
TXN0027648,0
TXN0033577,0
TXN0024274,0
TXN0028517,0
TXN0032171,0
TXN0056593,0
TXN0046668,0
TXN0055313,0
TXN0019725,0
TXN0011252,0
TXN0040476,0
TXN0051065,0
TXN0001208,0
TXN0023867,0
TXN0050384,0
TXN0035895,0
TXN0040531,0
TXN0059937,0
TXNS00101,1
TXN0056426,0
TXN0043545,0
TXN0014244,0
TXN0029617,0
TXN0001929,0
TXN0055522,0
TXN0051891,0
TXN0059174,0
TXN0050464,0
TXN0011780,0
TXN0024401,0
TXN0025564,0
TXN0002216,0
TXN0011320,0
TXN0022966,0
TXN0030118,0
TXN0016314,0
TXN0022110,0
TXN0001847,0
TXN0000881,0
TXN0015615,0
TXN0034956,0
TXN0049015,0
TXN0017330,0
TXN0002781,0
TXN0039027,0
TXN0058877,0
TXN0054602,0
TXN0018561,0
TXN0002560,0
TXN0028394,0
TXN0009551,0
TXN0000530,0
TXN0027265,0
TXN0036008,0
TXN0005612,0
TXN0023022,0
TXN0048161,0
TXN0033677,0
TXN0018146,0
TXN0053049,0
TXN0046105,0
TXN0042750,0
TXN0048805,0
TXN0057024,0
TXN0020064,0
TXN0009635,0
TXN0015062,0
TXN0030441,0
TXN0038322,0
TXN0001833,0
TXN0004753,0
TXN0013691,0
TXN0027547,0
TXN0004872,0
TXN0046071,0
TXN0056166,0
TXN0001472,0
TXN0040652,0
TXN0043946,0
TXN0019943,0
TXN0049763,0
TXN0025247,0
TXN0047804,0
TXN0018840,0
TXN0011657,0
TXN0058431,0
TXN0005560,0
TXN0013188,0
TXN0044852,0
TXN0011446,0
TXN0050896,0
TXN0032579,0
TXN0005136,0
TXN0031452,0
TXN0047759,0
TXN0009147,0
TXN0021568,0
TXN0031945,0
TXN0034208,0
TXN0013714,0
TXN0033974,0
TXN0049188,0
TXN0012473,0
TXN0054549,0
TXN0054848,0
TXN0045767,0
TXN0016127,0
TXN0051525,0
TXN0059695,0
TXN0012827,0
TXN0027245,0
TXN0052062,0
TXN0013479,0
TXN0051668,0
TXN0037363,0
TXN0043960,0
TXN0014724,0
TXN0031873,0
TXN0048783,0
TXN0050250,0
TXN0047397,0
TXN0038500,0
TXN0016070,0
TXN0059603,0
TXN0048577,0
TXN0053184,0
TXN0014910,0
TXN0024689,0
TXN0016795,0
TXN0054457,0
TXN0031459,0
TXN0004240,0
TXN0031028,0
TXN0006466,0
TXN0038320,0
TXN0043750,0
TXN0047446,0
TXN0024682,0
TXN0052297,0
TXN0001315,0
TXN0012718,0
TXN0055274,0
TXN0009223,0
TXN0046070,0
TXN0039450,0
TXN0010352,0
TXN0041135,0
TXN0049503,0
TXN0052066,0
TXN0005719,0
TXN0028599,0
TXN0023368,0
TXN0013578,0
TXN0014909,0
TXN0001046,0
TXN0017968,0
TXN0055102,0
TXN0015964,0
TXN0047567,0
TXN0030345,0
TXN0014941,0
TXN0049348,0
TXN0035906,0
TXN0049635,0
TXN0032238,0
TXN0001772,0
TXN0042991,0
TXN0040602,0
TXN0042490,0
TXN0001287,0
TXN0003948,0
TXN0037734,0
TXN0002621,0
TXN0024536,0
TXN0048273,0
TXN0028428,0
TXN0022984,0
TXN0050102,0
TXN0023358,0
TXN0046117,0
TXN0058043,0
TXN0017544,0
TXN0035006,0
TXN0059650,0
TXN0001205,0
TXN0047027,0
TXN0024497,0
TXN0048721,0
TXN0046787,0
TXN0000561,0
TXN0033292,0
TXN0025914,0
TXN0052612,0
TXN0053309,0
TXN0037454,0
TXN0045614,0
TXN0029552,0
TXN0052288,0
TXN0055200,0
TXN0017246,0
TXN0044989,0
TXN0039646,0
TXN0020854,0
TXN0009999,0
TXN0038821,0
TXN0003825,0
TXN0004958,0
TXN0059425,0
TXN0040053,0
TXN0024719,0
TXN0041393,0
TXN0058727,0
TXN0014582,0
TXN0050166,0
TXN0008896,0
TXN0010011,0
TXN0021500,0
TXN0039955,0
TXN0015070,0
TXN0049467,0
TXN0049473,0
TXN0008977,0
TXN0003054,0
TXN0011686,0
TXN0033632,0
TXN0000885,0
TXN0022713,0
TXN0024403,0
TXN0058085,0
TXN0040974,0
TXN0000749,0
TXN0030893,0
TXN0002355,0
TXN0036205,0
TXN0012344,0
TXN0020407,0
TXN0054664,0
TXN0030863,0
TXN0032527,0
TXN0008912,0
TXN0017991,0
TXN0030568,0
TXN0056950,0
TXN0050780,0
TXN0012620,0
TXN0012517,0
TXN0006210,0
TXN0029581,0
TXN0039573,0
TXN0023459,0
TXN0010667,0
TXN0003699,0
TXN0050962,0
TXN0001329,0
TXN0027120,0
TXN0014034,0
TXN0054226,0
TXN0018543,0
TXN0021553,0
TXN0001571,0
TXN0042981,0
TXN0034870,0
TXN0015698,0
TXN0029143,0
TXN0027655,0
TXN0046997,0
TXN0037511,0
TXN0028544,0
TXN0049321,0
TXN0018458,0
TXN0028325,0
TXN0048080,0
TXN0047814,0
TXN0024718,0
TXN0000185,0
TXN0041161,0
TXN0039799,0
TXN0002806,0
TXN0040993,0
TXN0020809,0
TXN0011850,0
TXN0041957,0
TXN0002202,0
TXN0003477,0
TXN0050746,0
TXN0024671,0
TXN0008265,0
TXN0015628,0
TXN0012049,0
TXN0057081,0
TXN0000695,0
TXN0013776,0
TXN0052687,0
TXN0056797,0
TXN0016868,0
TXN0044260,0
TXN0003733,0
TXN0049710,0
TXN0028250,0
TXN0013002,0
TXN0049350,0
TXN0040426,0
TXN0017691,0
TXN0015264,0
TXN0054424,0
TXN0044337,0
TXN0009891,0
TXN0053655,0
TXN0048965,0
TXN0002450,0
TXN0001504,0
TXN0003768,0
TXN0047577,0
TXN0031950,0
TXN0028788,0
TXN0030557,0
TXN0029999,0
TXN0041630,0
TXN0011804,0
TXN0022119,0
TXN0014312,0
TXN0039785,0
TXN0018757,0
TXN0011758,0
TXN0036897,0
TXN0017872,0
TXN0011021,0
TXN0003527,0
TXN0029949,0
TXN0000766,0
TXN0052129,0
TXN0017187,0
TXN0040784,0
TXN0014230,0
TXN0015213,0
TXN0045508,0
TXN0054626,0
TXN0046534,0
TXN0058769,0
TXN0023589,0
TXN0033093,0
TXN0020381,0
TXN0014687,0
TXN0003689,0
TXN0028864,0
TXN0022593,0
TXN0045737,0
TXN0032809,0
TXN0022214,0
TXN0024678,0
TXN0034551,0
TXN0050240,0
TXN0006595,0
TXN0058509,0
TXN0026274,0
TXN0008229,0
TXN0020249,0
TXN0041795,0
TXN0019307,0
TXN0011612,0
TXN0029144,0
TXN0019343,0
TXN0055162,0
TXN0025317,0
TXN0056515,0
TXN0053391,0
TXN0021320,0
TXN0048810,0
TXN0026576,0
TXN0032280,0
TXN0019112,0
TXN0014328,0
TXN0016485,0
TXN0045279,0
TXN0057180,0
TXN0022768,0
TXN0046638,0
TXN0010019,0
TXN0039089,0
TXN0049181,0
TXN0045112,0
TXN0011675,0
TXN0022296,0
TXN0059452,0
TXN0057853,0
TXN0038486,0
TXN0010162,0
TXN0011728,0
TXN0043331,0
TXN0052928,0
TXN0038942,0
TXN0027855,0
TXN0040497,0
TXN0036817,0
TXN0024623,0
TXN0044361,0
TXN0013219,0
TXN0044506,0
TXN0056913,0
TXN0017251,0
TXN0001688,0
TXN0027246,0
TXN0036764,0
TXN0020804,0
TXN0059776,0
TXN0002844,0
TXN0057214,0
TXN0013043,0
TXN0047349,0
TXN0054417,0
TXN0043319,0
TXN0059744,0
TXN0041531,0
TXN0057957,0
TXN0024392,0
TXN0043670,0
TXN0019903,0
TXN0033597,0
TXN0028564,0
TXN0021037,0
TXN0032953,0
TXN0021280,0
TXN0005546,0
TXN0026076,0
TXN0023390,0
TXN0024737,0
TXN0021561,0
TXN0022676,0
TXN0056892,0
TXN0022755,0
TXN0004574,0
TXN0052112,0
TXN0058860,0
TXN0041246,0
TXN0036728,0
TXN0055727,0
TXN0029621,0
TXN0024083,0
TXN0020905,0
TXN0045423,0
TXN0032221,0
TXN0039768,0
TXN0028429,0
TXN0012056,0
TXN0000393,0
TXN0050667,0
TXNS00111,1
TXN0050045,0
TXN0027182,0
TXN0000867,0
TXN0031001,0
TXN0011144,0
TXN0033201,0
TXN0041023,0
TXN0057336,0
TXN0016737,0
TXN0014689,0
TXN0033372,0
TXN0014048,0
TXN0052604,0
TXN0002774,0
TXN0005029,0
TXN0051584,0
TXN0047807,0
TXN0025706,0
TXN0009680,0
TXN0057643,0
TXN0003571,0
TXN0030374,0
TXN0030477,0
TXN0023054,0
TXN0018208,0
TXN0009989,0
TXN0054736,0
TXN0036786,0
TXN0017423,0
TXN0037934,0
TXN0038662,0
TXN0006185,0
TXN0018041,0
TXN0042801,0
TXN0044163,0
TXN0036627,0
TXN0015412,0
TXN0036726,0
TXN0020319,0
TXN0010282,0
TXN0024866,0
TXN0010614,0
TXN0047233,0
TXN0033308,0
TXN0001749,0
TXN0025165,0
TXN0056567,0
TXN0049127,0
TXN0053636,0
TXN0026135,0
TXN0010841,0
TXN0013134,0
TXN0052576,0
TXN0039393,0
TXN0016265,0
TXN0000975,0
TXN0037795,0
TXN0030579,0
TXN0005119,0
TXN0007818,0
TXN0030283,0
TXN0048499,0
TXN0018008,0
TXN0015346,0
TXN0037716,0
TXN0035958,0
TXN0002632,0
TXN0000360,0
TXN0038167,0
TXN0037776,0
TXN0019228,0
TXN0020126,0
TXN0015793,0
TXN0031811,0
TXN0059506,0
TXN0050531,0
TXN0059907,0
TXN0007039,0
TXN0017111,0
TXN0003896,0
TXN0031854,0
TXN0005909,0
TXN0000123,0
TXN0017789,0
TXN0038974,0
TXN0021094,0
TXN0039402,0
TXN0014460,0
TXN0011855,0
TXN0006096,0
TXN0034536,0
TXN0044127,0
TXN0010219,0
TXN0059053,0
TXN0046093,0
TXN0001452,0
TXN0041191,0
TXN0055347,0
TXN0048910,0
TXN0009092,0
TXN0031023,0
TXN0057929,0
TXN0035574,0
TXN0035449,0
TXN0050416,0
TXN0041383,0
TXN0058746,0
TXN0041394,0
TXN0003314,0
TXN0053450,0
TXN0016945,0
TXN0012882,0
TXN0020978,0
TXN0008396,0
TXN0059848,0
TXN0042116,0
TXN0020497,0
TXN0056030,0
TXN0026447,0
TXN0015773,0
TXN0000135,0
TXN0024222,0
TXN0028789,0
TXN0031796,0
TXN0024336,0
TXN0002944,0
TXN0029837,0
TXN0027944,0
TXN0032203,0
TXN0047672,0
TXN0005465,0
TXN0010224,0
TXN0030889,0
TXN0027470,0
TXN0022696,0
TXN0049778,0
TXN0042199,0
TXN0026622,0
TXN0036005,0
TXN0044108,0
TXN0038478,0
TXN0017711,0
TXN0036028,0
TXN0018913,0
TXN0015105,0
TXN0014410,0
TXN0047558,0
TXN0044103,0
TXN0051524,0
TXN0012018,0
TXN0039165,0
TXN0022241,0
TXN0012685,0
TXN0011399,0
TXN0021703,0
TXN0059987,0
TXN0059727,0
TXN0011486,0
TXN0017917,0
TXN0056064,0
TXN0011971,0
TXN0014538,0
TXN0002380,0
TXN0001236,0
TXN0059415,0
TXN0008796,0
TXN0028725,0
TXN0058030,0
TXN0005404,0
TXN0035809,0
TXN0009133,0
TXN0023362,0
TXN0013217,0
TXN0023973,0
TXN0046302,0
TXN0024453,0
TXN0049542,0
TXN0053347,0
TXN0030875,0
TXN0059545,0
TXN0039026,0
TXN0059582,0
TXN0036492,0
TXN0055324,0
TXN0050502,0
TXN0051440,0
TXN0022828,0
TXN0021734,0
TXN0024218,0
TXN0034133,0
TXN0023807,0
TXN0057647,0
TXN0035972,0
TXN0057092,0
TXN0037210,0
TXN0032343,0
TXN0054169,0
TXN0029465,0
TXN0054430,0
TXN0013346,0
TXN0019350,0
TXN0034833,0
TXN0013678,0
TXN0025489,0
TXN0001858,0
TXN0005061,0
TXN0053790,0
TXN0018243,0
TXN0016893,0
TXN0021331,0
TXN0026461,0
TXN0004975,0
TXN0017875,0
TXN0017415,0
TXN0035608,0
TXN0059134,0
TXN0029224,0
TXN0000420,0
TXN0002792,0
TXN0045031,0
TXN0010897,0
TXN0005207,0
TXN0029030,0
TXN0032525,0
TXN0026093,0
TXN0023375,0
TXN0052989,0
TXN0037462,0
TXN0015131,0
TXN0016579,0
TXN0029126,0
TXN0006624,0
TXN0045083,0
TXN0015817,0
TXN0007712,0
TXN0047404,0
TXN0041414,0
TXN0001017,0
TXN0056074,0
TXN0015963,0
TXN0009412,0
TXN0008192,0
TXN0048525,0
TXN0017986,0
TXN0050438,0
TXN0029346,0
TXN0019885,0
TXN0022036,0
TXN0019299,0
TXN0040163,0
TXN0032147,0
TXN0003718,0
TXN0005888,0
TXN0051614,0
TXN0039817,0
TXN0047841,0
TXN0010114,0
TXN0054092,0
TXN0054517,0
TXN0050814,0
TXN0032394,0
TXN0024886,0
TXN0049616,0
TXN0038280,0
TXN0031210,0
TXN0053730,0
TXN0042119,0
TXN0025701,0
TXN0049333,0
TXN0015584,0
TXN0017481,0
TXN0013018,0
TXN0030858,0
TXN0032324,0
TXN0002794,0
TXN0022537,0
TXN0028355,0
TXN0046478,0
TXN0029737,0
TXN0053186,0
TXN0018867,0
TXN0030469,0
TXN0022481,0
TXN0053132,0
TXN0042158,0
TXN0036589,0
TXN0012822,0
TXN0031818,0
TXN0007088,0
TXN0038752,0
TXN0048202,0
TXN0059473,0
TXN0042854,0
TXN0047741,0
TXN0037077,0
TXN0045150,0
TXN0019290,0
TXN0041367,0
TXN0047916,0
TXN0012202,0
TXN0049993,0
TXN0020835,0
TXN0026979,0
TXN0024591,0
TXN0006421,0
TXN0025499,0
TXN0020990,0
TXN0052219,0
TXN0037429,0
TXN0013513,0
TXN0038738,0
TXN0012578,0
TXN0032357,0
TXN0019674,0
TXN0021157,0
TXN0038509,0
TXN0035885,0
TXN0023136,0
TXN0020098,0
TXN0056799,0
TXN0012359,0
TXN0003846,0
TXN0045131,0
TXN0015299,0
TXN0051132,0
TXN0036158,0
TXN0025269,0
TXN0045359,0
TXN0053010,0
TXN0003261,0
TXN0012526,0
TXN0029848,0
TXN0041930,0
TXN0049144,0
TXN0039566,0
TXN0048042,0
TXN0053091,0
TXN0028377,0
TXN0020543,0
TXN0006023,0
TXN0015040,0
TXN0011091,0
TXN0058185,0
TXN0052869,0
TXN0013472,0
TXN0059343,0
TXN0037828,0
TXN0059092,0
TXN0007591,0
TXN0029659,0
TXN0007506,0
TXN0048360,0
TXN0009213,0
TXN0038288,0
TXN0010834,0
TXN0029534,0
TXN0039252,0
TXN0008727,0
TXN0015749,0
TXN0014932,0
TXN0001535,0
TXN0059029,0
TXN0031574,0
TXN0031325,0
TXN0006307,0
TXN0013803,0
TXN0014028,0
TXN0032422,0
TXN0026297,0
TXN0003652,0
TXN0022724,0
TXN0058402,0
TXN0036415,0
TXN0040237,0
TXN0047242,0
TXN0016622,0
TXN0006255,0
TXN0057674,0
TXN0038978,0
TXN0026098,0
TXN0058935,0
TXN0005714,0
TXN0026420,0
TXN0028003,0
TXN0030773,0
TXN0007313,0
TXN0029341,0
TXN0031426,0
TXN0048197,0
TXN0054822,0
TXN0059477,0
TXN0057568,0
TXN0048299,0
TXN0054813,0
TXN0047999,0
TXN0056748,0
TXN0055326,0
TXN0028604,0
TXN0045318,0
TXN0054284,0
TXN0013901,0
TXN0059985,0
TXN0030086,0
TXN0049372,0
TXN0008430,0
TXN0000245,0
TXN0005483,0
TXN0045196,0
TXN0002364,0
TXN0004307,0
TXN0056933,0
TXN0008800,0
TXN0031886,0
TXN0045845,0
TXN0031516,0
TXN0045759,0
TXN0044580,0
TXN0005277,0
TXN0024549,0
TXN0033475,0
TXN0032160,0
TXN0016047,0
TXN0001578,0
TXN0028672,0
TXN0027235,0
TXN0020181,0
TXN0056199,0
TXN0000059,0
TXN0034187,0
TXN0010597,0
TXN0016151,0
TXN0036748,0
TXN0010769,0
TXN0016321,0
TXN0000925,0
TXN0034130,0
TXN0029023,0
TXN0030688,0
TXN0049204,0
TXN0051907,0
TXN0033823,0
TXN0051048,0
TXN0020147,0
TXN0018254,0
TXN0053418,0
TXN0017550,0
TXN0022920,0
TXN0028163,0
TXN0025844,0
TXN0038120,0
TXN0002144,0
TXN0002167,0
TXN0017803,0
TXN0036681,0
TXN0031230,0
TXN0040661,0
TXN0015058,0
TXN0015354,0
TXN0052480,0
TXN0045790,0
TXN0056727,0
TXN0021200,0
TXN0016327,0
TXN0046913,0
TXN0040986,0
TXN0002205,0
TXN0039130,0
TXN0045428,0
TXN0025323,0
TXN0016017,0
TXN0049515,0
TXN0058301,0
TXN0055490,0
TXN0022805,0
TXN0013520,0
TXN0025947,0
TXN0006677,0
TXN0039720,0
TXN0012328,0
TXN0003540,0
TXN0049787,0
TXN0001522,0
TXN0013432,0
TXN0006446,0
TXN0030138,0
TXN0004290,0
TXN0026340,0
TXN0039827,0
TXN0031029,0
TXN0022660,0
TXN0012550,0
TXN0023223,0
TXN0037359,0
TXN0053503,0
TXN0014530,0
TXN0048628,0
TXN0006621,0
TXN0033683,0
TXN0000972,0
TXN0019427,0
TXN0043849,0
TXN0050886,0
TXN0010548,0
TXN0012801,0
TXN0022881,0
TXN0046038,0
TXN0006728,0
TXN0044832,0
TXN0037175,0
TXN0048833,0
TXN0003411,0
TXN0003133,0
TXN0001187,0
TXN0016944,0
TXN0047243,0
TXN0026127,0
TXN0019083,0
TXN0032699,0
TXN0001144,0
TXN0013635,0
TXN0047181,0
TXN0031602,0
TXN0048884,0
TXN0058600,0
TXN0049184,0
TXN0012587,0
TXN0043422,0
TXN0049533,0
TXN0023655,0
TXNR0181,1
TXN0045640,0
TXN0051521,0
TXN0046537,0
TXN0022797,0
TXN0055435,0
TXN0004723,0
TXN0015063,0
TXN0026709,0
TXN0050356,0
TXN0057696,0
TXN0011526,0
TXN0029152,0
TXN0031643,0
TXN0025402,0
TXN0015218,0
TXN0003717,0
TXN0038962,0
TXN0017528,0
TXN0020751,0
TXN0033926,0
TXN0020778,0
TXN0058620,0
TXN0006331,0
TXN0029004,0
TXN0024122,0
TXN0026488,0
TXN0020266,0
TXN0057064,0
TXN0036688,0
TXN0051952,0
TXN0036640,0
TXN0056519,0
TXN0021191,0
TXN0030312,0
TXN0003680,0
TXN0038545,0
TXN0015730,0
TXN0056248,0
TXN0027601,0
TXN0020556,0
TXN0023987,0
TXN0017424,0
TXN0047978,0
TXN0053568,0
TXN0015405,0
TXN0029400,0
TXN0026605,0
TXN0005318,0
TXN0052686,0
TXN0002660,0
TXN0007782,0
TXN0044053,0
TXN0036973,0
TXN0053155,0
TXN0019439,0
TXN0027469,0
TXN0053206,0
TXN0051239,0
TXN0021414,0
TXN0042428,0
TXN0015844,0
TXN0012565,0
TXN0044137,0
TXN0024794,0
TXN0045251,0
TXN0003728,0
TXN0002966,0
TXN0047565,0
TXN0039714,0
TXN0030333,0
TXN0024515,0
TXN0006030,0
TXN0029114,0
TXN0041653,0
TXN0033511,0
TXN0054964,0
TXN0016439,0
TXN0057110,0
TXN0058904,0
TXN0041960,0
TXN0030702,0
TXN0022290,0
TXN0040283,0
TXN0016515,0
TXN0008041,0
TXN0013071,0
TXN0005868,0
TXN0047606,0
TXN0007021,0
TXN0020325,0
TXN0020753,0
TXN0057319,0
TXN0015478,0
TXN0032863,0
TXN0009796,0
TXN0042562,0
TXN0029478,0
TXN0054902,0
TXN0059480,0
TXN0016756,0
TXN0001268,0
TXN0043727,0
TXN0052036,0
TXN0051613,0
TXN0012952,0
TXN0057203,0
TXN0008988,0
TXN0019940,0
TXN0023192,0
TXN0057344,0
TXN0052533,0
TXN0015900,0
TXN0006103,0
TXN0039637,0
TXN0052333,0
TXN0059026,0
TXN0014332,0
TXN0050066,0
TXN0016215,0
TXN0055838,0
TXN0026825,0
TXN0059414,0
TXN0004874,0
TXN0008645,0
TXN0032458,0
TXN0041358,0
TXN0015891,0
TXN0001085,0
TXN0031672,0
TXN0037056,0
TXN0030280,0
TXN0003582,0
TXN0051758,0
TXN0015687,0
TXN0003295,0
TXN0020785,0
TXN0041871,0
TXN0035171,0
TXN0022093,0
TXN0008126,0
TXN0041603,0
TXN0021830,0
TXN0018493,0
TXN0037554,0
TXN0019329,0
TXN0027575,0
TXN0033178,0
TXN0041484,0
TXN0043365,0
TXN0034505,0
TXN0014679,0
TXN0055652,0
TXN0035584,0
TXN0013049,0
TXN0016074,0
TXN0048185,0
TXN0041274,0
TXN0039525,0
TXN0039361,0
TXN0011443,0
TXN0044737,0
TXN0037353,0
TXN0000448,0
TXN0022268,0
TXN0014587,0
TXN0039546,0
TXN0037185,0
TXN0014418,0
TXN0056512,0
TXN0036809,0
TXN0048971,0
TXN0012741,0
TXN0018038,0
TXN0046251,0
TXN0023266,0
TXN0038451,0
TXN0026248,0
TXN0044931,0
TXN0047366,0
TXN0032235,0
TXN0010558,0
TXN0019923,0
TXN0010511,0
TXN0012621,0
TXN0032036,0
TXN0056540,0
TXN0016319,0
TXN0054075,0
TXN0014024,0
TXN0054970,0
TXN0019215,0
TXN0037279,0
TXN0052986,0
TXN0038848,0
TXN0037284,0
TXN0053303,0
TXN0018631,0
TXN0010101,0
TXN0011913,0
TXN0022741,0
TXN0001135,0
TXN0041557,0
TXN0042099,0
TXN0036281,0
TXN0035607,0
TXN0040062,0
TXN0024717,0
TXN0022875,0
TXN0037482,0
TXN0046565,0
TXN0047548,0
TXN0013846,0
TXN0052834,0
TXN0058131,0
TXN0009909,0
TXN0019084,0
TXN0009934,0
TXN0039231,0
TXN0047214,0
TXN0024552,0
TXN0048172,0
TXN0007482,0
TXN0011752,0
TXNR0171,1
TXN0059790,0
TXN0014066,0
TXN0051852,0
TXN0046066,0
TXN0027678,0
TXN0006306,0
TXN0054484,0
TXN0053829,0
TXN0006028,0
TXN0002458,0
TXN0058798,0
TXN0024044,0
TXN0056731,0
TXN0056741,0
TXN0059488,0
TXN0021601,0
TXN0054741,0
TXN0002415,0
TXN0059358,0
TXN0020278,0
TXN0008861,0
TXN0056680,0
TXN0033327,0
TXN0039881,0
TXN0036410,0
TXN0059096,0
TXN0004536,0
TXN0018656,0
TXN0014656,0
TXN0040892,0
TXN0048498,0
TXN0048115,0
TXN0000610,0
TXN0007946,0
TXN0006518,0
TXN0004553,0
TXN0038119,0
TXN0040615,0
TXN0046852,0
TXN0033411,0
TXN0052772,0
TXN0050327,0
TXN0003205,0
TXN0048981,0
TXN0020703,0
TXN0031248,0
TXN0025059,0
TXN0038101,0
TXN0008294,0
TXN0040972,0
TXN0024533,0
TXN0002321,0
TXN0043676,0
TXN0005088,0
TXN0028478,0
TXN0024967,0
TXN0057269,0
TXN0035291,0
TXN0016110,0
TXN0010691,0
TXN0021179,0
TXN0033645,0
TXN0057232,0
TXN0029272,0
TXN0029160,0
TXN0049192,0
TXN0011659,0
TXN0008401,0
TXN0044821,0
TXN0047255,0
TXN0016744,0
TXN0050407,0
TXN0046996,0
TXN0002199,0
TXN0057250,0
TXN0022789,0
TXN0021462,0
TXN0007087,0
TXN0015221,0
TXN0036907,0
TXN0011697,0
TXN0010505,0
TXN0012747,0
TXN0007944,0
TXN0059381,0
TXN0056976,0
TXN0048740,0
TXN0037655,0
TXN0055672,0
TXN0039793,0
TXN0001069,0
TXN0023140,0
TXN0017906,0
TXN0050363,0
TXN0025221,0
TXN0036094,0
TXN0045754,0
TXN0049788,0
TXN0013102,0
TXN0030180,0
TXN0013740,0
TXN0057144,0
TXN0012836,0
TXN0054227,0
TXN0021921,0
TXN0036044,0
TXN0050510,0
TXN0032191,0
TXN0052117,0
TXN0024916,0
TXN0053380,0
TXN0025226,0
TXN0018165,0
TXN0017499,0
TXN0009148,0
TXN0059489,0
TXN0031093,0
TXN0048574,0
TXN0046333,0
TXN0015829,0
TXN0022282,0
TXN0046437,0
TXN0039561,0
TXN0014965,0
TXN0051490,0
TXN0047569,0
TXN0059688,0
TXN0034528,0
TXN0041082,0
TXN0035011,0
TXN0023233,0
TXN0042390,0
TXN0011630,0
TXN0048786,0
TXN0023440,0
TXN0039719,0
TXN0001159,0
TXN0011782,0
TXN0058213,0
TXN0006622,0
TXNR0141,1
TXN0040947,0
TXN0018836,0
TXN0036806,0
TXN0037631,0
TXN0041780,0
TXN0057012,0
TXN0018915,0
TXN0035800,0
TXN0040051,0
TXN0059521,0
TXN0039380,0
TXN0050193,0
TXN0000018,0
TXN0038241,0
TXN0052879,0
TXN0035003,0
TXN0030509,0
TXN0022100,0
TXN0002599,0
TXN0044256,0
TXN0031000,0
TXN0032040,0
TXN0021540,0
TXN0019298,0
TXN0007702,0
TXN0050436,0
TXN0057530,0
TXN0049906,0
TXN0025439,0
TXN0011406,0
TXN0048188,0
TXN0053129,0
TXN0006444,0
TXN0025346,0
TXN0034245,0
TXN0059882,0
TXN0000973,0
TXN0010621,0
TXN0007018,0
TXN0054350,0
TXN0043190,0
TXN0058173,0
TXN0030929,0
TXN0039430,0
TXN0022854,0
TXN0053570,0
TXN0058271,0
TXN0044592,0
TXN0055438,0
TXN0042202,0
TXN0046862,0
TXN0031731,0
TXN0027220,0
TXN0002315,0
TXN0026078,0
TXN0012078,0
TXN0052449,0
TXN0054988,0
TXN0024752,0
TXN0032799,0
TXN0004013,0
TXN0036114,0
TXN0014694,0
TXN0025271,0
TXN0013785,0
TXN0054387,0
TXN0007093,0
TXN0017404,0
TXN0016553,0
TXN0034301,0
TXN0015857,0
TXN0017091,0
TXN0002712,0
TXN0020721,0
TXN0052813,0
TXN0056413,0
TXN0029418,0
TXN0008945,0
TXN0019560,0
TXN0017613,0
TXN0030066,0
TXN0054900,0
TXN0049579,0
TXN0000577,0
TXN0029295,0
TXN0036583,0
TXN0026188,0
TXN0043281,0
TXN0055286,0
TXN0037682,0
TXN0013372,0
TXN0007899,0
TXN0003947,0
TXN0050692,0
TXN0056040,0
TXN0059282,0
TXN0020653,0
TXN0007529,0
TXN0047793,0
TXN0001624,0
TXN0027782,0
TXN0055421,0
TXN0038842,0
TXN0046964,0
TXN0028520,0
TXN0051497,0
TXN0036308,0
TXN0009756,0
TXN0008691,0
TXN0050413,0
TXN0040499,0
TXN0056130,0
TXN0016593,0
TXN0056831,0
TXN0041270,0
TXN0059726,0
TXN0059572,0
TXN0051173,0
TXN0050611,0
TXN0034880,0
TXN0016080,0
TXN0028491,0
TXN0020035,0
TXN0004390,0
TXN0051916,0
TXN0046236,0
TXN0014887,0
TXN0003479,0
TXN0018539,0
TXN0007458,0
TXN0003672,0
TXN0014227,0
TXN0010438,0
TXN0055245,0
TXN0019999,0
TXN0002003,0
TXN0027431,0
TXN0043691,0
TXN0012072,0
TXN0013213,0
TXN0009136,0
TXN0055385,0
TXN0012264,0
TXN0048496,0
TXN0033924,0
TXN0045205,0
TXN0009895,0
TXN0048198,0
TXN0006192,0
TXN0002248,0
TXN0038330,0
TXN0021258,0
TXN0015852,0
TXN0056605,0
TXN0018538,0
TXN0008287,0
TXN0029604,0
TXN0017341,0
TXN0021151,0
TXN0007670,0
TXN0022452,0
TXN0045835,0
TXN0033762,0
TXN0054511,0
TXN0004600,0
TXN0017454,0
TXN0054617,0
TXN0003817,0
TXN0045244,0
TXN0046137,0
TXN0022127,0
TXN0031432,0
TXN0040621,0
TXN0023674,0
TXN0050529,0
TXN0026379,0
TXN0026871,0
TXN0031058,0
TXN0049269,0
TXN0029870,0
TXN0030030,0
TXN0017379,0
TXN0036078,0
TXN0057027,0
TXN0051995,0
TXN0042290,0
TXN0021513,0
TXN0012375,0
TXN0023267,0
TXN0026551,0
TXN0028975,0
TXN0011830,0
TXN0022383,0
TXN0038477,0
TXN0054780,0
TXN0001241,0
TXN0033799,0
TXN0024691,0
TXN0045245,0
TXN0023373,0
TXN0002565,0
TXN0018882,0
TXN0042971,0
TXN0012920,0
TXN0038270,0
TXN0005995,0
TXN0057469,0
TXN0029530,0
TXN0027641,0
TXN0009182,0
TXN0041151,0
TXN0032437,0
TXN0052752,0
TXN0043645,0
TXN0001199,0
TXN0057596,0
TXN0032326,0
TXN0055078,0
TXN0001692,0
TXN0059380,0
TXN0034477,0
TXN0041733,0
TXN0048272,0
TXN0046593,0
TXN0038418,0
TXN0004435,0
TXN0051811,0
TXN0058279,0
TXN0014823,0
TXN0028639,0
TXN0032228,0
TXN0047378,0
TXN0041962,0
TXN0047979,0
TXN0032480,0
TXN0040525,0
TXN0009013,0
TXN0051182,0
TXN0002988,0
TXN0002689,0
TXN0054882,0
TXN0042401,0
TXN0045938,0
TXN0016952,0
TXN0032882,0
TXN0044670,0
TXN0009529,0
TXN0015409,0
TXN0023618,0
TXN0022592,0
TXN0042335,0
TXN0034527,0
TXN0030886,0
TXN0049291,0
TXN0035765,0
TXN0038980,0
TXN0025579,0
TXN0014800,0
TXN0031054,0
TXN0024061,0
TXN0015098,0
TXN0052837,0
TXN0020055,0
TXN0048218,0
TXN0000552,0
TXN0038002,0
TXN0059067,0
TXN0012227,0
TXN0042393,0
TXN0011193,0
TXN0015095,0
TXN0038948,0
TXN0054326,0
TXN0009888,0
TXN0033606,0
TXN0047885,0
TXN0048587,0
TXN0027020,0
TXN0016533,0
TXN0005243,0
TXN0052873,0
TXN0000415,0
TXN0051106,0
TXN0023258,0
TXN0047923,0
TXN0006486,0
TXN0034930,0
TXN0013872,0
TXN0008611,0
TXN0008330,0
TXN0008431,0
TXN0047079,0
TXN0001432,0
TXN0010615,0
TXN0039569,0
TXN0049347,0
TXN0020299,0
TXN0029607,0
TXN0052907,0
TXN0044691,0
TXN0037340,0
TXN0011160,0
TXN0005177,0
TXN0027262,0
TXN0010466,0
TXN0001963,0
TXN0053661,0
TXN0005446,0
TXN0017469,0
TXN0006674,0
TXN0040488,0
TXN0031545,0
TXN0029602,0
TXN0008955,0
TXN0027397,0
TXN0004271,0
TXN0050068,0
TXN0017038,0
TXN0001702,0
TXN0046312,0
TXN0046731,0
TXN0025513,0
TXN0009554,0
TXN0009454,0
TXN0044962,0
TXN0024730,0
TXN0017694,0
TXN0008104,0
TXN0040946,0
TXN0057292,0
TXN0004089,0
TXN0024248,0
TXN0031693,0
TXN0051034,0
TXN0016506,0
TXN0016444,0
TXN0045417,0
TXN0040599,0
TXN0035324,0
TXN0005962,0
TXN0000024,0
TXN0002451,0
TXN0026626,0
TXN0059385,0
TXN0022378,0
TXN0052726,0
TXN0009131,0
TXN0013162,0
TXN0043392,0
TXN0006141,0
TXN0010040,0
TXN0008882,0
TXN0046802,0
TXN0029251,0
TXN0007307,0
TXN0020301,0
TXN0056854,0
TXN0045977,0
TXN0056527,0
TXN0037463,0
TXN0000300,0
TXN0047173,0
TXN0059737,0
TXN0058340,0
TXN0025888,0
TXN0049415,0
TXN0021290,0
TXN0006781,0
TXN0017578,0
TXN0011811,0
TXN0045990,0
TXN0018096,0
TXN0014906,0
TXN0006751,0
TXN0022064,0
TXN0028947,0
TXN0029091,0
TXN0053926,0
TXN0054930,0
TXN0047816,0
TXN0003078,0
TXN0036317,0
TXN0003209,0
TXN0017637,0
TXN0007466,0
TXN0052677,0
TXN0033207,0
TXN0010316,0
TXN0030351,0
TXN0021977,0
TXN0006891,0
TXN0031944,0
TXN0028914,0
TXN0050710,0
TXN0040322,0
TXN0012190,0
TXN0006774,0
TXN0054004,0
TXN0000068,0
TXN0013175,0
TXN0050842,0
TXN0031012,0
TXN0049709,0
TXN0059482,0
TXN0016192,0
TXN0051414,0
TXN0035137,0
TXN0030353,0
TXN0007312,0
TXN0017057,0
TXN0027924,0
TXN0004279,0
TXN0015378,0
TXN0019954,0
TXN0042139,0
TXN0033864,0
TXN0001982,0
TXN0041559,0
TXN0029753,0
TXN0007966,0
TXN0012215,0
TXN0011624,0
TXN0045275,0
TXN0006798,0
TXN0009140,0
TXN0021285,0
TXN0010826,0
TXN0014760,0
TXN0028634,0
TXN0040275,0
TXN0017361,0
TXN0004803,0
TXN0034274,0
TXN0044022,0
TXN0053831,0
TXN0033781,0
TXN0023119,0
TXN0037469,0
TXN0054435,0
TXN0008149,0
TXN0025437,0
TXN0049058,0
TXN0034401,0
TXN0018637,0
TXN0044281,0
TXN0039060,0
TXN0041593,0
TXN0017283,0
TXN0010148,0
TXN0049804,0
TXN0003801,0
TXN0041860,0
TXN0059520,0
TXN0005614,0
TXN0025898,0
TXN0043929,0
TXN0040640,0
TXN0019875,0
TXN0040267,0
TXN0058876,0
TXN0053624,0
TXN0036498,0
TXN0036226,0
TXN0053958,0
TXN0047439,0
TXN0026571,0
TXN0056545,0
TXN0054770,0
TXN0036079,0
TXN0054489,0
TXN0038664,0
TXN0036288,0
TXN0051600,0
TXN0034570,0
TXN0049323,0
TXN0056317,0
TXN0028774,0
TXN0034256,0
TXN0058158,0
TXN0011140,0
TXN0028512,0
TXN0018429,0
TXN0054334,0
TXN0052767,0
TXN0037547,0
TXN0055618,0
TXN0031321,0
TXN0030941,0
TXN0016302,0
TXN0027607,0
TXN0016960,0
TXN0057785,0
TXN0048902,0
TXN0056379,0
TXN0039134,0
TXN0001646,0
TXN0054274,0
TXN0040618,0
TXN0057228,0
TXN0002177,0
TXN0012222,0
TXN0034603,0
TXN0019636,0
TXN0059891,0
TXN0016983,0
TXN0043133,0
TXN0040929,0
TXN0053789,0
TXN0002438,0
TXN0006203,0
TXN0033585,0
TXN0023089,0
TXN0011063,0
TXN0039780,0
TXN0035160,0
TXN0032532,0
TXN0004373,0
TXN0014078,0
TXN0044536,0
TXN0048507,0
TXN0005728,0
TXN0032503,0
TXN0003576,0
TXN0040001,0
TXN0046973,0
TXN0048147,0
TXN0052881,0
TXN0007717,0
TXN0019180,0
TXN0020995,0
TXN0040549,0
TXN0051905,0
TXN0032840,0
TXN0001461,0
TXN0031384,0
TXN0059939,0
TXN0050123,0
TXN0019369,0
TXN0013408,0
TXN0010340,0
TXN0011369,0
TXN0001325,0
TXN0053859,0
TXN0018632,0
TXN0037221,0
TXN0040659,0
TXN0042883,0
TXN0042901,0
TXN0013138,0
TXN0031608,0
TXN0042672,0
TXN0054328,0
TXN0047305,0
TXN0025760,0
TXN0046014,0
TXN0031261,0
TXN0030320,0
TXN0055881,0
TXN0016283,0
TXN0005797,0
TXN0028402,0
TXN0034514,0
TXN0010372,0
TXN0018021,0
TXN0001821,0
TXN0021017,0
TXN0008774,0
TXN0022026,0
TXN0054130,0
TXNR0212,1
TXN0041588,0
TXN0003497,0
TXN0019109,0
TXN0008956,0
TXN0028288,0
TXN0022505,0
TXN0014316,0
TXN0027793,0
TXN0042366,0
TXN0006220,0
TXN0021470,0
TXN0026710,0
TXN0000757,0
TXN0007806,0
TXN0042882,0
TXN0009622,0
TXN0006338,0
TXN0055228,0
TXN0032011,0
TXN0050593,0
TXN0010249,0
TXN0028401,0
TXN0027839,0
TXN0012670,0
TXN0003572,0
TXN0049816,0
TXN0037262,0
TXN0043264,0
TXN0044446,0
TXN0013570,0
TXN0027341,0
TXN0004487,0
TXN0009262,0
TXN0056932,0
TXN0048642,0
TXN0028502,0
TXN0039570,0
TXN0033479,0
TXN0030511,0
TXN0041858,0
TXN0030706,0
TXN0001865,0
TXN0019818,0
TXN0056670,0
TXN0020960,0
TXN0004462,0
TXN0053590,0
TXN0000921,0
TXN0037096,0
TXN0037827,0
TXN0007073,0
TXN0054109,0
TXN0037242,0
TXN0032209,0
TXN0033348,0
TXN0046906,0
TXN0027022,0
TXN0032927,0
TXN0022027,0
TXN0013235,0
TXN0037479,0
TXN0023641,0
TXN0025875,0
TXN0056776,0
TXN0032202,0
TXN0032022,0
TXN0036440,0
TXN0026196,0
TXN0043587,0
TXN0057429,0
TXN0024616,0
TXN0000637,0
TXN0029404,0
TXN0030132,0
TXN0059921,0
TXN0053430,0
TXN0001258,0
TXN0022899,0
TXN0018374,0
TXN0057916,0
TXN0005063,0
TXN0053512,0
TXN0050644,0
TXN0005900,0
TXN0007562,0
TXN0046821,0
TXN0049198,0
TXN0056389,0
TXN0057842,0
TXN0002040,0
TXN0026767,0
TXN0035939,0
TXN0025407,0
TXN0054519,0
TXN0057751,0
TXN0040073,0
TXN0053943,0
TXN0025381,0
TXN0045237,0
TXN0026534,0
TXN0041713,0
TXN0046492,0
TXN0038614,0
TXN0031353,0
TXN0054137,0
TXN0051566,0
TXN0010910,0
TXN0009835,0
TXN0036655,0
TXN0001460,0
TXN0050773,0
TXN0037349,0
TXN0038769,0
TXN0048017,0
TXN0021141,0
TXN0001694,0
TXN0059088,0
TXN0026836,0
TXN0017332,0
TXN0006544,0
TXN0004005,0
TXN0056216,0
TXN0041709,0
TXN0002675,0
TXN0007935,0
TXN0015094,0
TXN0016556,0
TXN0054196,0
TXN0007770,0
TXN0022951,0
TXN0007832,0
TXN0004353,0
TXN0004930,0
TXN0005721,0
TXN0018811,0
TXN0057006,0
TXN0046431,0
TXN0015921,0
TXN0059371,0
TXN0050434,0
TXN0024992,0
TXN0005839,0
TXN0054745,0
TXN0006490,0
TXN0002416,0
TXN0053106,0
TXN0042194,0
TXN0027725,0
TXN0026835,0
TXN0021961,0
TXN0004517,0
TXN0023531,0
TXN0051373,0
TXN0053094,0
TXN0021511,0
TXN0046513,0
TXN0015915,0
TXN0015090,0
TXN0047274,0
TXN0008103,0
TXN0021226,0
TXN0049244,0
TXN0053086,0
TXN0021866,0
TXN0036862,0
TXN0023168,0
TXN0016588,0
TXN0026766,0
TXN0028775,0
TXN0046031,0
TXN0033484,0
TXN0053449,0
TXN0003531,0
TXN0059914,0
TXN0017465,0
TXN0017913,0
TXN0043282,0
TXN0047772,0
TXN0042699,0
TXN0005111,0
TXN0046256,0
TXN0018116,0
TXN0014762,0
TXN0041717,0
TXN0007139,0
TXN0030241,0
TXN0044190,0
TXN0014503,0
TXN0057846,0
TXN0048027,0
TXN0029816,0
TXN0039241,0
TXN0001354,0
TXN0004934,0
TXN0008046,0
TXN0017842,0
TXN0052340,0
TXN0027247,0
TXN0009684,0
TXN0013508,0
TXN0011135,0
TXN0053232,0
TXN0001567,0
TXN0043763,0
TXN0015586,0
TXN0041318,0
TXN0007288,0
TXN0023506,0
TXN0031192,0
TXN0027930,0
TXN0038767,0
TXN0045225,0
TXN0011712,0
TXN0007216,0
TXN0038560,0
TXN0056622,0
TXN0035069,0
TXN0012643,0
TXN0009442,0
TXN0052194,0
TXN0059007,0
TXN0033217,0
TXN0020334,0
TXN0027199,0
TXN0041724,0
TXN0032399,0
TXN0036892,0
TXN0022435,0
TXN0020893,0
TXN0053914,0
TXN0015026,0
TXN0017923,0
TXN0026809,0
TXN0016783,0
TXN0027240,0
TXN0040906,0
TXN0030290,0
TXN0023439,0
TXN0053281,0
TXN0035271,0
TXN0055444,0
TXN0009770,0
TXN0043232,0
TXN0053313,0
TXN0011038,0
TXN0029433,0
TXN0025992,0
TXN0017870,0
TXN0056079,0
TXN0013679,0
TXN0040980,0
TXN0054636,0
TXN0044543,0
TXN0031246,0
TXN0023663,0
TXN0035190,0
TXN0059383,0
TXN0000467,0
TXN0034456,0
TXN0058582,0
TXN0003312,0
TXN0039608,0
TXN0053687,0
TXN0059923,0
TXN0011352,0
TXN0051074,0
TXN0008623,0
TXN0029233,0
TXN0056699,0
TXN0000693,0
TXN0024809,0
TXN0014309,0
TXN0027106,0
TXN0046756,0
TXN0036039,0
TXN0043315,0
TXN0016076,0
TXN0038250,0
TXN0022298,0
TXN0047471,0
TXN0016561,0
TXN0008195,0
TXN0015344,0
TXN0041888,0
TXN0010187,0
TXN0058411,0
TXN0041219,0
TXN0033063,0
TXN0047183,0
TXN0030569,0
TXN0016119,0
TXN0055635,0
TXN0051795,0
TXN0027112,0
TXN0003892,0
TXN0034902,0
TXN0005244,0
TXN0036345,0
TXN0043786,0
TXN0008576,0
TXN0028859,0
TXN0038653,0
TXN0046813,0
TXN0012382,0
TXN0052206,0
TXN0022769,0
TXN0000042,0
TXN0005376,0
TXN0045873,0
TXN0004049,0
TXN0032874,0
TXN0057315,0
TXN0055471,0
TXN0054342,0
TXN0043958,0
TXN0005811,0
TXN0045858,0
TXN0056654,0
TXN0020742,0
TXN0054905,0
TXN0048123,0
TXN0044499,0
TXN0033188,0
TXN0034270,0
TXN0055902,0
TXN0035242,0
TXN0001217,0
TXN0028317,0
TXN0020526,0
TXN0048012,0
TXN0018732,0
TXN0042869,0
TXN0035408,0
TXN0026301,0
TXN0052268,0
TXN0008764,0
TXN0046174,0
TXN0000087,0
TXN0027768,0
TXN0043639,0
TXN0011565,0
TXN0014253,0
TXN0010654,0
TXN0027437,0
TXN0015060,0
TXN0030819,0
TXN0025443,0
TXN0016628,0
TXN0010015,0
TXN0045827,0
TXN0034143,0
TXN0044374,0
TXN0002483,0
TXN0035706,0
TXN0025223,0
TXN0057566,0
TXN0058491,0
TXN0058273,0
TXN0010760,0
TXN0032627,0
TXN0019693,0
TXN0008349,0
TXN0012872,0
TXN0051170,0
TXN0023102,0
TXN0059919,0
TXN0054175,0
TXN0004074,0
TXN0052731,0
TXN0052110,0
TXN0055494,0
TXN0041664,0
TXN0037124,0
TXN0027312,0
TXN0040141,0
TXN0055391,0
TXN0057984,0
TXN0052531,0
TXN0002381,0
TXN0053963,0
TXN0015677,0
TXN0001648,0
TXN0037632,0
TXN0048485,0
TXN0016494,0
TXN0005743,0
TXN0042247,0
TXN0032121,0
TXN0006678,0
TXN0039180,0
TXN0006097,0
TXN0058052,0
TXN0037968,0
TXN0048690,0
TXN0059338,0
TXN0005305,0
TXN0025433,0
TXN0042111,0
TXN0048388,0
TXN0005617,0
TXN0011152,0
TXN0026445,0
TXN0019202,0
TXN0042611,0
TXN0024966,0
TXN0013510,0
TXN0043127,0
TXN0031239,0
TXN0017916,0
TXN0036680,0
TXN0035297,0
TXN0031177,0
TXN0027881,0
TXN0012396,0
TXN0006448,0
TXN0009734,0
TXN0033770,0
TXN0024030,0
TXN0054584,0
TXN0035094,0
TXN0059730,0
TXN0021305,0
TXN0001979,0
TXN0011255,0
TXN0013155,0
TXN0011848,0
TXN0040245,0
TXN0055842,0
TXN0010847,0
TXN0016411,0
TXN0016855,0
TXN0015437,0
TXN0042872,0
TXN0017409,0
TXN0000445,0
TXN0003323,0
TXN0048835,0
TXN0019667,0
TXN0058991,0
TXN0006959,0
TXN0026693,0
TXN0017230,0
TXN0056335,0
TXN0027780,0
TXN0030300,0
TXN0005849,0
TXN0002922,0
TXN0042653,0
TXN0036563,0
TXN0017603,0
TXN0012247,0
TXN0004527,0
TXN0033630,0
TXN0032276,0
TXN0027394,0
TXN0012552,0
TXN0027979,0
TXN0049412,0
TXN0013079,0
TXN0047149,0
TXN0041511,0
TXN0029639,0
TXN0040787,0
TXN0057357,0
TXN0026022,0
TXN0021941,0
TXN0037179,0
TXN0040833,0
TXN0056035,0
TXN0000999,0
TXN0045024,0
TXN0047791,0
TXN0008444,0
TXN0030641,0
TXN0023354,0
TXN0048434,0
TXN0038071,0
TXN0010895,0
TXN0022970,0
TXN0053648,0
TXN0030996,0
TXN0049013,0
TXN0023694,0
TXN0006846,0
TXN0045295,0
TXN0024400,0
TXN0020069,0
TXN0059036,0
TXN0014727,0
TXN0025575,0
TXN0027264,0
TXN0033061,0
TXN0047493,0
TXN0049463,0
TXN0000131,0
TXN0031202,0
TXN0052143,0
TXN0023557,0
TXN0002728,0
TXN0015552,0
TXN0017238,0
TXN0013195,0
TXN0057693,0
TXN0026570,0
TXN0049232,0
TXN0022184,0
TXN0040066,0
TXN0009729,0
TXN0043818,0
TXN0014161,0
TXN0009710,0
TXN0059856,0
TXN0046808,0
TXN0043380,0
TXN0038017,0
TXN0019266,0
TXN0024359,0
TXN0029946,0
TXN0023371,0
TXN0008826,0
TXN0010939,0
TXN0042413,0
TXN0017970,0
TXN0029466,0
TXN0047152,0
TXN0028395,0
TXN0018506,0
TXN0033427,0
TXN0024511,0
TXN0037329,0
TXN0030608,0
TXN0005830,0
TXN0032586,0
TXN0006507,0
TXN0050586,0
TXN0016500,0
TXN0056139,0
TXN0056520,0
TXN0042441,0
TXN0022217,0
TXN0009883,0
TXN0050245,0
TXN0049113,0
TXN0031835,0
TXN0051388,0
TXN0054366,0
TXN0025645,0
TXN0002066,0
TXN0034390,0
TXN0001071,0
TXN0007076,0
TXN0023731,0
TXN0030493,0
TXN0034488,0
TXN0048046,0
TXN0052836,0
TXN0049880,0
TXN0021624,0
TXN0050390,0
TXN0009958,0
TXN0023828,0
TXN0021614,0
TXN0020881,0
TXN0019844,0
TXN0045848,0
TXN0003878,0
TXN0037748,0
TXN0024617,0
TXN0029784,0
TXN0059237,0
TXN0057077,0
TXN0035391,0
TXN0016249,0
TXN0017507,0
TXN0013768,0
TXN0035337,0
TXN0002223,0
TXN0043920,0
TXN0040490,0
TXN0031282,0
TXN0000079,0
TXN0059674,0
TXN0050459,0
TXN0010777,0
TXN0026408,0
TXN0004626,0
TXN0034247,0
TXN0040171,0
TXN0045777,0
TXN0054003,0
TXN0016083,0
TXN0003372,0
TXN0028707,0
TXN0011985,0
TXN0026597,0
TXN0031275,0
TXN0000422,0
TXN0023611,0
TXN0020762,0
TXN0035745,0
TXN0041293,0
TXN0053035,0
TXN0006303,0
TXN0059518,0
TXN0020328,0
TXN0026807,0
TXN0044107,0
TXN0053652,0
TXN0001151,0
TXN0001556,0
TXN0040604,0
TXN0022097,0
TXN0040743,0
TXN0052406,0
TXN0056144,0
TXN0009278,0
TXN0019377,0
TXN0015076,0
TXN0056596,0
TXN0004166,0
TXN0026578,0
TXN0056998,0
TXN0016786,0
TXN0047877,0
TXN0050747,0
TXN0029355,0
TXN0015535,0
TXN0050904,0
TXN0023117,0
TXN0027973,0
TXN0021458,0
TXN0041184,0
TXN0009297,0
TXN0048101,0
TXN0053041,0
TXN0016024,0
TXN0028668,0
TXN0024265,0
TXN0005272,0
TXN0049365,0
TXN0038911,0
TXN0039585,0
TXN0038616,0
TXN0041939,0
TXN0012939,0
TXN0030945,0
TXN0028688,0
TXN0010862,0
TXN0046212,0
TXN0003405,0
TXN0013181,0
TXN0025412,0
TXN0013042,0
TXN0041372,0
TXN0032608,0
TXN0052539,0
TXN0015007,0
TXN0011914,0
TXN0024182,0
TXN0007749,0
TXN0042006,0
TXN0036881,0
TXN0049502,0
TXN0016543,0
TXN0002470,0
TXN0007163,0
TXN0052399,0
TXN0041121,0
TXN0007014,0
TXN0008951,0
TXN0004743,0
TXN0007101,0
TXN0013509,0
TXN0026104,0
TXN0036122,0
TXN0017705,0
TXN0010961,0
TXN0059655,0
TXN0036253,0
TXN0042876,0
TXN0036775,0
TXN0009325,0
TXN0025493,0
TXN0039847,0
TXN0033684,0
TXN0047527,0
TXN0012876,0
TXN0048880,0
TXN0024295,0
TXN0020105,0
TXN0048533,0
TXN0051583,0
TXN0012523,0
TXN0039177,0
TXN0025972,0
TXN0013809,0
TXN0035546,0
TXN0004154,0
TXN0017219,0
TXN0003898,0
TXN0019521,0
TXN0010052,0
TXN0026315,0
TXN0049679,0
TXN0039412,0
TXN0024232,0
TXN0016708,0
TXN0052965,0
TXN0057197,0
TXN0022836,0
TXN0049775,0
TXN0004192,0
TXN0059809,0
TXN0051163,0
TXN0000891,0
TXN0026802,0
TXN0009515,0
TXN0011301,0
TXN0020577,0
TXN0017216,0
TXN0040587,0
TXN0013603,0
TXN0016771,0
TXN0025614,0
TXN0001358,0
TXN0005131,0
TXN0057225,0
TXN0050188,0
TXN0049202,0
TXN0051362,0
TXN0028140,0
TXN0053984,0
TXN0054671,0
TXN0057491,0
TXN0021078,0
TXN0020830,0
TXN0000449,0
TXN0005364,0
TXN0036671,0
TXN0052172,0
TXN0018857,0
TXN0004539,0
TXN0053254,0
TXN0019472,0
TXN0046703,0
TXN0048658,0
TXN0020329,0
TXN0044784,0
TXN0040190,0
TXN0003376,0
TXN0009636,0
TXN0014234,0
TXN0034140,0
TXN0031941,0
TXN0002753,0
TXN0028950,0
TXN0059361,0
TXN0036103,0
TXN0026897,0
TXN0037224,0
TXN0011134,0
TXN0037377,0
TXN0019897,0
TXN0033500,0
TXN0001910,0
TXN0019631,0
TXN0015077,0
TXN0019823,0
TXN0012028,0
TXN0042315,0
TXN0001663,0
TXN0040183,0
TXN0034817,0
TXN0024369,0
TXN0055861,0
TXN0014297,0
TXN0011377,0
TXN0040353,0
TXN0007735,0
TXN0024198,0
TXN0047907,0
TXN0028792,0
TXN0003742,0
TXN0053703,0
TXN0012084,0
TXN0054618,0
TXN0035674,0
TXN0006092,0
TXN0021661,0
TXN0044711,0
TXN0039761,0
TXN0047121,0
TXN0029135,0
TXN0021552,0
TXN0039265,0
TXN0003090,0
TXN0046171,0
TXN0020709,0
TXN0048584,0
TXN0002506,0
TXN0017604,0
TXN0018089,0
TXN0015196,0
TXN0021815,0
TXN0015436,0
TXN0025052,0
TXN0048445,0
TXN0055128,0
TXN0020967,0
TXN0057670,0
TXN0054243,0
TXN0042128,0
TXN0011304,0
TXN0013562,0
TXN0034082,0
TXN0010025,0
TXN0056533,0
TXN0044689,0
TXN0035545,0
TXN0001112,0
TXN0037672,0
TXN0016937,0
TXN0005112,0
TXN0044790,0
TXN0055643,0
TXN0010486,0
TXN0009352,0
TXN0002945,0
TXN0009458,0
TXN0057811,0
TXN0011328,0
TXN0030211,0
TXN0035924,0
TXN0047438,0
TXN0048346,0
TXN0045352,0
TXN0014548,0
TXN0050443,0
TXN0027868,0
TXN0018369,0
TXN0037597,0
TXN0053596,0
TXN0038062,0
TXN0013423,0
TXN0047430,0
TXN0029269,0
TXN0040170,0
TXN0034103,0
TXN0009368,0
TXN0002872,0
TXN0043084,0
TXN0045418,0
TXN0036214,0
TXN0021814,0
TXN0055013,0
TXN0054979,0
TXN0006349,0
TXN0046752,0
TXN0054100,0
TXN0018815,0
TXN0016130,0
TXN0025319,0
TXN0021554,0
TXN0043504,0
TXN0025367,0
TXN0045355,0
TXN0056187,0
TXN0040266,0
TXN0047431,0
TXN0033869,0
TXN0020115,0
TXN0019332,0
TXN0004441,0
TXN0019064,0
TXN0013300,0
TXN0019450,0
TXN0034725,0
TXN0056237,0
TXN0057721,0
TXN0039729,0
TXN0006729,0
TXN0049617,0
TXN0043317,0
TXN0054054,0
TXN0020270,0
TXN0049055,0
TXN0044552,0
TXN0029485,0
TXN0002699,0
TXN0022300,0
TXN0005458,0
TXN0014082,0
TXN0033381,0
TXN0036894,0
TXN0035779,0
TXN0032993,0
TXN0038087,0
TXN0035122,0
TXN0008301,0
TXN0022791,0
TXN0017886,0
TXN0034737,0
TXN0034294,0
TXN0046377,0
TXN0010321,0
TXN0054786,0
TXN0019178,0
TXN0005983,0
TXN0027015,0
TXN0014726,0
TXN0031578,0
TXN0007413,0
TXN0016143,0
TXN0032879,0
TXN0027260,0
TXN0015285,0
TXN0059551,0
TXN0005380,0
TXN0021863,0
TXN0058459,0
TXN0036733,0
TXN0029997,0
TXN0019410,0
TXN0039612,0
TXN0040830,0
TXN0014923,0
TXN0018225,0
TXN0003484,0
TXN0011408,0
TXN0040316,0
TXN0003415,0
TXN0048301,0
TXN0043280,0
TXN0000169,0
TXN0003034,0
TXN0023560,0
TXN0055166,0
TXN0031681,0
TXN0029481,0
TXN0048503,0
TXN0052502,0
TXN0054839,0
TXN0053092,0
TXN0042544,0
TXN0057302,0
TXN0052769,0
TXN0011447,0
TXN0027410,0
TXN0018839,0
TXN0021192,0
TXN0011145,0
TXN0040937,0
TXN0029851,0
TXN0057219,0
TXN0025358,0
TXN0008709,0
TXN0045606,0
TXN0028913,0
TXN0054559,0
TXN0049270,0
TXN0009483,0
TXN0032047,0
TXN0022568,0
TXN0007048,0
TXN0025688,0
TXN0009754,0
TXN0014937,0
TXN0038227,0
TXN0020236,0
TXN0056443,0
TXN0059593,0
TXN0050750,0
TXN0005171,0
TXN0011008,0
TXN0030885,0
TXN0018032,0
TXN0051187,0
TXN0039632,0
TXN0043972,0
TXN0007874,0
TXN0019074,0
TXN0058367,0
TXN0017651,0
TXN0046356,0
TXN0000792,0
TXN0025664,0
TXN0046987,0
TXN0006827,0
TXN0027071,0
TXN0024357,0
TXN0033514,0
TXN0001933,0
TXN0027277,0
TXN0017584,0
TXN0003669,0
TXN0001333,0
TXN0001244,0
TXN0031236,0
TXN0001776,0
TXN0046860,0
TXN0004629,0
TXN0024893,0
TXN0025293,0
TXN0026667,0
TXN0029858,0
TXN0023684,0
TXN0043438,0
TXN0033149,0
TXN0007319,0
TXN0050507,0
TXN0058101,0
TXN0009868,0
TXN0045792,0
TXN0000477,0
TXN0013457,0
TXN0009819,0
TXN0051194,0
TXN0016057,0
TXN0028014,0
TXN0059746,0
TXN0023999,0
TXN0003824,0
TXN0034354,0
TXN0008198,0
TXN0008039,0
TXN0021615,0
TXN0048975,0
TXN0026638,0
TXN0052854,0
TXN0057628,0
TXN0056316,0
TXN0030085,0
TXN0051395,0
TXN0052678,0
TXN0003569,0
TXN0039305,0
TXN0043787,0
TXN0009950,0
TXN0022699,0
TXN0011075,0
TXN0052089,0
TXN0000888,0
TXN0007649,0
TXN0039421,0
TXN0047648,0
TXN0054593,0
TXN0007551,0
TXN0039916,0
TXN0055361,0
TXN0045231,0
TXN0028896,0
TXN0057100,0
TXN0031300,0
TXN0012417,0
TXN0035805,0
TXN0003143,0
TXN0043202,0
TXN0003325,0
TXN0006283,0
TXN0059498,0
TXN0021655,0
TXN0018065,0
TXN0015667,0
TXN0034022,0
TXN0049320,0
TXN0033326,0
TXN0042576,0
TXN0053845,0
TXN0031558,0
TXN0001854,0
TXN0036450,0
TXN0023693,0
TXN0059859,0
TXN0055020,0
TXN0040204,0
TXN0056105,0
TXN0044355,0
TXN0004333,0
TXN0012930,0
TXN0004601,0
TXN0012813,0
TXN0055211,0
TXN0054709,0
TXN0018630,0
TXN0056073,0
TXN0040648,0
TXN0011945,0
TXN0059051,0
TXN0033311,0
TXN0031792,0
TXN0058062,0
TXN0054377,0
TXN0059775,0
TXN0010819,0
TXN0045489,0
TXN0016919,0
TXN0010607,0
TXN0012455,0
TXN0007084,0
TXN0026472,0
TXN0000823,0
TXN0017580,0
TXN0039116,0
TXN0050033,0
TXN0038733,0
TXN0017328,0
TXN0025397,0
TXN0045650,0
TXN0046696,0
TXN0022065,0
TXN0039042,0
TXN0013487,0
TXN0030029,0
TXN0016782,0
TXN0017661,0
TXN0032089,0
TXN0013003,0
TXN0041099,0
TXN0000605,0
TXN0058134,0
TXN0009217,0
TXN0050217,0
TXN0003870,0
TXN0017635,0
TXN0006577,0
TXN0041536,0
TXN0041450,0
TXN0001264,0
TXN0029559,0
TXN0003024,0
TXN0039316,0
TXN0043957,0
TXN0020615,0
TXN0032795,0
TXN0050819,0
TXN0025733,0
TXN0004366,0
TXN0003476,0
TXN0006376,0
TXN0014999,0
TXN0024355,0
TXN0018201,0
TXN0039727,0
TXN0040610,0
TXN0014248,0
TXN0006932,0
TXN0028963,0
TXN0049626,0
TXN0053497,0
TXN0055084,0
TXN0058278,0
TXN0059204,0
TXN0040905,0
TXN0050025,0
TXN0043649,0
TXN0019010,0
TXN0019322,0
TXN0025063,0
TXN0041710,0
TXN0046449,0
TXN0019629,0
TXN0050714,0
TXN0051211,0
TXN0058461,0
TXN0025041,0
TXN0034062,0
TXN0017536,0
TXN0046654,0
TXN0043834,0
TXN0057038,0
TXN0020287,0
TXN0028936,0
TXN0026547,0
TXN0018518,0
TXN0020739,0
TXN0059206,0
TXN0046230,0
TXN0036324,0
TXN0048379,0
TXN0007622,0
TXN0051250,0
TXN0013448,0
TXN0019952,0
TXN0057839,0
TXN0023461,0
TXN0054621,0
TXN0016512,0
TXN0012873,0
TXN0031286,0
TXN0049087,0
TXN0016289,0
TXN0051825,0
TXN0012282,0
TXN0005717,0
TXN0046491,0
TXN0016081,0
TXN0002669,0
TXN0030566,0
TXN0020113,0
TXN0027977,0
TXN0047651,0
TXN0057456,0
TXN0055944,0
TXN0004838,0
TXN0054680,0
TXN0006125,0
TXN0027256,0
TXN0032020,0
TXN0019691,0
TXN0020748,0
TXN0032259,0
TXN0026804,0
TXN0005151,0
TXN0057194,0
TXN0049527,0
TXN0016775,0
TXN0039599,0
TXN0045744,0
TXN0046979,0
TXN0016202,0
TXN0042271,0
TXN0039865,0
TXN0049925,0
TXN0056589,0
TXN0050862,0
TXN0041137,0
TXN0019571,0
TXN0053483,0
TXN0034952,0
TXN0003487,0
TXN0006732,0
TXN0057350,0
TXN0046551,0
TXN0004073,0
TXN0032407,0
TXN0038930,0
TXN0045982,0
TXN0024832,0
TXN0028704,0
TXN0006242,0
TXN0047103,0
TXN0034813,0
TXN0054206,0
TXN0005833,0
TXN0037538,0
TXN0052084,0
TXN0028984,0
TXN0045381,0
TXN0049411,0
TXN0022437,0
TXN0057483,0
TXN0012775,0
TXN0051723,0
TXN0037586,0
TXN0047742,0
TXN0002846,0
TXN0031856,0
TXN0003331,0
TXN0044604,0
TXN0009605,0
TXN0002783,0
TXN0042297,0
TXN0005615,0
TXN0059376,0
TXN0024085,0
TXN0057760,0
TXN0021760,0
TXN0029692,0
TXN0025602,0
TXN0037677,0
TXN0059798,0
TXN0038180,0
TXN0049357,0
TXN0057871,0
TXN0008598,0
TXN0057247,0
TXN0040375,0
TXN0026190,0
TXN0020614,0
TXN0007019,0
TXN0051868,0
TXN0015839,0
TXN0055173,0
TXN0015340,0
TXN0059701,0
TXN0006452,0
TXN0032818,0
TXN0038760,0
TXN0031758,0
TXN0001579,0
TXN0023653,0
TXN0019352,0
TXN0032632,0
TXN0014795,0
TXN0044290,0
TXN0015544,0
TXN0052210,0
TXN0025061,0
TXN0017788,0
TXN0048946,0
TXN0020917,0
TXN0019514,0
TXN0045087,0
TXN0055395,0
TXN0053514,0
TXN0018075,0
TXN0029814,0
TXN0028223,0
TXN0059357,0
TXN0052179,0
TXN0049835,0
TXN0000658,0
TXN0055094,0
TXN0024619,0
TXN0048457,0
TXN0045485,0
TXN0042887,0
TXN0052078,0
TXN0020396,0
TXN0028558,0
TXN0041361,0
TXN0019050,0
TXN0020114,0
TXN0035899,0
TXN0040154,0
TXN0023010,0
TXNS01102,1
TXN0051314,0
TXN0031369,0
TXN0046941,0
TXN0056645,0
TXN0038207,0
TXN0050423,0
TXN0014569,0
TXN0005943,0
TXN0039300,0
TXN0022310,0
TXN0050429,0
TXN0039113,0
TXN0006094,0
TXN0049164,0
TXN0049813,0
TXN0018212,0
TXN0015380,0
TXN0043073,0
TXN0032974,0
TXN0040712,0
TXN0021883,0
TXN0055541,0
TXN0049340,0
TXN0039155,0
TXN0031217,0
TXN0053379,0
TXN0045778,0
TXN0039222,0
TXN0004081,0
TXN0038345,0
TXN0026318,0
TXN0051518,0
TXN0052975,0
TXN0059707,0
TXN0059578,0
TXN0008464,0
TXN0050027,0
TXN0010952,0
TXN0022555,0
TXN0025038,0
TXN0058625,0
TXN0030023,0
TXN0050847,0
TXN0059137,0
TXN0037075,0
TXN0042546,0
TXN0050550,0
TXN0021803,0
TXN0055248,0
TXN0043629,0
TXN0017504,0
TXN0034846,0
TXN0024450,0
TXN0011796,0
TXN0030684,0
TXN0024852,0
TXN0035159,0
TXN0035290,0
TXN0014962,0
TXN0041255,0
TXN0040244,0
TXN0019575,0
TXN0055389,0
TXN0036497,0
TXN0059082,0
TXN0009050,0
TXN0046366,0
TXN0047629,0
TXN0001222,0
TXN0005902,0
TXN0043853,0
TXN0011230,0
TXN0008766,0
TXN0002154,0
TXN0049870,0
TXN0007259,0
TXN0034310,0
TXN0018682,0
TXN0027744,0
TXN0043015,0
TXN0044987,0
TXN0034571,0
TXN0055301,0
TXN0027444,0
TXN0044869,0
TXN0016496,0
TXN0013383,0
TXN0021551,0
TXN0038798,0
TXN0039496,0
TXN0030162,0
TXN0045336,0
TXN0038909,0
TXN0005691,0
TXN0026108,0
TXN0026290,0
TXN0012442,0
TXN0027409,0
TXN0000205,0
TXN0055948,0
TXN0024642,0
TXN0050878,0
TXN0009983,0
TXN0042305,0
TXN0003538,0
TXN0042778,0
TXN0000958,0
TXN0055857,0
TXN0038469,0
TXN0015923,0
TXN0016689,0
TXN0031445,0
TXN0047996,0
TXN0052646,0
TXN0005518,0
TXN0054791,0
TXN0036651,0
TXN0035539,0
TXN0006800,0
TXN0025622,0
TXN0043789,0
TXN0016762,0
TXN0013317,0
TXN0042551,0
TXN0023758,0
TXN0008109,0
TXN0058655,0
TXN0002339,0
TXN0029372,0
TXN0012401,0
TXN0045168,0
TXN0009332,0
TXN0055434,0
TXN0028794,0
TXN0036965,0
TXN0014364,0
TXN0058751,0
TXN0008117,0
TXN0031415,0
TXN0056948,0
TXN0020429,0
TXN0052793,0
TXN0054453,0
TXN0008167,0
TXN0032600,0
TXN0012089,0
TXN0008066,0
TXN0054165,0
TXN0026240,0
TXN0024437,0
TXN0035788,0
TXN0001476,0
TXN0056688,0
TXN0038516,0
TXN0011628,0
TXN0036641,0
TXN0037499,0
TXN0013105,0
TXN0015162,0
TXN0052124,0
TXN0059671,0
TXN0000050,0
TXN0019984,0
TXNR0123,1
TXN0043784,0
TXN0029379,0
TXN0045880,0
TXN0027028,0
TXN0020782,0
TXN0023797,0
TXN0031449,0
TXN0052852,0
TXN0008916,0
TXN0021142,0
TXN0059739,0
TXN0027381,0
TXN0008689,0
TXN0040813,0
TXN0043630,0
TXN0053983,0
TXN0020501,0
TXN0021788,0
TXN0009218,0
TXN0033978,0
TXN0026694,0
TXN0010977,0
TXN0051747,0
TXN0036992,0
TXN0050156,0
TXN0025099,0
TXN0018258,0
TXN0012631,0
TXN0055862,0
TXN0025823,0
TXN0009012,0
TXN0037596,0
TXN0004260,0
TXN0005027,0
TXN0052858,0
TXN0020193,0
TXN0014620,0
TXN0015993,0
TXN0045726,0
TXN0039219,0
TXN0045676,0
TXN0009360,0
TXN0036067,0
TXN0047338,0
TXN0041843,0
TXN0029024,0
TXN0013646,0
TXN0037760,0
TXN0009157,0
TXN0039878,0
TXN0001223,0
TXN0038237,0
TXN0003625,0
TXN0003360,0
TXN0041123,0
TXN0015365,0
TXN0042398,0
TXN0056561,0
TXN0017314,0
TXN0023636,0
TXN0023031,0
TXN0016910,0
TXN0011201,0
TXN0016146,0
TXN0014305,0
TXN0000982,0
TXN0005023,0
TXN0024930,0
TXN0047341,0
TXN0024507,0
TXN0004752,0
TXN0059497,0
TXN0054595,0
TXN0025282,0
TXN0026040,0
TXN0019947,0
TXN0053073,0
TXN0031676,0
TXN0021849,0
TXN0015231,0
TXN0059570,0
TXN0035184,0
TXN0021242,0
TXN0000414,0
TXN0024133,0
TXN0004671,0
TXN0056486,0
TXN0057796,0
TXN0016433,0
TXN0050668,0
TXN0014242,0
TXN0051586,0
TXN0028925,0
TXN0055935,0
TXN0053427,0
TXN0044315,0
TXN0023055,0
TXN0044551,0
TXN0009586,0
TXN0008411,0
TXN0033337,0
TXN0014919,0
TXN0002860,0
TXN0023485,0
TXN0048348,0
TXN0037091,0
TXN0012321,0
TXN0046570,0
TXN0041547,0
TXN0038629,0
TXN0047163,0
TXN0044219,0
TXN0028274,0
TXN0011643,0
TXN0040754,0
TXN0009338,0
TXN0019920,0
TXN0054475,0
TXN0026245,0
TXN0007660,0
TXN0052696,0
TXN0042408,0
TXN0018991,0
TXN0014498,0
TXN0005948,0
TXN0057695,0
TXN0034553,0
TXN0053499,0
TXN0009543,0
TXN0010349,0
TXN0046211,0
TXN0045975,0
TXN0030083,0
TXN0053159,0
TXN0030847,0
TXN0037918,0
TXN0050385,0
TXN0022135,0
TXN0052611,0
TXN0033712,0
TXN0051473,0
TXN0001989,0
TXN0050950,0
TXN0021653,0
TXN0013212,0
TXN0058808,0
TXN0002439,0
TXN0020461,0
TXN0031170,0
TXN0053417,0
TXN0019763,0
TXN0000777,0
TXN0027358,0
TXN0008172,0
TXN0030808,0
TXN0031410,0
TXN0011409,0
TXN0003934,0
TXN0054689,0
TXN0018423,0
TXN0018744,0
TXN0010731,0
TXN0026521,0
TXN0042713,0
TXN0032063,0
TXN0058782,0
TXN0008657,0
TXN0031665,0
TXN0005015,0
TXN0017684,0
TXN0034892,0
TXN0023053,0
TXN0008799,0
TXN0020359,0
TXN0050101,0
TXN0051721,0
TXN0033193,0
TXN0051335,0
TXN0002452,0
TXN0007398,0
TXN0011479,0
TXN0004318,0
TXN0003364,0
TXN0051910,0
TXN0027946,0
TXN0044181,0
TXN0058269,0
TXN0024159,0
TXN0049186,0
TXN0029767,0
TXN0033490,0
TXN0009445,0
TXN0029476,0
TXN0037832,0
TXN0049991,0
TXN0032256,0
TXN0019605,0
TXN0034814,0
TXN0015907,0
TXN0016361,0
TXN0046908,0
TXN0039095,0
TXN0036499,0
TXN0003061,0
TXN0006123,0
TXN0055366,0
TXN0009623,0
TXN0041411,0
TXN0036884,0
TXN0011251,0
TXN0036085,0
TXN0021415,0
TXN0051619,0
TXN0028155,0
TXN0023896,0
TXN0031317,0
TXN0017927,0
TXN0054308,0
TXN0040151,0
TXN0013442,0
TXN0051806,0
TXN0021269,0
TXN0031885,0
TXN0012176,0
TXN0057248,0
TXN0031719,0
TXN0055278,0
TXN0024067,0
TXN0021506,0
TXN0006015,0
TXN0021106,0
TXN0006647,0
TXN0043859,0
TXN0048472,0
TXN0028645,0
TXN0037944,0
TXN0027729,0
TXN0017401,0
TXN0030609,0
TXN0006590,0
TXN0028830,0
TXN0021170,0
TXN0010140,0
TXN0050368,0
TXN0009602,0
TXN0012919,0
TXN0003975,0
TXN0033887,0
TXN0046590,0
TXN0023733,0
TXN0051801,0
TXN0042921,0
TXN0009179,0
TXN0037630,0
TXN0030856,0
TXN0048595,0
TXN0044213,0
TXN0009780,0
TXN0016025,0
TXN0042227,0
TXN0001178,0
TXN0058254,0
TXN0038700,0
TXN0028766,0
TXN0042688,0
TXN0044454,0
TXN0026352,0
TXN0034234,0
TXN0051103,0
TXN0005837,0
TXN0017829,0
TXN0007108,0
TXN0051409,0
TXN0033053,0
TXN0024371,0
TXN0053046,0
TXN0046180,0
TXN0024500,0
TXN0017852,0
TXN0059292,0
TXN0029778,0
TXN0056326,0
TXN0058008,0
TXN0003048,0
TXN0050239,0
TXN0036814,0
TXN0000700,0
TXN0049550,0
TXN0029810,0
TXN0034747,0
TXN0026439,0
TXN0031478,0
TXN0002067,0
TXN0054500,0
TXN0053603,0
TXN0016012,0
TXN0050028,0
TXN0017676,0
TXN0022277,0
TXN0005919,0
TXN0035829,0
TXN0017540,0
TXN0056978,0
TXN0059077,0
TXN0047100,0
TXN0004691,0
TXN0003283,0
TXN0036524,0
TXN0023550,0
TXN0002919,0
TXN0054471,0
TXN0017068,0
TXN0052451,0
TXN0011084,0
TXN0034461,0
TXN0022735,0
TXN0045660,0
TXN0047954,0
TXN0044534,0
TXN0027702,0
TXN0021021,0
TXN0057139,0
TXN0035614,0
TXN0036523,0
TXN0057766,0
TXN0017388,0
TXN0023139,0
TXN0008954,0
TXN0022354,0
TXN0005230,0
TXN0058170,0
TXN0020405,0
TXN0030723,0
TXN0010934,0
TXN0030804,0
TXN0022863,0
TXN0023412,0
TXN0047023,0
TXN0043382,0
TXN0059059,0
TXN0055032,0
TXN0009495,0
TXN0007593,0
TXN0018866,0
TXN0025532,0
TXN0007082,0
TXN0001373,0
TXN0048853,0
TXN0033194,0
TXN0019435,0
TXN0054990,0
TXN0000339,0
TXN0051604,0
TXN0029429,0
TXN0049602,0
TXN0029473,0
TXN0033491,0
TXN0008833,0
TXN0037628,0
TXN0010978,0
TXN0036417,0
TXN0046075,0
TXN0027549,0
TXN0034626,0
TXN0000129,0
TXN0036431,0
TXN0024977,0
TXN0033301,0
TXN0005350,0
TXN0059239,0
TXN0004789,0
TXN0032398,0
TXN0003194,0
TXN0031016,0
TXN0026243,0
TXN0017169,0
TXN0053228,0
TXN0014396,0
TXN0043701,0
TXN0013149,0
TXN0034003,0
TXN0036171,0
TXN0049955,0
TXN0029394,0
TXN0025600,0
TXN0016665,0
TXN0002502,0
TXN0034421,0
TXN0022869,0
TXN0037790,0
TXN0055640,0
TXN0054125,0
TXN0032750,0
TXN0009820,0
TXN0033922,0
TXN0009457,0
TXN0033443,0
TXN0000019,0
TXN0045791,0
TXN0043154,0
TXN0023729,0
TXN0001643,0
TXN0016277,0
TXN0051552,0
TXN0019987,0
TXN0035255,0
TXN0015990,0
TXN0002827,0
TXN0024942,0
TXN0016128,0
TXN0036136,0
TXN0032158,0
TXN0018640,0
TXN0013068,0
TXN0030486,0
TXN0031107,0
TXN0007115,0
TXN0038977,0
TXN0027525,0
TXN0058433,0
TXN0057912,0
TXN0051179,0
TXN0035246,0
TXN0003800,0
TXN0006900,0
TXNR0233,1
TXN0024343,0
TXN0007894,0
TXN0040416,0
TXN0031739,0
TXN0011273,0
TXN0053012,0
TXN0024890,0
TXN0001983,0
TXN0051089,0
TXN0038935,0
TXN0059349,0
TXN0010348,0
TXN0025656,0
TXN0008849,0
TXN0058552,0
TXN0033519,0
TXN0010273,0
TXN0044037,0
TXN0048450,0
TXN0035921,0
TXN0029515,0
TXN0045081,0
TXN0012835,0
TXN0022539,0
TXN0043973,0
TXN0023108,0
TXN0034854,0
TXN0047283,0
TXN0008594,0
TXN0011844,0
TXN0040699,0
TXN0050872,0
TXN0022842,0
TXN0012864,0
TXN0031862,0
TXN0056780,0
TXN0035132,0
TXN0032815,0
TXN0035597,0
TXN0014718,0
TXN0046209,0
TXN0044964,0
TXN0038079,0
TXN0015784,0
TXN0026520,0
TXN0029488,0
TXN0019673,0
TXN0059207,0
TXN0022343,0
TXN0014767,0
TXN0021139,0
TXN0006499,0
TXN0051478,0
TXN0008752,0
TXN0021207,0
TXN0030657,0
TXN0002446,0
TXN0059715,0
TXN0042526,0
TXN0055005,0
TXN0058373,0
TXN0052353,0
TXN0033556,0
TXN0045616,0
TXN0028357,0
TXN0011123,0
TXN0017597,0
TXN0019929,0
TXN0007160,0
TXN0018883,0
TXN0036180,0
TXN0008098,0
TXN0010108,0
TXN0025348,0
TXN0015636,0
TXN0046325,0
TXN0032743,0
TXN0012606,0
TXN0035680,0
TXN0007127,0
TXN0039137,0
TXN0017422,0
TXN0024315,0
TXN0001735,0
TXN0043130,0
TXN0018939,0
TXN0056093,0
TXN0014952,0
TXN0007389,0
TXN0035719,0
TXN0038025,0
TXN0053702,0
TXN0055388,0
TXN0047935,0
TXN0057126,0
TXN0013368,0
TXN0040117,0
TXN0059844,0
TXN0026720,0
TXN0054419,0
TXN0052250,0
TXN0033736,0
TXN0008548,0
TXN0049238,0
TXN0017338,0
TXN0018079,0
TXN0034720,0
TXN0055018,0
TXN0059608,0
TXN0017978,0
TXN0028832,0
TXN0034752,0
TXN0053908,0
TXN0028695,0
TXN0010872,0
TXN0055602,0
TXN0017426,0
TXN0042109,0
TXN0050152,0
TXN0041847,0
TXN0001783,0
TXN0032830,0
TXN0046506,0
TXN0036230,0
TXN0041776,0
TXN0043719,0
TXN0031795,0
TXN0005462,0
TXN0005852,0
TXN0016308,0
TXN0003665,0
TXN0055033,0
TXN0042798,0
TXN0041456,0
TXN0002271,0
TXN0028949,0
TXN0015873,0
TXN0049205,0
TXN0046497,0
TXN0008967,0
TXN0057161,0
TXN0024657,0
TXN0044767,0
TXN0052022,0
TXN0042068,0
TXN0014012,0
TXN0044133,0
TXN0039311,0
TXN0023908,0
TXN0036989,0
TXN0026141,0
TXN0041538,0
TXN0034709,0
TXN0029190,0
TXN0012393,0
TXN0055563,0
TXN0041095,0
TXN0003449,0
TXN0005892,0
TXN0047266,0
TXN0052341,0
TXN0049486,0
TXN0021587,0
TXN0050183,0
TXN0016225,0
TXN0007141,0
TXN0020910,0
TXN0017934,0
TXN0033181,0
TXN0031066,0
TXN0025028,0
TXN0015691,0
TXN0037649,0
TXN0014862,0
TXN0040153,0
TXN0049721,0
TXN0012777,0
TXN0054974,0
TXN0007796,0
TXN0055059,0
TXN0020681,0
TXN0026090,0
TXN0035056,0
TXN0043772,0
TXN0039069,0
TXN0049613,0
TXN0021705,0
TXN0056172,0
TXN0059266,0
TXN0017907,0
TXN0056629,0
TXN0043608,0
TXN0041801,0
TXN0052626,0
TXN0053979,0
TXN0059916,0
TXN0002118,0
TXN0019981,0
TXN0014071,0
TXN0001130,0
TXN0043524,0
TXN0047084,0
TXN0017800,0
TXN0022233,0
TXN0017945,0
TXN0034389,0
TXN0005397,0
TXN0011719,0
TXN0005441,0
TXN0032046,0
TXN0039945,0
TXN0031040,0
TXN0011723,0
TXN0024668,0
TXN0027571,0
TXN0022003,0
TXN0057575,0
TXN0046653,0
TXN0034254,0
TXN0005620,0
TXN0031952,0
TXN0045339,0
TXN0015064,0
TXN0001238,0
TXN0006659,0
TXN0006109,0
TXN0048292,0
TXN0043510,0
TXN0015583,0
TXN0040605,0
TXN0053231,0
TXN0050137,0
TXN0047721,0
TXN0049532,0
TXN0025534,0
TXN0050099,0
TXN0043528,0
TXN0048176,0
TXN0012416,0
TXN0044185,0
TXN0006967,0
TXN0049177,0
TXN0043697,0
TXN0039427,0
TXN0044622,0
TXN0050094,0
TXN0012303,0
TXN0016457,0
TXN0015303,0
TXN0008001,0
TXN0022032,0
TXN0006076,0
TXN0047811,0
TXN0027949,0
TXN0021325,0
TXN0039235,0
TXN0046438,0
TXN0041098,0
TXN0009560,0
TXN0032628,0
TXN0006243,0
TXN0015324,0
TXN0050905,0
TXN0027992,0
TXN0010960,0
TXN0041543,0
TXN0005616,0
TXN0030011,0
TXN0030078,0
TXN0050897,0
TXN0013495,0
TXN0036541,0
TXN0024512,0
TXN0044994,0
TXN0002749,0
TXN0006105,0
TXN0027185,0
TXN0024119,0
TXN0002802,0
TXN0045377,0
TXN0050870,0
TXN0051385,0
TXN0014878,0
TXN0021107,0
TXN0025906,0
TXN0021471,0
TXN0044487,0
TXN0017654,0
TXN0001104,0
TXNS00000,1
TXN0021236,0
TXN0026267,0
TXN0031748,0
TXN0026204,0
TXN0046358,0
TXN0015015,0
TXN0024298,0
TXN0041375,0
TXN0045230,0
TXN0033700,0
TXN0010404,0
TXN0045165,0
TXNS00201,1
TXN0014333,0
TXN0042135,0
TXN0050473,0
TXN0030284,0
TXN0015600,0
TXN0059574,0
TXN0023216,0
TXN0056280,0
TXN0025784,0
TXN0059337,0
TXN0032406,0
TXN0037555,0
TXN0044761,0
TXN0025666,0
TXN0019504,0
TXN0046674,0
TXN0002674,0
TXN0043561,0
TXN0021383,0
TXN0054612,0
TXN0027190,0
TXN0051397,0
TXN0014834,0
TXN0047465,0
TXN0002636,0
TXN0000058,0
TXN0033241,0
TXN0056626,0
TXN0038206,0
TXN0032311,0
TXN0038758,0
TXN0048062,0
TXN0056369,0
TXN0015333,0
TXN0047738,0
TXN0040920,0
TXN0021747,0
TXN0050910,0
TXN0012559,0
TXN0009740,0
TXN0048837,0
TXN0051867,0
TXN0057479,0
TXN0001293,0
TXN0037664,0
TXN0021873,0
TXN0016373,0
TXN0031241,0
TXN0047530,0
TXN0042361,0
TXN0005166,0
TXN0022721,0
TXN0014030,0
TXN0044347,0
TXN0052749,0
TXN0033050,0
TXN0025333,0
TXN0047550,0
TXN0015494,0
TXN0025157,0
TXN0005279,0
TXN0050279,0
TXN0054006,0
TXN0049090,0
TXN0033087,0
TXN0059517,0
TXN0040280,0
TXN0005250,0
TXN0038292,0
TXN0017044,0
TXN0018001,0
TXN0016011,0
TXN0041353,0
TXN0007017,0
TXN0014980,0
TXN0026504,0
TXN0011330,0
TXN0027803,0
TXN0032573,0
TXN0039034,0
TXN0001002,0
TXN0013349,0
TXN0026234,0
TXN0030273,0
TXN0056896,0
TXN0039491,0
TXN0047348,0
TXN0010145,0
TXN0009917,0
TXN0045147,0
TXN0051561,0
TXN0059305,0
TXN0037693,0
TXN0014323,0
TXN0053307,0
TXN0046495,0
TXN0009047,0
TXN0051390,0
TXN0004682,0
TXN0011386,0
TXN0005933,0
TXN0002953,0
TXN0045005,0
TXN0030025,0
TXN0023340,0
TXN0035505,0
TXN0056778,0
TXN0026886,0
TXN0016285,0
TXN0008291,0
TXN0028213,0
TXN0035807,0
TXN0037204,0
TXN0037874,0
TXN0030848,0
TXN0021053,0
TXN0023843,0
TXN0027041,0
TXN0045522,0
TXN0023118,0
TXN0026418,0
TXN0008129,0
TXN0000653,0
TXN0044608,0
TXN0042272,0
TXN0021009,0
TXN0016148,0
TXN0044273,0
TXN0024798,0
TXN0003545,0
TXN0039971,0
TXN0014096,0
TXN0017097,0
TXN0046126,0
TXN0038936,0
TXN0052705,0
TXN0047918,0
TXN0010473,0
TXN0022516,0
TXN0002821,0
TXN0018405,0
TXN0014088,0
TXN0027188,0
TXN0002164,0
TXN0042734,0
TXN0005280,0
TXN0018940,0
TXN0046839,0
TXN0028183,0
TXN0039857,0
TXN0028029,0
TXN0057560,0
TXN0019728,0
TXN0047528,0
TXN0044267,0
TXN0032103,0
TXN0017137,0
TXN0034621,0
TXN0002163,0
TXN0059144,0
TXN0052447,0
TXN0001250,0
TXN0010918,0
TXN0008818,0
TXN0036734,0
TXN0048532,0
TXN0039909,0
TXN0004983,0
TXN0032977,0
TXN0016139,0
TXN0028330,0
TXN0021872,0
TXN0058698,0
TXN0053175,0
TXN0003656,0
TXN0041412,0
TXN0001561,0
TXN0022293,0
TXN0050187,0
TXN0031130,0
TXN0005091,0
TXN0050802,0
TXN0053918,0
TXN0006966,0
TXN0047962,0
TXN0026761,0
TXN0025277,0
TXN0057835,0
TXN0021314,0
TXN0043800,0
TXN0057328,0
TXN0045221,0
TXN0013385,0
TXN0016632,0
TXN0054952,0
TXN0046275,0
TXN0003999,0
TXN0043775,0
TXN0037069,0
TXN0029610,0
TXN0045729,0
TXN0059393,0
TXN0044558,0
TXN0013601,0
TXN0035009,0
TXN0037078,0
TXN0002589,0
TXN0057074,0
TXN0037914,0
TXN0046838,0
TXN0006298,0
TXN0040462,0
TXN0013227,0
TXN0034688,0
TXN0056548,0
TXN0050569,0
TXN0004721,0
TXN0016066,0
TXN0000458,0
TXN0012767,0
TXN0002555,0
TXN0029442,0
TXN0059884,0
TXN0056234,0
TXN0059613,0
TXN0011089,0
TXN0021950,0
TXN0004389,0
TXN0015489,0
TXN0002553,0
TXN0032150,0
TXN0020223,0
TXN0010120,0
TXN0032490,0
TXN0009864,0
TXN0053310,0
TXN0003857,0
TXN0056493,0
TXN0024125,0
TXN0019861,0
TXN0001010,0
TXN0005363,0
TXN0001505,0
TXN0054566,0
TXN0024952,0
TXN0022695,0
TXN0043817,0
TXN0050674,0
TXN0045194,0
TXN0052933,0
TXN0000934,0
TXN0019283,0
TXN0040565,0
TXN0046072,0
TXN0050374,0
TXN0032277,0
TXN0023581,0
TXN0059061,0
TXN0034111,0
TXN0041477,0
TXN0024935,0
TXN0033542,0
TXN0048194,0
TXN0017013,0
TXN0014860,0
TXN0025535,0
TXN0003086,0
TXN0019338,0
TXN0030340,0
TXN0032486,0
TXN0010246,0
TXN0032708,0
TXN0022981,0
TXN0055791,0
TXN0023100,0
TXN0017748,0
TXN0040711,0
TXN0030995,0
TXN0028894,0
TXN0048382,0
TXN0038774,0
TXN0002504,0
TXN0031828,0
TXN0021148,0
TXN0048764,0
TXN0008389,0
TXN0045157,0
TXN0025744,0
TXN0024970,0
TXN0046471,0
TXN0020099,0
TXN0028184,0
TXN0040382,0
TXN0058386,0
TXN0042540,0
TXN0023088,0
TXN0016560,0
TXN0039127,0
TXN0023659,0
TXN0031147,0
TXN0039103,0
TXN0002234,0
TXN0012355,0
TXN0021536,0
TXN0052158,0
TXN0051777,0
TXN0044332,0
TXN0052039,0
TXN0035162,0
TXN0037323,0
TXN0038686,0
TXN0054464,0
TXN0024883,0
TXN0005769,0
TXN0019701,0
TXN0020547,0
TXN0043134,0
TXN0022068,0
TXN0020130,0
TXN0026255,0
TXN0010666,0
TXN0040540,0
TXN0001327,0
TXN0006613,0
TXN0024180,0
TXN0030635,0
TXN0003276,0
TXN0042142,0
TXN0015720,0
TXN0041062,0
TXN0008083,0
TXN0026675,0
TXN0000500,0
TXN0047463,0
TXN0036442,0
TXN0002335,0
TXN0047302,0
TXN0057631,0
TXN0011465,0
TXN0009886,0
TXN0037929,0
TXN0051641,0
TXN0005475,0
TXN0012925,0
TXN0016652,0
TXN0000518,0
TXN0032151,0
TXN0007159,0
TXN0044382,0
TXN0006360,0
TXN0052504,0
TXN0026583,0
TXN0002358,0
TXN0022407,0
TXN0040110,0
TXN0031280,0
TXN0006654,0
TXN0056028,0
TXN0019843,0
TXN0042008,0
TXN0004965,0
TXN0058983,0
TXN0046952,0
TXN0055208,0
TXN0017594,0
TXN0011371,0
TXN0013073,0
TXN0033853,0
TXN0008495,0
TXN0006218,0
TXN0025236,0
TXN0048341,0
TXN0033143,0
TXN0057291,0
TXNS00010,1
TXN0057862,0
TXN0015634,0
TXN0001769,0
TXN0026283,0
TXN0036476,0
TXN0021260,0
TXN0016137,0
TXN0048039,0
TXN0007626,0
TXN0057554,0
TXN0043128,0
TXN0001499,0
TXN0052493,0
TXN0027835,0
TXN0055447,0
TXN0021264,0
TXN0021302,0
TXN0033944,0
TXN0031423,0
TXN0054901,0
TXN0048526,0
TXN0052115,0
TXN0028500,0
TXN0045176,0
TXN0034593,0
TXN0047185,0
TXN0043976,0
TXN0040835,0
TXN0015648,0
TXN0000160,0
TXN0035336,0
TXN0029178,0
TXN0022061,0
TXN0022150,0
TXN0026563,0
TXN0034984,0
TXN0039097,0
TXN0002995,0
TXN0028368,0
TXN0058202,0
TXN0033166,0
TXN0041920,0
TXN0053696,0
TXN0055887,0
TXN0027371,0
TXN0029974,0
TXN0048418,0
TXN0042325,0
TXN0020455,0
TXN0047800,0
TXN0010306,0
TXN0012943,0
TXN0024723,0
TXN0014877,0
TXN0043820,0
TXN0053832,0
TXN0056358,0
TXN0027799,0
TXN0038943,0
TXN0054233,0
TXN0015903,0
TXN0025469,0
TXN0048065,0
TXN0054292,0
TXN0053112,0
TXN0035085,0
TXN0043807,0
TXN0032780,0
TXN0030289,0
TXN0039374,0
TXN0009907,0
TXN0000366,0
TXN0031087,0
TXN0018910,0
TXN0056665,0
TXN0051485,0
TXN0046340,0
TXN0005203,0
TXN0028658,0
TXN0058804,0
TXN0038734,0
TXN0050370,0
TXN0054605,0
TXN0040351,0
TXN0031495,0
TXN0005095,0
TXN0018072,0
TXN0013708,0
TXN0059203,0
TXN0038957,0
TXN0020998,0
TXN0012125,0
TXN0023533,0
TXN0045425,0
TXN0002665,0
TXN0054935,0
TXN0016925,0
TXN0049139,0
TXN0031253,0
TXN0030694,0
TXN0010215,0
TXN0057408,0
TXN0039726,0
TXN0000164,0
TXN0045600,0
TXN0043916,0
TXN0001852,0
TXN0042451,0
TXN0052890,0
TXN0036510,0
TXN0057036,0
TXN0016120,0
TXN0010663,0
TXN0007862,0
TXN0004787,0
TXN0023471,0
TXN0016638,0
TXN0026925,0
TXN0043793,0
TXN0025878,0
TXN0004474,0
TXN0008261,0
TXN0010611,0
TXN0012279,0
TXN0012572,0
TXN0042729,0
TXN0041534,0
TXN0033701,0
TXN0004355,0
TXN0028887,0
TXN0049972,0
TXN0011687,0
TXN0024283,0
TXN0056904,0
TXN0044392,0
TXN0038410,0
TXN0016238,0
TXN0015263,0
TXN0022315,0
TXN0052806,0
TXN0015554,0
TXN0011066,0
TXN0008262,0
TXN0033805,0
TXN0021859,0
TXN0027280,0
TXN0037616,0
TXN0022380,0
TXN0043589,0
TXN0004415,0
TXN0003247,0
TXN0058847,0
TXN0015136,0
TXN0052378,0
TXN0019684,0
TXN0017336,0
TXN0043838,0
TXN0053353,0
TXN0005000,0
TXN0048681,0
TXN0048929,0
TXN0023915,0
TXN0056977,0
TXN0046949,0
TXN0052668,0
TXN0028413,0
TXN0027273,0
TXN0026862,0
TXN0013778,0
TXN0008685,0
TXN0057393,0
TXN0014990,0
TXN0009039,0
TXN0013636,0
TXN0035178,0
TXN0016208,0
TXN0023035,0
TXN0040090,0
TXN0014609,0
TXN0011170,0
TXN0057858,0
TXN0021831,0
TXN0050664,0
TXN0028842,0
TXN0006506,0
TXN0044854,0
TXN0008366,0
TXN0025909,0
TXN0023232,0
TXN0017096,0
TXN0054594,0
TXN0003936,0
TXN0010176,0
TXN0002804,0
TXN0037676,0
TXN0008043,0
TXN0012703,0
TXN0003046,0
TXN0040533,0
TXN0033959,0
TXN0047535,0
TXN0007077,0
TXN0040658,0
TXN0022459,0
TXN0028570,0
TXN0017335,0
TXN0008728,0
TXN0050749,0
TXN0014801,0
TXN0032076,0
TXN0052827,0
TXN0038673,0
TXN0033236,0
TXN0013012,0
TXN0026558,0
TXN0022483,0
TXN0015846,0
TXN0004257,0
TXN0054739,0
TXN0056633,0
TXN0029146,0
TXN0001310,0
TXN0053578,0
TXN0005054,0
TXN0022289,0
TXN0003251,0
TXN0014281,0
TXN0047263,0
TXN0058137,0
TXN0028123,0
TXN0048886,0
TXN0058995,0
TXN0012057,0
TXN0059110,0
TXN0018371,0
TXN0032548,0
TXN0058032,0
TXN0001473,0
TXN0008758,0
TXN0045531,0
TXN0021196,0
TXN0010401,0
TXN0019213,0
TXN0023707,0
TXN0038626,0
TXN0023395,0
TXN0055072,0
TXN0035424,0
TXN0031543,0
TXN0013955,0
TXN0008699,0
TXN0058153,0
TXN0035425,0
TXN0029533,0
TXN0038286,0
TXN0058454,0
TXN0026261,0
TXN0003526,0
TXN0048890,0
TXN0010027,0
TXN0018260,0
TXN0017245,0
TXN0014618,0
TXN0055809,0
TXN0057042,0
TXN0021651,0
TXN0010782,0
TXN0012134,0
TXN0014984,0
TXN0053488,0
TXN0024215,0
TXN0022308,0
TXN0017167,0
TXN0002596,0
TXN0032568,0
TXN0043026,0
TXN0004797,0
TXN0013414,0
TXN0020872,0
TXN0013336,0
TXN0016761,0
TXN0016741,0
TXN0034810,0
TXN0058026,0
TXN0008724,0
TXN0014685,0
TXN0032094,0
TXN0038305,0
TXN0056206,0
TXN0033368,0
TXN0007504,0
TXN0010426,0
TXN0052895,0
TXN0020449,0
TXN0014319,0
TXN0010384,0
TXN0000184,0
TXN0004352,0
TXN0058446,0
TXN0023528,0
TXN0044381,0
TXN0022448,0
TXN0024194,0
TXN0015154,0
TXN0051775,0
TXN0054578,0
TXN0057730,0
TXN0025138,0
TXN0025189,0
TXN0035609,0
TXN0002427,0
TXN0051317,0
TXN0042524,0
TXN0055549,0
TXN0036153,0
TXN0056238,0
TXN0021307,0
TXN0056853,0
TXN0017211,0
TXN0023438,0
TXN0014708,0
TXN0030362,0
TXN0005385,0
TXN0052042,0
TXN0035420,0
TXN0038785,0
TXN0052494,0
TXN0045027,0
TXN0033964,0
TXN0018669,0
TXN0041298,0
TXN0006473,0
TXN0025912,0
TXN0013690,0
TXN0032881,0
TXN0000472,0
TXN0042827,0
TXN0004681,0
TXN0029798,0
TXN0034889,0
TXN0043234,0
TXN0044431,0
TXN0010357,0
TXN0010119,0
TXN0020511,0
TXN0033616,0
TXN0005049,0
TXN0052973,0
TXN0001528,0
TXN0015819,0
TXN0024956,0
TXN0003773,0
TXN0029696,0
TXN0019141,0
TXN0035658,0
TXN0038135,0
TXN0037622,0
TXN0019919,0
TXN0002025,0
TXN0016519,0
TXN0029713,0
TXN0014735,0
TXN0042654,0
TXN0020320,0
TXN0059952,0
TXN0043029,0
TXN0012937,0
TXN0007116,0
TXN0008102,0
TXN0031139,0
TXN0054380,0
TXN0033952,0
TXN0026663,0
TXN0053348,0
TXN0039326,0
TXN0051127,0
TXN0047212,0
TXN0003006,0
TXN0049508,0
TXN0049279,0
TXN0006566,0
TXN0057599,0
TXN0044495,0
TXN0011480,0
TXN0046937,0
TXN0000425,0
TXN0014751,0
TXN0059023,0
TXN0021652,0
TXN0029954,0
TXN0049163,0
TXN0004693,0
TXN0038130,0
TXN0005316,0
TXN0023194,0
TXN0046512,0
TXN0035194,0
TXN0016490,0
TXN0006856,0
TXN0007015,0
TXN0045303,0
TXN0004111,0
TXN0044747,0
TXN0045567,0
TXN0024605,0
TXN0028234,0
TXN0025091,0
TXN0004799,0
TXN0038003,0
TXN0045389,0
TXN0013582,0
TXN0057813,0
TXN0053356,0
TXN0053067,0
TXN0056538,0
TXN0045215,0
TXN0054402,0
TXN0008700,0
TXN0059201,0
TXN0003123,0
TXN0040430,0
TXN0010590,0
TXN0051484,0
TXN0032646,0
TXN0009305,0
TXN0054275,0
TXN0007693,0
TXN0024949,0
TXN0059353,0
TXN0052737,0
TXN0016312,0
TXN0046929,0
TXN0030498,0
TXN0045579,0
TXN0017659,0
TXN0042572,0
TXN0054329,0
TXN0009901,0
TXN0045942,0
TXN0036622,0
TXN0026038,0
TXN0058535,0
TXN0054573,0
TXN0057187,0
TXN0027484,0
TXN0054214,0
TXN0010757,0
TXN0059073,0
TXN0009054,0
TXN0010041,0
TXN0028892,0
TXN0048041,0
TXN0043405,0
TXN0026296,0
TXN0009364,0
TXN0047125,0
TXN0026975,0
TXN0020551,0
TXN0053637,0
TXN0056295,0
TXN0041598,0
TXN0004132,0
TXN0037390,0
TXN0015752,0
TXN0016950,0
TXN0025357,0
TXN0031752,0
TXN0013494,0
TXN0047391,0
TXN0029040,0
TXN0053660,0
TXN0005381,0
TXN0005315,0
TXN0012420,0
TXN0032664,0
TXN0028531,0
TXN0057501,0
TXN0058286,0
TXN0039238,0
TXN0051495,0
TXN0056818,0
TXN0036918,0
TXN0009431,0
TXN0015827,0
TXN0015782,0
TXN0037617,0
TXN0026219,0
TXN0018179,0
TXN0006834,0
TXN0030716,0
TXN0017441,0
TXN0010156,0
TXN0040455,0
TXN0002629,0
TXN0007699,0
TXN0030473,0
TXN0037584,0
TXN0026543,0
TXN0035319,0
TXN0043634,0
TXN0004522,0
TXN0016829,0
TXN0034169,0
TXN0045588,0
TXN0028833,0
TXN0042658,0
TXN0002543,0
TXN0021007,0
TXN0010467,0
TXN0045996,0
TXN0024996,0
TXN0048851,0
TXN0016668,0
TXN0051068,0
TXN0015942,0
TXN0033766,0
TXN0035650,0
TXN0047656,0
TXN0021404,0
TXN0042953,0
TXN0031909,0
TXN0040129,0
TXN0007169,0
TXN0029354,0
TXN0012198,0
TXN0028410,0
TXN0017384,0
TXN0029945,0
TXN0037536,0
TXN0030261,0
TXN0027821,0
TXN0037049,0
TXN0023583,0
TXN0004533,0
TXN0019491,0
TXN0012942,0
TXN0030067,0
TXN0023914,0
TXN0020976,0
TXN0023424,0
TXN0009748,0
TXN0027967,0
TXN0008469,0
TXN0017809,0
TXN0041120,0
TXN0021810,0
TXN0030237,0
TXN0002379,0
TXN0040168,0
TXN0017545,0
TXN0000111,0
TXN0036017,0
TXN0014008,0
TXN0024726,0
TXN0023708,0
TXN0043857,0
TXN0047347,0
TXN0009388,0
TXN0028893,0
TXN0036745,0
TXN0003546,0
TXN0004403,0
TXN0007393,0
TXN0030690,0
TXN0034142,0
TXN0039242,0
TXN0054001,0
TXN0022542,0
TXN0037083,0
TXN0037646,0
TXN0025040,0
TXN0057980,0
TXN0035429,0
TXN0008347,0
TXN0005702,0
TXN0007120,0
TXN0023404,0
TXN0027383,0
TXN0000371,0
TXN0036556,0
TXN0043576,0
TXN0042236,0
TXN0006259,0
TXN0015562,0
TXN0046625,0
TXN0005942,0
TXN0039244,0
TXN0029654,0
TXN0046020,0
TXN0053251,0
TXN0025755,0
TXN0017032,0
TXN0046145,0
TXN0007334,0
TXN0028640,0
TXN0059684,0
TXN0024491,0
TXN0050395,0
TXN0042610,0
TXN0048723,0
TXN0010431,0
TXN0003651,0
TXN0023795,0
TXN0003684,0
TXN0032294,0
TXN0019542,0
TXN0029513,0
TXN0034588,0
TXN0035249,0
TXN0013788,0
TXN0045373,0
TXN0006903,0
TXN0035416,0
TXN0044621,0
TXN0007532,0
TXN0048192,0
TXN0023703,0
TXN0041815,0
TXN0025405,0
TXN0034370,0
TXN0021537,0
TXN0027354,0
TXN0014372,0
TXN0050142,0
TXN0048842,0
TXN0033086,0
TXN0043910,0
TXN0045988,0
TXN0009461,0
TXN0047611,0
TXN0059336,0
TXN0009840,0
TXN0007121,0
TXN0046439,0
TXN0007464,0
TXN0057691,0
TXN0022205,0
TXN0039836,0
TXN0058526,0
TXN0040186,0
TXN0048921,0
TXN0024252,0
TXN0029536,0
TXN0047595,0
TXN0041590,0
TXN0015930,0
TXN0050061,0
TXN0032852,0
TXN0010498,0
TXN0019796,0
TXN0003851,0
TXN0028514,0
TXN0016746,0
TXN0030982,0
TXN0022426,0
TXN0031511,0
TXN0054947,0
TXN0033168,0
TXN0036375,0
TXN0015589,0
TXN0027459,0
TXN0053617,0
TXN0038921,0
TXN0023507,0
TXN0001320,0
TXN0051026,0
TXN0049405,0
TXN0038585,0
TXN0040078,0
TXN0018330,0
TXN0053001,0
TXN0041128,0
TXN0044851,0
TXN0017527,0
TXN0008486,0
TXN0000551,0
TXN0007276,0
TXN0020860,0
TXN0031129,0
TXN0024974,0
TXN0035571,0
TXN0047843,0
TXN0032917,0
TXN0045599,0
TXN0041452,0
TXN0000094,0
TXN0024009,0
TXN0034763,0
TXN0044200,0
TXN0033682,0
TXN0046925,0
TXN0014846,0
TXN0056047,0
TXN0050420,0
TXN0045741,0
TXN0044728,0
TXN0022743,0
TXN0059030,0
TXN0014393,0
TXN0000594,0
TXN0037653,0
TXN0010633,0
TXN0056330,0
TXN0045479,0
TXN0040641,0
TXN0039979,0
TXN0054395,0
TXN0049255,0
TXN0042476,0
TXN0011548,0
TXN0052385,0
TXN0022576,0
TXN0055546,0
TXN0019163,0
TXN0057620,0
TXN0004901,0
TXN0018383,0
TXN0041521,0
TXN0053986,0
TXN0021529,0
TXN0053287,0
TXN0021952,0
TXN0034735,0
TXN0038349,0
TXN0042144,0
TXN0058121,0
TXN0040878,0
TXN0001634,0
TXN0042908,0
TXN0031509,0
TXN0023786,0
TXN0046556,0
TXN0026193,0
TXN0027894,0
TXN0009671,0
TXN0057965,0
TXN0017310,0
TXN0026074,0
TXN0028750,0
TXN0042799,0
TXN0030399,0
TXN0042860,0
TXN0013621,0
TXN0032188,0
TXN0017716,0
TXN0041992,0
TXN0005149,0
TXN0015115,0
TXN0019650,0
TXN0019072,0
TXN0018098,0
TXN0050946,0
TXN0044652,0
TXN0053255,0
TXN0033295,0
TXN0038805,0
TXN0041291,0
TXN0013065,0
TXN0020239,0
TXN0017562,0
TXN0024506,0
TXN0023902,0
TXN0014241,0
TXN0016007,0
TXN0029361,0
TXN0024892,0
TXN0045043,0
TXN0027426,0
TXN0015053,0
TXN0058653,0
TXN0002818,0
TXN0046706,0
TXN0033718,0
TXN0005362,0
TXN0044074,0
TXN0052099,0
TXN0042619,0
TXN0050047,0
TXN0006385,0
TXN0048487,0
TXN0015169,0
TXN0051515,0
TXN0056324,0
TXN0033844,0
TXN0013246,0
TXN0018318,0
TXN0022640,0
TXN0028305,0
TXN0029032,0
TXN0050083,0
TXN0044955,0
TXN0029191,0
TXN0057817,0
TXN0031318,0
TXN0040084,0
TXN0001965,0
TXN0000987,0
TXN0018409,0
TXN0025176,0
TXN0009357,0
TXN0046474,0
TXN0032615,0
TXN0027521,0
TXN0004963,0
TXN0036895,0
TXN0059868,0
TXN0021635,0
TXN0040449,0
TXN0048010,0
TXN0032309,0
TXN0030632,0
TXN0002928,0
TXN0015496,0
TXN0050284,0
TXN0030412,0
TXN0030358,0
TXN0039722,0
TXN0058844,0
TXN0056485,0
TXN0035380,0
TXN0031381,0
TXN0039794,0
TXN0055307,0
TXN0020529,0
TXN0051941,0
TXN0053141,0
TXN0034361,0
TXN0026777,0
TXN0004383,0
TXN0056857,0
TXN0017084,0
TXN0031839,0
TXN0007443,0
TXN0011885,0
TXN0014306,0
TXN0048730,0
TXN0025890,0
TXN0026998,0
TXN0017142,0
TXN0045049,0
TXN0006598,0
TXN0003384,0
TXN0051762,0
TXN0032806,0
TXN0044091,0
TXN0021658,0
TXN0007203,0
TXN0019278,0
TXN0047038,0
TXN0037814,0
TXN0037690,0
TXN0037355,0
TXN0028946,0
TXN0009245,0
TXN0039492,0
TXN0053759,0
TXN0004856,0
TXN0008698,0
TXN0019359,0
TXN0017408,0
TXN0007572,0
TXN0028030,0
TXN0011078,0
TXN0015654,0
TXN0035575,0
TXN0030416,0
TXN0020724,0
TXN0010472,0
TXN0049625,0
TXN0008496,0
TXN0034469,0
TXN0018477,0
TXN0048413,0
TXN0009178,0
TXN0058688,0
TXN0058313,0
TXN0031786,0
TXN0020517,0
TXN0016636,0
TXN0037850,0
TXN0000511,0
TXN0024091,0
TXN0022152,0
TXN0047835,0
TXN0003333,0
TXN0057147,0
TXN0043869,0
TXN0024789,0
TXN0028543,0
TXN0057657,0
TXN0025444,0
TXN0033518,0
TXN0047855,0
TXN0006074,0
TXN0048935,0
TXN0059160,0
TXN0053462,0
TXN0019054,0
TXN0006940,0
TXN0012901,0
TXN0033170,0
TXN0024236,0
TXN0017849,0
TXN0046898,0
TXN0007222,0
TXN0004697,0
TXN0021881,0
TXN0000305,0
TXN0043109,0
TXN0005378,0
TXN0015582,0
TXN0008573,0
TXN0025511,0
TXN0038065,0
TXN0059653,0
TXN0028432,0
TXN0049849,0
TXN0041882,0
TXN0024940,0
TXN0000662,0
TXN0033471,0
TXN0036235,0
TXN0035764,0
TXN0028981,0
TXN0000527,0
TXN0042978,0
TXN0058833,0
TXN0008631,0
TXN0020165,0
TXN0059135,0
TXN0024064,0
TXN0032004,0
TXN0048879,0
TXN0050572,0
TXN0049169,0
TXN0037550,0
TXN0021527,0
TXN0055560,0
TXN0047490,0
TXN0017610,0
TXN0035572,0
TXN0000903,0
TXN0007588,0
TXN0041091,0
TXN0058421,0
TXN0014329,0
TXN0015414,0
TXN0013881,0
TXN0058061,0
TXN0041326,0
TXN0054159,0
TXN0049368,0
TXN0057735,0
TXN0035847,0
TXN0047410,0
TXN0006389,0
TXN0024550,0
TXN0009652,0
TXN0049998,0
TXN0009106,0
TXN0053277,0
TXN0045655,0
TXN0037756,0
TXN0016015,0
TXN0037130,0
TXN0001532,0
TXN0035059,0
TXN0015657,0
TXN0009449,0
TXN0023021,0
TXN0056798,0
TXN0051751,0
TXN0013888,0
TXN0041230,0
TXN0052051,0
TXN0024575,0
TXN0009678,0
TXN0015410,0
TXN0043867,0
TXN0037712,0
TXN0018366,0
TXN0042637,0
TXN0024661,0
TXN0003685,0
TXN0041127,0
TXN0042185,0
TXN0011202,0
TXN0048566,0
TXN0013421,0
TXN0027299,0
TXN0059433,0
TXN0051161,0
TXN0011564,0
TXN0033521,0
TXN0031644,0
TXN0008142,0
TXN0042378,0
TXN0008644,0
TXN0004063,0
TXN0040751,0
TXN0055920,0
TXN0052667,0
TXN0031018,0
TXN0045987,0
TXN0019727,0
TXN0037012,0
TXN0053556,0
TXN0018822,0
TXN0053672,0
TXN0034837,0
TXN0030194,0
TXN0017579,0
TXN0021608,0
TXN0025654,0
TXN0011341,0
TXN0002175,0
TXN0057950,0
TXN0008816,0
TXN0037851,0
TXN0015510,0
TXN0040799,0
TXN0013111,0
TXN0014425,0
TXN0019934,0
TXN0015065,0
TXN0037121,0
TXN0042914,0
TXN0004521,0
TXN0006402,0
TXN0017738,0
TXN0045184,0
TXN0040225,0
TXN0048154,0
TXN0040512,0
TXN0046702,0
TXN0051276,0
TXN0056733,0
TXN0001099,0
TXN0009664,0
TXN0014717,0
TXN0000020,0
TXN0025010,0
TXN0056340,0
TXN0015715,0
TXN0058275,0
TXN0011748,0
TXN0037996,0
TXN0058676,0
TXN0059043,0
TXN0057586,0
TXN0046560,0
TXN0055474,0
TXN0006443,0
TXN0051865,0
TXN0046606,0
TXN0008163,0
TXN0050757,0
TXN0050614,0
TXN0014255,0
TXN0056828,0
TXN0034633,0
TXN0012699,0
TXN0010908,0
TXN0058289,0
TXN0048635,0
TXN0025093,0
TXN0040343,0
TXN0053357,0
TXN0005007,0
TXN0019523,0
TXN0014002,0
TXN0028349,0
TXN0024583,0
TXN0040557,0
TXN0032243,0
TXN0020439,0
TXN0014642,0
TXN0033550,0
TXN0055178,0
TXN0021134,0
TXN0052535,0
TXN0019708,0
TXN0007883,0
TXN0031622,0
TXN0022631,0
TXN0008722,0
TXN0027617,0
TXN0043599,0
TXN0020852,0
TXN0003107,0
TXN0007925,0
TXN0036535,0
TXN0054730,0
TXN0024555,0
TXN0038732,0
TXN0026269,0
TXN0050657,0
TXN0043252,0
TXN0014755,0
TXN0037153,0
TXN0058359,0
TXN0011481,0
TXN0012225,0
TXN0030802,0
TXN0023979,0
TXN0027075,0
TXN0001300,0
TXN0003521,0
TXN0041462,0
TXN0038040,0
TXN0051772,0
TXN0020209,0
TXN0035342,0
TXN0006500,0
TXN0042773,0
TXN0033115,0
TXN0052966,0
TXN0053639,0
TXN0048972,0
TXN0016388,0
TXN0021984,0
TXN0044892,0
TXN0018249,0
TXN0020473,0
TXN0009711,0
TXN0049456,0
TXN0017884,0
TXN0044378,0
TXN0019615,0
TXN0050367,0
TXN0058863,0
TXN0058987,0
TXN0041848,0
TXN0001064,0
TXN0025382,0
TXN0055328,0
TXN0029815,0
TXN0038076,0
TXN0043415,0
TXN0048030,0
TXN0031913,0
TXN0007333,0
TXN0006106,0
TXN0009963,0
TXN0014507,0
TXN0014847,0
TXN0033100,0
TXN0020373,0
TXN0003692,0
TXN0006866,0
TXNS00831,1
TXN0056184,0
TXN0007814,0
TXN0053684,0
TXN0017464,0
TXN0006734,0
TXN0004288,0
TXN0020291,0
TXN0050587,0
TXN0024514,0
TXN0026875,0
TXN0058591,0
TXN0006787,0
TXN0037937,0
TXN0024329,0
TXN0005631,0
TXN0032095,0
TXN0041500,0
TXN0051850,0
TXN0056469,0
TXN0023798,0
TXN0032521,0
TXN0041446,0
TXN0055582,0
TXN0024440,0
TXN0006321,0
TXN0030549,0
TXN0034451,0
TXN0018584,0
TXN0047601,0
TXN0043994,0
TXN0001110,0
TXN0024073,0
TXN0008526,0
TXN0009034,0
TXN0008382,0
TXN0022107,0
TXN0030008,0
TXN0044385,0
TXN0023634,0
TXN0033444,0
TXN0012046,0
TXN0059888,0
TXN0015976,0
TXN0017166,0
TXN0050982,0
TXN0026631,0
TXN0051215,0
TXN0045391,0
TXN0042756,0
TXN0051221,0
TXN0043198,0
TXN0044302,0
TXN0057958,0
TXN0000183,0
TXN0009511,0
TXN0035934,0
TXN0059824,0
TXN0048004,0
TXN0053560,0
TXN0021311,0
TXN0035604,0
TXN0052923,0
TXN0047494,0
TXN0049797,0
TXN0034723,0
TXN0035123,0
TXN0052653,0
TXN0041721,0
TXN0047020,0
TXN0028255,0
TXN0023504,0
TXN0047770,0
TXN0000533,0
TXN0003830,0
TXN0041429,0
TXN0037193,0
TXN0037403,0
TXN0035510,0
TXN0022525,0
TXN0012985,0
TXN0050371,0
TXN0043796,0
TXN0026173,0
TXN0037502,0
TXN0023827,0
TXN0025842,0
TXN0057711,0
TXN0020673,0
TXN0021731,0
TXN0059464,0
TXN0054057,0
TXN0022144,0
TXN0008027,0
TXN0041290,0
TXN0003992,0
TXN0043348,0
TXN0013523,0
TXN0052369,0
TXN0048256,0
TXN0017950,0
TXN0053289,0
TXN0009102,0
TXN0033913,0
TXN0037282,0
TXN0038394,0
TXN0048408,0
TXN0015729,0
TXN0027222,0
TXN0028106,0
TXN0034312,0
TXN0035181,0
TXN0015668,0
TXN0003881,0
TXN0010796,0
TXN0004511,0
TXN0019561,0
TXN0010991,0
TXN0057577,0
TXN0017665,0
TXN0008284,0
TXN0051779,0
TXN0025727,0
TXN0021971,0
TXN0026044,0
TXN0037234,0
TXN0022757,0
TXN0014432,0
TXN0009321,0
TXN0027158,0
TXN0004642,0
TXN0053678,0
TXN0006320,0
TXN0050030,0
TXN0044271,0
TXN0012318,0
TXN0056342,0
TXN0027293,0
TXN0003599,0
TXN0048492,0
TXN0052286,0
TXN0032683,0
TXN0052422,0
TXN0034555,0
TXN0037062,0
TXN0043367,0
TXN0017745,0
TXN0003307,0
TXN0026539,0
TXN0007282,0
TXN0030161,0
TXN0055985,0
TXN0038398,0
TXN0058477,0
TXN0036807,0
TXN0020298,0
TXN0058356,0
TXN0012644,0
TXN0002407,0
TXN0054158,0
TXN0045548,0
TXN0018728,0
TXN0035844,0
TXN0005891,0
TXN0038373,0
TXN0026883,0
TXN0022131,0
TXN0039091,0
TXN0054031,0
TXN0043497,0
TXN0040663,0
TXN0028562,0
TXN0021574,0
TXN0001810,0
TXN0041809,0
TXN0018761,0
TXN0049886,0
TXN0039968,0
TXN0019179,0
TXN0049722,0
TXN0041205,0
TXN0059867,0
TXN0032925,0
TXN0004076,0
TXN0008380,0
TXN0003577,0
TXN0006209,0
TXN0042819,0
TXN0009335,0
TXN0048687,0
TXN0032939,0
TXN0006114,0
TXN0033939,0
TXN0020773,0
TXN0050263,0
TXN0036834,0
TXN0015377,0
TXN0055748,0
TXN0029164,0
TXN0009859,0
TXN0044791,0
TXN0049313,0
TXN0013394,0
TXN0053158,0
TXN0056113,0
TXN0018953,0
TXN0003206,0
TXN0005630,0
TXN0050233,0
TXN0042513,0
TXN0049644,0
TXN0007245,0
TXN0032735,0
TXN0041388,0
TXN0032145,0
TXN0016882,0
TXN0004112,0
TXN0022455,0
TXN0029656,0
TXN0020683,0
TXN0024080,0
TXN0051906,0
TXN0025874,0
TXN0043891,0
TXN0043120,0
TXN0015472,0
TXN0035588,0
TXN0022218,0
TXN0052311,0
TXN0016772,0
TXN0059560,0
TXN0034353,0
TXN0036126,0
TXN0054696,0
TXN0034094,0
TXN0029057,0
TXN0036657,0
TXN0027215,0
TXN0022212,0
TXN0031984,0
TXN0027257,0
TXN0004959,0
TXN0038016,0
TXN0012647,0
TXN0036769,0
TXN0017223,0
TXN0030222,0
TXN0005765,0
TXN0034189,0
TXN0023814,0
TXN0009966,0
TXN0015624,0
TXN0039309,0
TXN0052865,0
TXN0006641,0
TXN0018946,0
TXN0055667,0
TXN0010002,0
TXN0053711,0
TXN0016442,0
TXN0043805,0
TXN0023397,0
TXN0056755,0
TXN0050553,0
TXN0028793,0
TXN0025107,0
TXN0008131,0
TXN0058472,0
TXN0056740,0
TXN0038881,0
TXN0024767,0
TXN0039879,0
TXN0018548,0
TXN0055455,0
TXN0009438,0
TXN0056370,0
TXN0032725,0
TXN0005028,0
TXN0014101,0
TXN0006818,0
TXN0048484,0
TXN0059182,0
TXN0038309,0
TXN0051647,0
TXN0042603,0
TXN0040178,0
TXN0032286,0
TXN0026465,0
TXN0055744,0
TXN0017062,0
TXN0002542,0
TXN0048811,0
TXN0040175,0
TXN0057332,0
TXN0023621,0
TXN0054071,0
TXN0056716,0
TXN0022276,0
TXN0024365,0
TXN0015675,0
TXN0038502,0
TXN0021685,0
TXN0041277,0
TXN0012020,0
TXN0020096,0
TXN0028874,0
TXN0033447,0
TXN0041535,0
TXN0055151,0
TXN0034120,0
TXN0003902,0
TXN0018588,0
TXN0007061,0
TXN0009236,0
TXN0028730,0
TXN0022189,0
TXN0041465,0
TXN0050908,0
TXN0018901,0
TXN0026008,0
TXN0037322,0
TXN0007810,0
TXN0022940,0
TXN0048520,0
TXN0047771,0
TXN0046083,0
TXN0019755,0
TXN0016204,0
TXN0038419,0
TXN0004367,0
TXN0019644,0
TXN0037006,0
TXN0023301,0
TXN0023901,0
TXN0011467,0
TXN0008990,0
TXN0028548,0
TXN0026863,0
TXN0018168,0
TXN0049448,0
TXN0022145,0
TXN0026437,0
TXN0011640,0
TXN0000548,0
TXN0029376,0
TXN0054980,0
TXN0017787,0
TXN0011952,0
TXN0045529,0
TXN0016575,0
TXN0009319,0
TXN0033716,0
TXN0044856,0
TXN0029236,0
TXN0029202,0
TXN0022253,0
TXN0057426,0
TXN0016820,0
TXN0021277,0
TXN0005008,0
TXN0033216,0
TXN0020943,0
TXN0004297,0
TXN0046982,0
TXN0058464,0
TXN0057057,0
TXN0013055,0
TXN0045967,0
TXN0042132,0
TXN0007535,0
TXN0055917,0
TXN0049945,0
TXN0040133,0
TXN0043520,0
TXN0033895,0
TXN0055615,0
TXN0001799,0
TXN0045192,0
TXN0002387,0
TXN0019418,0
TXN0045314,0
TXN0014322,0
TXN0020106,0
TXN0013207,0
TXN0031500,0
TXN0006066,0
TXN0003512,0
TXN0057353,0
TXN0011633,0
TXN0051189,0
TXN0030102,0
TXN0028539,0
TXN0040324,0
TXN0025743,0
TXN0007816,0
TXN0019014,0
TXN0038526,0
TXN0020672,0
TXN0006695,0
TXN0054272,0
TXN0055197,0
TXN0026913,0
TXN0002263,0
TXN0007802,0
TXN0031753,0
TXN0050522,0
TXN0043974,0
TXN0003260,0
TXN0029289,0
TXN0042176,0
TXN0027385,0
TXN0017229,0
TXN0008273,0
TXN0003871,0
TXN0059716,0
TXN0001774,0
TXN0056730,0
TXN0014051,0
TXN0002840,0
TXN0031949,0
TXN0049446,0
TXN0045649,0
TXN0035383,0
TXN0008369,0
TXN0026993,0
TXN0024805,0
TXN0022502,0
TXN0001511,0
TXN0031695,0
TXN0045154,0
TXN0022242,0
TXN0038049,0
TXN0037956,0
TXN0039983,0
TXN0045034,0
TXN0018118,0
TXN0015376,0
TXN0058691,0
TXN0013698,0
TXN0027825,0
TXN0057740,0
TXN0023405,0
TXN0056148,0
TXN0051446,0
TXN0020191,0
TXN0041783,0
TXN0041716,0
TXN0048573,0
TXN0025190,0
TXN0057537,0
TXN0045036,0
TXN0022209,0
TXN0018281,0
TXN0039925,0
TXN0002303,0
TXNS00110,1
TXN0052054,0
TXN0041735,0
TXN0036719,0
TXN0056612,0
TXN0045444,0
TXN0027494,0
TXN0011148,0
TXN0043597,0
TXN0047989,0
TXN0021784,0
TXN0009669,0
TXN0055817,0
TXN0017234,0
TXN0024667,0
TXN0002822,0
TXN0020010,0
TXN0002246,0
TXN0020051,0
TXN0055987,0
TXN0016220,0
TXN0011223,0
TXN0006086,0
TXN0025173,0
TXN0049785,0
TXN0051456,0
TXN0025801,0
TXN0001711,0
TXN0013850,0
TXN0000716,0
TXN0024175,0
TXN0035533,0
TXN0018448,0
TXN0039433,0
TXN0001369,0
TXN0037869,0
TXN0001404,0
TXN0035865,0
TXN0049287,0
TXN0004329,0
TXN0054356,0
TXN0051139,0
TXN0007867,0
TXN0012979,0
TXN0048206,0
TXN0042340,0
TXN0019195,0
TXN0047750,0
TXN0046769,0
TXN0021230,0
TXN0003657,0
TXN0057306,0
TXN0017402,0
TXN0024241,0
TXN0024408,0
TXN0041618,0
TXN0021032,0
TXN0008981,0
TXN0005969,0
TXN0055205,0
TXN0043842,0
TXN0014479,0
TXN0028088,0
TXN0036551,0
TXN0038400,0
TXN0002268,0
TXN0003392,0
TXN0051172,0
TXN0011432,0
TXN0053364,0
TXN0017077,0
TXN0024680,0
TXN0018675,0
TXN0046677,0
TXN0003087,0
TXN0046055,0
TXN0027086,0
TXN0032267,0
TXN0055792,0
TXN0042709,0
TXN0034645,0
TXN0039423,0
TXN0042768,0
TXN0034297,0
TXN0001286,0
TXN0015059,0
TXN0046827,0
TXN0041223,0
TXN0050232,0
TXN0043085,0
TXN0046442,0
TXN0005538,0
TXN0017215,0
TXN0059947,0
TXN0044401,0
TXN0059840,0
TXN0032362,0
TXN0022564,0
TXN0034404,0
TXN0017754,0
TXN0056339,0
TXN0042396,0
TXN0040758,0
TXN0039181,0
TXN0052351,0
TXN0007501,0
TXN0009566,0
TXN0051896,0
TXN0020522,0
TXN0051243,0
TXN0053936,0
TXN0005452,0
TXN0000704,0
TXN0014205,0
TXN0056016,0
TXN0041457,0
TXN0052387,0
TXN0027463,0
TXN0057944,0
TXN0007425,0
TXN0020765,0
TXN0025301,0
TXN0035258,0
TXN0023564,0
TXN0043966,0
TXN0034744,0
TXN0042402,0
TXN0031922,0
TXN0055873,0
TXN0003549,0
TXN0001766,0
TXN0039918,0
TXN0049706,0
TXN0053968,0
TXN0049397,0
TXN0030580,0
TXN0042448,0
TXN0021291,0
TXN0047906,0
TXN0047505,0
TXN0021548,0
TXN0013200,0
TXN0055468,0
TXN0026568,0
TXN0055798,0
TXN0052753,0
TXN0046255,0
TXN0011424,0
TXN0045699,0
TXN0030917,0
TXN0029743,0
TXN0025835,0
TXN0035629,0
TXN0030484,0
TXN0027107,0
TXN0010375,0
TXN0025185,0
TXN0006437,0
TXN0025741,0
TXN0027097,0
TXN0009665,0
TXN0018975,0
TXN0040831,0
TXN0018510,0
TXN0027326,0
TXN0048931,0
TXN0025587,0
TXN0019336,0
TXN0018472,0
TXN0043436,0
TXN0000981,0
TXN0012069,0
TXN0036025,0
TXN0005267,0
TXN0049971,0
TXN0025822,0
TXN0017184,0
TXN0031661,0
TXN0043034,0
TXN0051544,0
TXN0009675,0
TXN0034147,0
TXN0057477,0
TXN0055091,0
TXN0050543,0
TXN0022333,0
TXN0024914,0
TXN0034549,0
TXN0050853,0
TXN0048774,0
TXN0056011,0
TXN0013566,0
TXN0004866,0
TXN0022841,0
TXN0035200,0
TXN0039624,0
TXN0058069,0
TXN0032368,0
TXN0045998,0
TXN0017903,0
TXN0052718,0
TXN0050751,0
TXN0056830,0
TXN0025462,0
TXN0006584,0
TXN0035985,0
TXN0007666,0
TXN0048659,0
TXN0023696,0
TXN0007188,0
TXN0028389,0
TXN0053598,0
TXN0000796,0
TXN0031633,0
TXN0056488,0
TXN0051475,0
TXN0046114,0
TXN0027685,0
TXN0026324,0
TXN0015389,0
TXN0029684,0
TXN0047457,0
TXN0046970,0
TXN0038077,0
TXN0016258,0
TXN0042082,0
TXN0039377,0
TXN0051110,0
TXN0021706,0
TXN0039461,0
TXN0000026,0
TXN0038533,0
TXN0019483,0
TXN0017177,0
TXN0019355,0
TXN0017093,0
TXN0010248,0
TXN0038839,0
TXN0005700,0
TXN0058982,0
TXN0013536,0
TXN0048915,0
TXN0004942,0
TXN0043652,0
TXN0040364,0
TXN0012464,0
TXN0040728,0
TXN0022838,0
TXN0037886,0
TXN0018615,0
TXN0015055,0
TXN0052141,0
TXN0017974,0
TXN0015828,0
TXN0054015,0
TXN0006472,0
TXN0045904,0
TXN0052812,0
TXN0005526,0
TXN0038376,0
TXN0017976,0
TXN0030832,0
TXN0041405,0
TXN0001082,0
TXN0020758,0
TXN0030183,0
TXN0035989,0
TXN0018687,0
TXN0030201,0
TXN0019930,0
TXN0045073,0
TXN0010596,0
TXN0006512,0
TXN0012787,0
TXN0045611,0
TXN0057702,0
TXN0058252,0
TXN0035481,0
TXN0022540,0
TXN0039115,0
TXN0039593,0
TXN0011143,0
TXN0003959,0
TXN0018288,0
TXN0038493,0
TXN0024644,0
TXN0052007,0
TXN0055112,0
TXN0000434,0
TXN0044189,0
TXN0059532,0
TXN0025370,0
TXN0002203,0
TXN0019829,0
TXN0058730,0
TXN0030041,0
TXN0058183,0
TXN0006962,0
TXN0008701,0
TXN0040274,0
TXN0020151,0
TXN0056858,0
TXN0055514,0
TXN0038397,0
TXN0008753,0
TXN0027597,0
TXN0044823,0
TXN0041490,0
TXN0015174,0
TXN0011103,0
TXN0025710,0
TXN0047091,0
TXN0053912,0
TXN0021762,0
TXN0047276,0
TXN0043175,0
TXN0003238,0
TXN0031559,0
TXN0007240,0
TXN0017316,0
TXN0030668,0
TXN0041150,0
TXN0027272,0
TXN0050638,0
TXN0058665,0
TXN0011877,0
TXN0019868,0
TXN0053732,0
TXN0013644,0
TXN0042477,0
TXN0044390,0
TXN0046524,0
TXN0034136,0
TXN0040358,0
TXN0036972,0
TXN0012210,0
TXN0030806,0
TXN0034315,0
TXN0021649,0
TXN0047856,0
TXN0015991,0
TXN0010712,0
TXN0007066,0
TXN0037830,0
TXN0018269,0
TXN0038023,0
TXN0040247,0
TXN0008545,0
TXN0046896,0
TXN0053971,0
TXN0042042,0
TXN0042213,0
TXN0001935,0
TXN0028582,0
TXN0004899,0
TXN0010662,0
TXN0003447,0
TXN0036053,0
TXN0033953,0
TXN0044511,0
TXN0019405,0
TXN0051049,0
TXN0044494,0
TXN0042723,0
TXN0022595,0
TXN0027140,0
TXN0015402,0
TXN0030394,0
TXN0004595,0
TXN0019362,0
TXN0057868,0
TXN0012194,0
TXN0026714,0
TXN0025507,0
TXN0045628,0
TXN0005142,0
TXN0015513,0
TXN0031276,0
TXN0013347,0
TXN0003811,0
TXN0013123,0
TXN0002291,0
TXN0058964,0
TXN0003603,0
TXN0013286,0
TXN0052513,0
TXN0016040,0
TXN0043473,0
TXN0059396,0
TXN0001659,0
TXN0003793,0
TXN0029022,0
TXN0017226,0
TXN0002977,0
TXN0023792,0
TXN0012218,0
TXN0012274,0
TXN0045180,0
TXN0024288,0
TXN0029175,0
TXN0022751,0
TXN0019447,0
TXN0000151,0
TXN0009191,0
TXN0057934,0
TXN0049960,0
TXNR0132,1
TXN0019017,0
TXN0011755,0
TXN0011412,0
TXN0038289,0
TXN0006004,0
TXN0039142,0
TXN0036868,0
TXN0050394,0
TXN0008159,0
TXN0058520,0
TXN0055975,0
TXN0016212,0
TXN0027476,0
TXN0047932,0
TXN0047199,0
TXN0032782,0
TXN0035560,0
TXN0054526,0
TXN0027503,0
TXN0022025,0
TXN0050080,0
TXN0005922,0
TXN0032400,0
TXN0056844,0
TXN0020875,0
TXN0045973,0
TXN0026265,0
TXN0024451,0
TXN0033948,0
TXN0006337,0
TXN0033293,0
TXN0051284,0
TXN0002606,0
TXN0011050,0
TXN0047031,0
TXN0022123,0
TXN0006414,0
TXN0007038,0
TXN0055061,0
TXN0000005,0
TXN0051091,0
TXN0016126,0
TXN0019547,0
TXN0037780,0
TXN0051166,0
TXN0056242,0
TXN0005413,0
TXN0000440,0
TXN0045513,0
TXN0054604,0
TXN0058875,0
TXN0036000,0
TXN0044253,0
TXN0001938,0
TXN0009117,0
TXN0018909,0
TXN0004870,0
TXN0022467,0
TXN0058807,0
TXN0007975,0
TXN0017269,0
TXN0050681,0
TXN0027460,0
TXN0028290,0
TXN0007704,0
TXN0016891,0
TXN0058089,0
TXN0005069,0
TXN0027603,0
TXN0023606,0
TXN0009408,0
TXN0024643,0
TXN0048749,0
TXN0016449,0
TXN0048178,0
TXN0024647,0
TXN0038233,0
TXN0058545,0
TXN0040279,0
TXN0029281,0
TXN0007664,0
TXN0013119,0
TXN0044405,0
TXN0046605,0
TXN0055500,0
TXN0033064,0
TXN0050129,0
TXN0006457,0
TXN0014245,0
TXN0042269,0
TXN0015005,0
TXN0054124,0
TXN0027219,0
TXN0058455,0
TXN0007181,0
TXN0057935,0
TXN0024430,0
TXN0012907,0
TXN0008302,0
TXN0021330,0
TXN0030593,0
TXN0025465,0
TXN0058465,0
TXN0033523,0
TXN0003534,0
TXN0013727,0
TXN0008384,0
TXN0022873,0
TXN0052180,0
TXN0004454,0
TXN0056927,0
TXN0025721,0
TXN0017765,0
TXN0057603,0
TXN0037199,0
TXN0039501,0
TXN0036660,0
TXN0002613,0
TXN0022560,0
TXN0049760,0
TXN0009953,0
TXN0028522,0
TXN0017959,0
TXN0040756,0
TXN0048397,0
TXN0034351,0
TXNS00620,1
TXN0059805,0
TXN0001617,0
TXN0014219,0
TXN0012121,0
TXN0043532,0
TXN0041470,0
TXN0009522,0
TXN0051125,0
TXN0032333,0
TXN0028988,0
TXN0037697,0
TXN0024005,0
TXN0017693,0
TXN0021442,0
TXN0041751,0
TXN0026250,0
TXN0049846,0
TXN0018702,0
TXN0042597,0
TXN0000405,0
TXN0016603,0
TXN0004123,0
TXN0034192,0
TXN0044745,0
TXN0008756,0
TXN0002037,0
TXN0024331,0
TXN0001022,0
TXN0049470,0
TXN0007434,0
TXN0010885,0
TXN0044583,0
TXN0016650,0
TXN0029389,0
TXN0039958,0
TXN0034119,0
TXN0048142,0
TXN0027724,0
TXN0053989,0
TXN0046285,0
TXN0032080,0
TXN0043702,0
TXN0050487,0
TXN0013305,0
TXN0001263,0
TXN0008539,0
TXN0019968,0
TXN0037491,0
TXN0054571,0
TXN0017435,0
TXN0021146,0
TXN0049063,0
TXN0042628,0
TXN0048078,0
TXN0045153,0
TXN0056681,0
TXN0057532,0
TXN0010845,0
TXN0000395,0
TXN0016488,0
TXN0036075,0
TXN0009260,0
TXN0043846,0
TXN0059424,0
TXN0032099,0
TXN0025168,0
TXN0008938,0
TXN0008950,0
TXN0054411,0
TXN0052719,0
TXN0031133,0
TXN0058565,0
TXNR0231,1
TXN0028475,0
TXN0038187,0
TXN0026868,0
TXN0030193,0
TXN0017279,0
TXN0051368,0
TXN0004250,0
TXN0012196,0
TXN0001225,0
TXN0049374,0
TXN0006408,0
TXN0021662,0
TXN0004754,0
TXN0044449,0
TXN0006955,0
TXN0038878,0
TXN0054468,0
TXN0008619,0
TXN0044723,0
TXN0051067,0
TXN0052438,0
TXN0004860,0
TXN0015442,0
TXN0057580,0
TXN0049543,0
TXN0012165,0
TXN0049829,0
TXN0022650,0
TXN0043182,0
TXN0031514,0
TXN0029255,0
TXN0049256,0
TXN0010419,0
TXN0032019,0
TXN0015467,0
TXN0036672,0
TXN0054483,0
TXN0009466,0
TXN0014568,0
TXN0018433,0
TXN0018292,0
TXN0036693,0
TXN0026284,0
TXN0020471,0
TXN0028004,0
TXN0016489,0
TXN0024086,0
TXN0043168,0
TXN0026451,0
TXN0035556,0
TXN0013093,0
TXN0017564,0
TXN0017878,0
TXN0016445,0
TXN0014557,0
TXN0053263,0
TXN0021806,0
TXN0028069,0
TXN0055830,0
TXN0034227,0
TXN0026580,0
TXN0045478,0
TXN0021742,0
TXN0022758,0
TXN0005967,0
TXN0034954,0
TXN0044590,0
TXN0010995,0
TXN0033220,0
TXN0024687,0
TXN0023913,0
TXN0026162,0
TXN0031335,0
TXN0003889,0
TXN0010866,0
TXN0016980,0
TXN0029427,0
TXN0044532,0
TXN0011055,0
TXN0005639,0
TXN0004849,0
TXN0003299,0
TXN0000064,0
TXN0045171,0
TXN0017932,0
TXN0013672,0
TXN0019416,0
TXN0030755,0
TXN0034862,0
TXN0058548,0
TXN0006182,0
TXN0015591,0
TXN0012661,0
TXN0003856,0
TXN0020843,0
TXN0039369,0
TXN0010223,0
TXN0052178,0
TXN0018213,0
TXN0037450,0
TXN0054731,0
TXN0047145,0
TXN0014258,0
TXN0022222,0
TXN0015453,0
TXN0010437,0
TXN0017868,0
TXN0015816,0
TXN0023765,0
TXN0046776,0
TXN0013696,0
TXN0016462,0
TXN0021555,0
TXN0040112,0
TXN0010110,0
TXN0056348,0
TXN0040725,0
TXN0016943,0
TXN0046205,0
TXN0026251,0
TXN0028646,0
TXN0050820,0
TXN0036600,0
TXN0010440,0
TXN0009616,0
TXN0039823,0
TXN0025339,0
TXN0008660,0
TXN0000027,0
TXN0046567,0
TXN0010967,0
TXN0020531,0
TXN0017189,0
TXN0043060,0
TXN0053764,0
TXN0010534,0
TXN0026129,0
TXN0023235,0
TXN0046051,0
TXN0042103,0
TXN0035354,0
TXN0027313,0
TXN0057345,0
TXN0014239,0
TXN0044915,0
TXN0051021,0
TXN0045583,0
TXN0038059,0
TXN0005302,0
TXN0036999,0
TXN0015797,0
TXN0036695,0
TXN0039351,0
TXN0029527,0
TXN0014776,0
TXN0022787,0
TXN0056188,0
TXN0040803,0
TXN0056236,0
TXN0047640,0
TXN0054388,0
TXN0029393,0
TXN0007750,0
TXN0010047,0
TXN0048345,0
TXN0005349,0
TXN0044766,0
TXN0036023,0
TXN0021004,0
TXN0003454,0
TXN0000362,0
TXN0043831,0
TXN0058128,0
TXN0058806,0
TXN0010753,0
TXN0013338,0
TXN0042407,0
TXN0035092,0
TXN0011167,0
TXN0015802,0
TXN0036080,0
TXN0044972,0
TXN0021825,0
TXN0020557,0
TXN0045495,0
TXN0023418,0
TXN0039950,0
TXN0054774,0
TXN0021725,0
TXN0029612,0
TXN0009808,0
TXN0016160,0
TXN0032322,0
TXNS00310,1
TXN0001128,0
TXN0000022,0
TXN0045597,0
TXN0033262,0
TXN0036181,0
TXN0053433,0
TXN0011576,0
TXN0020886,0
TXN0003980,0
TXN0042311,0
TXN0015457,0
TXN0010774,0
TXN0018547,0
TXN0044528,0
TXN0019280,0
TXN0027408,0
TXN0031817,0
TXN0005310,0
TXN0014515,0
TXN0002925,0
TXN0007450,0
TXN0025451,0
TXN0003195,0
TXN0033055,0
TXN0040883,0
TXN0057593,0
TXN0038183,0
TXN0028605,0
TXN0008050,0
TXN0004369,0
TXN0007248,0
TXN0011213,0
TXN0013189,0
TXN0049513,0
TXN0020621,0
TXN0029790,0
TXN0049380,0
TXN0026427,0
TXN0027032,0
TXN0051224,0
TXN0038121,0
TXN0040160,0
TXN0036782,0
TXN0048026,0
TXN0000794,0
TXN0011937,0
TXN0021219,0
TXN0027378,0
TXN0049152,0
TXNS01113,1
TXN0006661,0
TXN0016693,0
TXN0015225,0
TXN0011692,0
TXN0051096,0
TXN0003042,0
TXN0027201,0
TXN0017427,0
TXN0014604,0
TXN0040403,0
TXN0009487,0
TXN0026252,0
TXN0057133,0
TXN0050244,0
TXN0007386,0
TXN0018228,0
TXN0058280,0
TXN0042840,0
TXN0024464,0
TXN0020434,0
TXN0021409,0
TXN0011573,0
TXN0031340,0
TXN0011553,0
TXN0007331,0
TXN0005271,0
TXN0033043,0
TXN0019076,0
TXN0052171,0
TXN0006611,0
TXN0049199,0
TXN0030543,0
TXN0035843,0
TXN0057625,0
TXN0040667,0
TXN0051548,0
TXN0053386,0
TXN0025130,0
TXN0039239,0
TXN0034654,0
TXN0006829,0
TXN0053755,0
TXN0034923,0
TXN0004176,0
TXN0018620,0
TXN0002853,0
TXN0016108,0
TXN0014035,0
TXN0025156,0
TXN0010346,0
TXN0016352,0
TXN0026367,0
TXN0041791,0
TXN0035568,0
TXN0010236,0
TXN0048237,0
TXN0035221,0
TXN0028670,0
TXN0004314,0
TXN0015051,0
TXN0018006,0
TXN0008076,0
TXN0050493,0
TXN0050563,0
TXN0022266,0
TXN0051903,0
TXN0003515,0
TXN0046415,0
TXN0028390,0
TXN0005767,0
TXN0054525,0
TXN0029805,0
TXN0032788,0
TXN0053140,0
TXN0044151,0
TXN0049436,0
TXN0021770,0
TXN0053022,0
TXN0040491,0
TXN0011346,0
TXN0034640,0
TXN0044957,0
TXN0021832,0
TXN0038046,0
TXN0002682,0
TXN0048737,0
TXN0003055,0
TXNS01011,1
TXN0000863,0
TXN0012582,0
TXN0033639,0
TXN0009404,0
TXN0043832,0
TXN0047220,0
TXN0040888,0
TXN0051461,0
TXN0022480,0
TXN0006928,0
TXN0040592,0
TXN0002466,0
TXN0020600,0
TXN0025702,0
TXN0041645,0
TXN0023487,0
TXN0005375,0
TXN0020014,0
TXN0038381,0
TXN0001439,0
TXN0018095,0
TXN0037010,0
TXN0013222,0
TXN0021173,0
TXN0052800,0
TXN0057030,0
TXN0035667,0
TXN0036803,0
TXN0025046,0
TXN0048672,0
TXN0035797,0
TXN0032500,0
TXN0020641,0
TXN0036898,0
TXN0013665,0
TXN0056571,0
TXN0053174,0
TXN0046399,0
TXN0027009,0
TXN0041018,0
TXN0023466,0
TXN0011977,0
TXN0034890,0
TXN0002673,0
TXN0028484,0
TXN0029613,0
TXN0031036,0
TXN0023489,0
TXN0038886,0
TXN0055590,0
TXN0059453,0
TXN0054448,0
TXN0019995,0
TXN0048015,0
TXN0048510,0
TXN0053332,0
TXN0023450,0
TXN0000337,0
TXN0052912,0
TXN0020388,0
TXN0001942,0
TXN0027068,0
TXNS00801,1
TXN0001913,0
TXN0013898,0
TXN0008915,0
TXN0045779,0
TXN0007771,0
TXN0023401,0
TXN0021682,0
TXN0023645,0
TXN0033902,0
TXN0037249,0
TXN0034609,0
TXN0032539,0
TXN0016417,0
TXN0023221,0
TXN0052536,0
TXN0001076,0
TXN0041271,0
TXN0029006,0
TXN0029811,0
TXN0005399,0
TXN0014263,0
TXN0047155,0
TXN0016267,0
TXN0056357,0
TXN0033357,0
TXN0048098,0
TXN0037926,0
TXN0008271,0
TXN0058996,0
TXN0047257,0
TXN0007897,0
TXN0038038,0
TXN0003199,0
TXN0050014,0
TXN0048892,0
TXN0037486,0
TXN0014863,0
TXN0053916,0
TXN0027482,0
TXN0050178,0
TXN0041400,0
TXN0003324,0
TXN0039776,0
TXN0026279,0
TXN0010196,0
TXN0030924,0
TXN0003743,0
TXN0040239,0
TXN0045361,0
TXN0058358,0
TXN0027387,0
TXN0051735,0
TXN0028779,0
TXN0027157,0
TXN0029665,0
TXN0047380,0
TXN0043986,0
TXN0019911,0
TXN0007440,0
TXN0029751,0
TXN0011231,0
TXN0054062,0
TXN0037432,0
TXN0043769,0
TXN0000997,0
TXN0024760,0
TXN0018676,0
TXN0025774,0
TXN0007176,0
TXN0038051,0
TXN0055810,0
TXN0002124,0
TXN0022043,0
TXN0036744,0
TXN0017116,0
TXN0010169,0
TXN0021580,0
TXN0027407,0
TXN0036531,0
TXN0032847,0
TXN0004561,0
TXN0018715,0
TXN0020890,0
TXN0011025,0
TXN0032695,0
TXN0012683,0
TXN0029756,0
TXN0000303,0
TXN0020542,0
TXN0025459,0
TXN0056576,0
TXN0006617,0
TXN0049110,0
TXN0025167,0
TXN0023218,0
TXN0016167,0
TXN0047301,0
TXN0014037,0
TXN0014974,0
TXN0055756,0
TXN0006177,0
TXN0039015,0
TXN0057026,0
TXN0047099,0
TXN0030496,0
TXN0030649,0
TXN0050216,0
TXN0005400,0
TXN0051180,0
TXN0037569,0
TXN0029605,0
TXN0027153,0
TXN0015195,0
TXN0000106,0
TXN0058382,0
TXN0050280,0
TXN0003404,0
TXN0016102,0
TXN0030215,0
TXN0040484,0
TXN0045356,0
TXN0058646,0
TXN0039293,0
TXN0055376,0
TXN0006387,0
TXN0050466,0
TXN0019455,0
TXN0035744,0
TXN0034296,0
TXN0021348,0
TXN0030692,0
TXN0017349,0
TXN0009854,0
TXN0033223,0
TXN0051744,0
TXN0023437,0
TXN0057045,0
TXN0029742,0
TXN0000045,0
TXN0009286,0
TXN0046656,0
TXN0027289,0
TXN0039765,0
TXN0015304,0
TXN0048857,0
TXN0019441,0
TXN0001778,0
TXN0009910,0
TXN0044112,0
TXN0023924,0
TXN0045581,0
TXN0003646,0
TXN0033268,0
TXN0012211,0
TXN0016557,0
TXN0007865,0
TXN0049059,0
TXN0034866,0
TXN0024911,0
TXN0038997,0
TXN0010216,0
TXN0017910,0
TXN0018240,0
TXN0013580,0
TXN0016995,0
TXN0008052,0
TXN0055845,0
TXN0010857,0
TXN0051152,0
TXN0058867,0
TXN0055037,0
TXN0052589,0
TXN0009387,0
TXN0042425,0
TXN0044466,0
TXN0024220,0
TXN0018414,0
TXN0000271,0
TXN0019325,0
TXN0036820,0
TXN0028489,0
TXN0021087,0
TXN0042062,0
TXN0058540,0
TXN0016473,0
TXN0003736,0
TXN0048741,0
TXN0050315,0
TXN0012502,0
TXN0000639,0
TXN0017946,0
TXN0045281,0
TXN0017105,0
TXN0022007,0
TXN0032675,0
TXN0001080,0
TXN0022058,0
TXN0054537,0
TXN0035523,0
TXN0003212,0
TXN0055682,0
TXN0021494,0
TXN0015330,0
TXN0055008,0
TXN0028440,0
TXN0054587,0
TXN0041176,0
TXN0037489,0
TXN0012439,0
TXN0011464,0
TXN0005965,0
TXN0011584,0
TXN0057671,0
TXN0008254,0
TXN0048181,0
TXN0048111,0
TXN0001019,0
TXN0004096,0
TXN0039227,0
TXN0055207,0
TXN0034333,0
TXN0046452,0
TXN0007711,0
TXN0032577,0
TXN0026924,0
TXN0006792,0
TXN0027640,0
TXN0051874,0
TXN0058616,0
TXN0007111,0
TXN0029722,0
TXN0050295,0
TXN0015779,0
TXN0031848,0
TXN0036913,0
TXN0002395,0
TXN0023660,0
TXN0043923,0
TXN0045527,0
TXN0046841,0
TXN0049732,0
TXN0042192,0
TXN0047948,0
TXN0026107,0
TXN0001780,0
TXN0042381,0
TXN0007463,0
TXN0026014,0
TXN0037190,0
TXN0035447,0
TXN0023546,0
TXN0044138,0
TXN0019056,0
TXN0058307,0
TXN0002631,0
TXN0016738,0
TXN0051072,0
TXN0028342,0
TXN0003591,0
TXN0047809,0
TXN0020289,0
TXN0051258,0
TXN0056742,0
TXN0008584,0
TXN0000886,0
TXN0050892,0
TXN0009416,0
TXN0023476,0
TXN0019192,0
TXN0002056,0
TXN0059561,0
TXN0028176,0
TXN0018688,0
TXN0021309,0
TXN0037321,0
TXN0036818,0
TXN0046003,0
TXN0042853,0
TXN0020011,0
TXN0047736,0
TXN0057999,0
TXN0000641,0
TXN0025475,0
TXN0005361,0
TXN0004427,0
TXN0040134,0
TXN0018280,0
TXN0054167,0
TXN0004606,0
TXN0004429,0
TXN0050698,0
TXN0037695,0
TXN0021801,0
TXN0003774,0
TXN0017743,0
TXN0027892,0
TXN0016600,0
TXN0038622,0
TXN0057385,0
TXN0051348,0
TXN0011587,0
TXN0053189,0
TXN0047251,0
TXN0013054,0
TXN0020605,0
TXN0052614,0
TXN0043262,0
TXN0020138,0
TXN0034383,0
TXN0026898,0
TXN0036741,0
TXN0022244,0
TXN0046160,0
TXN0053484,0
TXN0044877,0
TXN0034818,0
TXNR0173,1
TXN0015203,0
TXN0057926,0
TXN0058601,0
TXN0051512,0
TXN0034329,0
TXN0053776,0
TXN0009815,0
TXN0029049,0
TXN0058686,0
TXN0017156,0
TXN0026673,0
TXN0033097,0
TXN0010524,0
TXN0036365,0
TXN0000394,0
TXN0038680,0
TXN0014662,0
TXN0043555,0
TXN0037170,0
TXN0021509,0
TXN0048307,0
TXN0005004,0
TXN0019047,0
TXN0008831,0
TXN0016101,0
TXN0046635,0
TXN0038485,0
TXN0051755,0
TXN0018413,0
TXN0037436,0
TXN0033431,0
TXN0002057,0
TXN0054684,0
TXN0048020,0
TXN0013775,0
TXN0059547,0
TXN0047360,0
TXN0023946,0
TXN0059450,0
TXN0049017,0
TXN0059718,0
TXN0056940,0
TXN0006560,0
TXN0016878,0
TXN0025322,0
TXN0018226,0
TXN0049258,0
TXN0054936,0
TXN0004098,0
TXN0058895,0
TXN0056359,0
TXN0048736,0
TXN0001218,0
TXN0041506,0
TXN0018672,0
TXN0055934,0
TXN0001408,0
TXN0020654,0
TXN0033741,0
TXN0011217,0
TXN0024537,0
TXN0037890,0
TXN0008204,0
TXN0055092,0
TXN0057512,0
TXN0016720,0
TXN0036446,0
TXN0005681,0
TXN0013715,0
TXN0037958,0
TXN0024346,0
TXN0043421,0
TXN0053395,0
TXN0040622,0
TXN0003201,0
TXN0031971,0
TXN0008212,0
TXN0024021,0
TXN0004889,0
TXN0033362,0
TXN0037317,0
TXN0032210,0
TXN0042811,0
TXN0028715,0
TXN0008108,0
TXN0002473,0
TXN0022733,0
TXN0038869,0
TXN0051186,0
TXN0053343,0
TXN0001922,0
TXN0032250,0
TXN0017443,0
TXN0026918,0
TXN0031668,0
TXN0004841,0
TXN0024281,0
TXN0024855,0
TXN0039028,0
TXN0040910,0
TXN0011785,0
TXN0030383,0
TXN0043083,0
TXN0028000,0
TXN0031510,0
TXN0045632,0
TXN0038964,0
TXN0025350,0
TXN0002076,0
TXN0045477,0
TXN0020514,0
TXN0006007,0
TXN0053724,0
TXN0017601,0
TXN0030614,0
TXN0023211,0
TXN0033729,0
TXN0030921,0
TXN0055989,0
TXN0042000,0
TXN0034722,0
TXN0022705,0
TXN0006055,0
TXN0011218,0
TXN0030121,0
TXN0001740,0
TXN0050866,0
TXN0009814,0
TXN0028204,0
TXN0020545,0
TXN0017729,0
TXN0016447,0
TXN0030482,0
TXN0012460,0
TXN0015683,0
TXN0027002,0
TXN0025936,0
TXN0045135,0
TXN0015245,0
TXN0056233,0
TXN0010402,0
TXN0048948,0
TXN0003192,0
TXN0038575,0
TXN0017522,0
TXN0001454,0
TXN0035421,0
TXN0009492,0
TXN0044411,0
TXN0053426,0
TXN0025208,0
TXN0008253,0
TXN0052690,0
TXN0046009,0
TXN0008097,0
TXN0029888,0
TXN0003098,0
TXN0055540,0
TXN0050724,0
TXN0052373,0
TXN0025968,0
TXN0006822,0
TXN0000633,0
TXN0031283,0
TXN0045610,0
TXN0026499,0
TXN0006961,0
TXN0052979,0
TXN0044420,0
TXN0012262,0
TXN0055644,0
TXN0002940,0
TXN0055323,0
TXN0027430,0
TXN0045347,0
TXN0033800,0
TXN0058420,0
TXN0014988,0
TXN0012906,0
TXN0035191,0
TXN0045696,0
TXN0051629,0
TXN0044397,0
TXN0059470,0
TXN0000236,0
TXN0029541,0
TXN0029520,0
TXN0038255,0
TXN0023813,0
TXN0039489,0
TXN0020553,0
TXN0015911,0
TXN0008599,0
TXN0047799,0
TXN0026199,0
TXN0026171,0
TXN0044863,0
TXN0046580,0
TXN0009745,0
TXN0024524,0
TXN0002882,0
TXN0019589,0
TXN0047012,0
TXN0050422,0
TXN0049934,0
TXN0050041,0
TXN0036048,0
TXN0017326,0
TXN0017769,0
TXN0013973,0
TXN0015861,0
TXN0034063,0
TXN0041643,0
TXN0016350,0
TXN0038976,0
TXN0054026,0
TXN0009088,0
TXN0019726,0
TXN0047773,0
TXN0040128,0
TXN0025255,0
TXN0048430,0
TXN0017881,0
TXN0045595,0
TXN0017131,0
TXN0022106,0
TXN0038749,0
TXN0051728,0
TXN0027915,0
TXN0053104,0
TXN0000590,0
TXN0037177,0
TXN0032177,0
TXN0036996,0
TXN0011881,0
TXN0037981,0
TXN0006569,0
TXN0027740,0
TXN0047459,0
TXN0051449,0
TXN0007965,0
TXN0038033,0
TXN0039386,0
TXN0051531,0
TXN0035904,0
TXN0044839,0
TXN0015977,0
TXN0046100,0
TXN0025685,0
TXN0044406,0
TXN0023940,0
TXN0049631,0
TXN0041147,0
TXN0022187,0
TXN0031094,0
TXN0009695,0
TXN0004316,0
TXN0004674,0
TXN0014639,0
TXN0026598,0
TXN0008968,0
TXN0009982,0
TXN0045983,0
TXN0021066,0
TXN0011183,0
TXN0008266,0
TXN0037532,0
TXN0016876,0
TXN0021683,0
TXN0011517,0
TXN0050549,0
TXN0043809,0
TXN0013880,0
TXN0000824,0
TXN0008747,0
TXN0003275,0
TXN0017996,0
TXN0029531,0
TXN0001753,0
TXN0052623,0
TXN0014325,0
TXN0030810,0
TXN0050660,0
TXN0028006,0
TXN0056441,0
TXN0004876,0
TXN0042485,0
TXN0006608,0
TXN0037857,0
TXN0005423,0
TXN0054830,0
TXN0011859,0
TXN0055567,0
TXN0023996,0
TXN0035024,0
TXN0034512,0
TXN0016254,0
TXN0020561,0
TXN0021246,0
TXN0031820,0
TXN0016042,0
TXN0026398,0
TXN0000868,0
TXN0045970,0
TXN0046189,0
TXN0023985,0
TXN0026118,0
TXN0008078,0
TXN0029989,0
TXN0052138,0
TXN0003280,0
TXN0058350,0
TXN0028525,0
TXN0057705,0
TXN0046679,0
TXN0041553,0
TXN0007140,0
TXN0013429,0
TXN0013697,0
TXN0049563,0
TXN0036292,0
TXN0042749,0
TXN0025594,0
TXN0056607,0
TXN0057874,0
TXN0025838,0
TXN0005079,0
TXN0035326,0
TXN0043023,0
TXN0054428,0
TXN0001773,0
TXN0046043,0
TXN0019798,0
TXN0048265,0
TXN0046116,0
TXN0008520,0
TXN0009481,0
TXN0041435,0
TXN0040087,0
TXN0023490,0
TXN0004473,0
TXN0034129,0
TXN0017472,0
TXN0050867,0
TXN0039174,0
TXN0051819,0
TXN0015748,0
TXN0042703,0
TXN0007274,0
TXN0048064,0
TXN0002016,0
TXN0044477,0
TXN0001607,0
TXN0036373,0
TXN0017942,0
TXN0042220,0
TXN0037372,0
TXN0011588,0
TXN0038915,0
TXN0015660,0
TXN0031346,0
TXN0048282,0
TXN0055002,0
TXN0055692,0
TXN0005443,0
TXN0032899,0
TXN0059999,0
TXN0004643,0
TXN0047974,0
TXN0000497,0
TXN0028190,0
TXN0010528,0
TXN0003664,0
TXN0037594,0
TXN0044052,0
TXN0030104,0
TXN0007433,0
TXN0028924,0
TXN0050736,0
TXN0054913,0
TXN0019207,0
TXN0044835,0
TXN0009395,0
TXN0058811,0
TXN0032360,0
TXN0043020,0
TXN0010518,0
TXN0021423,0
TXN0046632,0
TXN0039941,0
TXN0046856,0
TXN0026549,0
TXN0023925,0
TXN0000763,0
TXN0002389,0
TXN0030636,0
TXN0053326,0
TXN0031440,0
TXN0037834,0
TXN0006840,0
TXN0034721,0
TXN0013587,0
TXN0034617,0
TXN0027631,0
TXN0007835,0
TXN0004820,0
TXN0021050,0
TXN0008507,0
TXN0049704,0
TXN0020504,0
TXN0006412,0
TXN0009759,0
TXN0056544,0
TXN0014817,0
TXN0031876,0
TXN0052431,0
TXN0016005,0
TXN0050907,0
TXN0000015,0
TXN0021249,0
TXN0031746,0
TXN0022796,0
TXN0058603,0
TXN0003952,0
TXN0033077,0
TXN0042443,0
TXN0027956,0
TXN0057396,0
TXN0017533,0
TXN0035285,0
TXN0028080,0
TXN0020617,0
TXN0051193,0
TXN0002128,0
TXN0010139,0
TXN0037634,0
TXN0031145,0
TXN0000722,0
TXN0054738,0
TXN0033879,0
TXN0036355,0
TXN0056260,0
TXN0017333,0
TXN0024474,0
TXN0033405,0
TXN0024824,0
TXN0018790,0
TXN0042197,0
TXN0053793,0
TXN0023130,0
TXN0008888,0
TXN0042582,0
TXN0056411,0
TXN0026365,0
TXN0002228,0
TXN0040148,0
TXN0049573,0
TXN0021996,0
TXN0040647,0
TXN0058312,0
TXN0027609,0
TXN0007878,0
TXN0032576,0
TXN0016038,0
TXN0036978,0
TXN0059911,0
TXN0026467,0
TXN0055594,0
TXN0007377,0
TXN0002010,0
TXN0045310,0
TXN0052920,0
TXN0027690,0
TXN0051298,0
TXN0010190,0
TXN0035335,0
TXN0045850,0
TXN0030823,0
TXN0001902,0
TXN0043049,0
TXN0058445,0
TXN0024102,0
TXN0036527,0
TXN0016347,0
TXN0028767,0
TXN0039017,0
TXN0006047,0
TXN0018996,0
TXN0035725,0
TXN0019310,0
TXN0058450,0
TXN0056578,0
TXN0006907,0
TXN0009751,0
TXN0038551,0
TXN0054174,0
TXN0012312,0
TXN0018130,0
TXN0039846,0
TXN0009114,0
TXN0028457,0
TXN0000944,0
TXN0031481,0
TXN0027399,0
TXN0037739,0
TXN0052483,0
TXN0027579,0
TXN0006984,0
TXN0051655,0
TXN0042548,0
TXN0044187,0
TXN0038745,0
TXN0044288,0
TXN0028214,0
TXN0008062,0
TXN0052153,0
TXN0048295,0
TXN0026058,0
TXN0008559,0
TXN0058553,0
TXN0032911,0
TXN0045604,0
TXN0049744,0
TXN0013786,0
TXN0034986,0
TXN0037081,0
TXN0022658,0
TXN0037367,0
TXN0042120,0
TXN0027066,0
TXN0010204,0
TXN0010807,0
TXN0057409,0
TXN0006765,0
TXN0031813,0
TXN0035713,0
TXN0025669,0
TXN0003188,0
TXN0048028,0
TXN0008031,0
TXN0024796,0
TXN0021380,0
TXN0030436,0
TXN0016568,0
TXN0057523,0
TXN0042842,0
TXN0036394,0
TXN0057741,0
TXN0055096,0
TXN0026926,0
TXN0013733,0
TXN0013965,0
TXN0057088,0
TXN0049535,0
TXN0009797,0
TXN0041552,0
TXN0025717,0
TXN0034010,0
TXN0022402,0
TXN0059992,0
TXN0008463,0
TXN0003925,0
TXN0027738,0
TXN0055482,0
TXN0008730,0
TXN0021946,0
TXN0037895,0
TXN0001360,0
TXN0005950,0
TXN0041911,0
TXN0049562,0
TXN0008884,0
TXN0004905,0
TXN0015256,0
TXN0058250,0
TXN0035109,0
TXN0019748,0
TXN0047659,0
TXN0046786,0
TXN0056592,0
TXN0043270,0
TXN0000528,0
TXN0052778,0
TXN0044427,0
TXN0002369,0
TXN0012569,0
TXN0044415,0
TXN0013412,0
TXN0035399,0
TXN0011226,0
TXN0031770,0
TXN0007715,0
TXN0005024,0
TXN0046594,0
TXN0033071,0
TXN0036930,0
TXN0049662,0
TXN0048049,0
TXN0037304,0
TXN0004597,0
TXN0053564,0
TXN0044308,0
TXN0009470,0
TXN0020593,0
TXN0019171,0
TXN0050032,0
TXN0021507,0
TXN0010652,0
TXN0053990,0
TXN0048138,0
TXN0051233,0
TXN0040253,0
TXN0016740,0
TXN0059712,0
TXN0047628,0
TXN0003909,0
TXN0059003,0
TXN0018704,0
TXN0019703,0
TXN0015919,0
TXN0002019,0
TXN0055107,0
TXN0000567,0
TXN0055030,0
TXN0058266,0
TXN0057807,0
TXN0004486,0
TXN0014404,0
TXN0030279,0
TXN0059271,0
TXN0048862,0
TXN0023871,0
TXN0048167,0
TXN0053059,0
TXN0035338,0
TXN0025298,0
TXN0025551,0
TXN0011278,0
TXN0013526,0
TXN0028133,0
TXN0056599,0
TXN0011802,0
TXN0024146,0
TXN0015909,0
TXN0036051,0
TXN0007257,0
TXN0051858,0
TXN0006574,0
TXN0032668,0
TXN0007803,0
TXN0024686,0
TXN0002526,0
TXN0024187,0
TXN0028391,0
TXN0031704,0
TXN0032269,0
TXN0040724,0
TXN0052971,0
TXN0032926,0
TXN0055805,0
TXN0039470,0
TXN0034828,0
TXN0033649,0
TXN0014063,0
TXN0027883,0
TXN0033044,0
TXN0000666,0
TXN0015739,0
TXN0021343,0
TXN0023434,0
TXN0037651,0
TXN0024709,0
TXN0046028,0
TXN0006762,0
TXN0006615,0
TXN0022441,0
TXN0037570,0
TXN0044207,0
TXN0049926,0
TXN0006299,0
TXN0004179,0
TXN0039938,0
TXN0022889,0
TXN0041368,0
TXN0001832,0
TXN0045605,0
TXN0048987,0
TXN0011519,0
TXN0002058,0
TXN0054146,0
TXN0029674,0
TXN0036533,0
TXN0021303,0
TXN0053557,0
TXN0039107,0
TXN0014690,0
TXN0029986,0
TXN0012823,0
TXN0027621,0
TXN0042607,0
TXN0017866,0
TXN0057771,0
TXN0014732,0
TXN0023016,0
TXN0052945,0
TXN0048224,0
TXN0013397,0
TXN0007549,0
TXN0024945,0
TXN0048159,0
TXN0018932,0
TXN0059297,0
TXN0000642,0
TXN0059399,0
TXN0058525,0
TXN0019853,0
TXN0011043,0
TXN0045813,0
TXN0020448,0
TXN0004781,0
TXN0018242,0
TXN0006579,0
TXN0045393,0
TXN0036491,0
TXN0044698,0
TXN0034168,0
TXN0019739,0
TXN0033289,0
TXN0024243,0
TXN0004030,0
TXN0013027,0
TXN0059035,0
TXN0059649,0
TXN0013056,0
TXN0010060,0
TXN0036776,0
TXN0047763,0
TXN0012812,0
TXN0047468,0
TXN0014455,0
TXN0054854,0
TXN0042017,0
TXN0058610,0
TXN0050985,0
TXN0033909,0
TXN0017256,0
TXN0009630,0
TXN0006336,0
TXN0039426,0
TXN0054476,0
TXN0038796,0
TXN0004231,0
TXN0022959,0
TXN0000306,0
TXN0009945,0
TXN0018660,0
TXN0058542,0
TXN0050501,0
TXN0019479,0
TXN0001924,0
TXN0046215,0
TXN0020102,0
TXN0055837,0
TXN0031098,0
TXN0024016,0
TXN0059379,0
TXN0022203,0
TXN0027920,0
TXN0045704,0
TXN0004301,0
TXN0020754,0
TXN0028109,0
TXN0051915,0
TXN0042145,0
TXN0047428,0
TXN0022320,0
TXN0010456,0
TXN0000260,0
TXN0028490,0
TXN0050302,0
TXN0025772,0
TXN0001091,0
TXN0006931,0
TXN0021033,0
TXN0026785,0
TXN0030955,0
TXN0023465,0
TXN0023526,0
TXN0025409,0
TXN0007292,0
TXN0049519,0
TXN0051247,0
TXN0025474,0
TXN0013463,0
TXN0035185,0
TXN0052516,0
TXN0004676,0
TXN0002921,0
TXN0035577,0
TXN0035017,0
TXN0015419,0
TXN0038247,0
TXN0047435,0
TXN0047261,0
TXN0042225,0
TXN0038041,0
TXN0028768,0
TXN0002459,0
TXN0059231,0
TXN0010547,0
TXN0008621,0
TXN0011158,0
TXN0055304,0
TXN0050212,0
TXN0046323,0
TXN0056953,0
TXN0030262,0
TXN0029529,0
TXN0036282,0
TXN0005487,0
TXN0003338,0
TXN0059086,0
TXN0027584,0
TXN0006060,0
TXN0017776,0
TXN0037116,0
TXN0003841,0
TXN0007470,0
TXN0003691,0
TXN0022151,0
TXN0015290,0
TXN0004395,0
TXN0038973,0
TXN0034607,0
TXN0012186,0
TXN0035136,0
TXN0019394,0
TXN0023142,0
TXN0003339,0
TXN0005212,0
TXN0047389,0
TXN0046541,0
TXN0018040,0
TXN0035396,0
TXN0058039,0
TXN0010903,0
TXN0056208,0
TXN0001999,0
TXN0036649,0
TXN0014434,0
TXN0016965,0
TXN0020599,0
TXN0031171,0
TXN0045840,0
TXN0027898,0
TXN0023608,0
TXN0038515,0
TXN0022488,0
TXN0025198,0
TXN0058407,0
TXN0003465,0
TXN0047440,0
TXN0046296,0
TXN0043665,0
TXN0010363,0
TXN0054068,0
TXN0028180,0
TXN0033522,0
TXN0023903,0
TXN0000443,0
TXN0053490,0
TXN0033740,0
TXN0011652,0
TXN0049471,0
TXN0033593,0
TXN0057008,0
TXN0012204,0
TXN0013142,0
TXN0025976,0
TXN0056202,0
TXN0051153,0
TXN0046764,0
TXN0032175,0
TXN0010529,0
TXN0019095,0
TXN0016191,0
TXN0036210,0
TXN0006820,0
TXN0048038,0
TXN0059909,0
TXN0035105,0
TXN0041406,0
TXN0021256,0
TXN0003066,0
TXN0040750,0
TXN0033387,0
TXN0049762,0
TXN0020293,0
TXN0029158,0
TXN0054789,0
TXN0018907,0
TXN0059883,0
TXN0001934,0
TXN0059823,0
TXN0004694,0
TXN0007741,0
TXN0038294,0
TXN0033637,0
TXN0008272,0
TXN0027278,0
TXN0013942,0
TXN0036007,0
TXN0025037,0
TXN0027498,0
TXN0036534,0
TXN0000815,0
TXN0053150,0
TXN0048548,0
TXN0001049,0
TXN0055898,0
TXN0030164,0
TXN0024373,0
TXN0026562,0
TXN0045320,0
TXN0016020,0
TXN0035079,0
TXN0023453,0
TXN0055383,0
TXN0042816,0
TXN0004617,0
TXN0000908,0
TXN0048509,0
TXN0017488,0
TXN0018677,0
TXN0003535,0
TXN0010033,0
TXN0007273,0
TXN0005651,0
TXN0052848,0
TXN0030472,0
TXN0014866,0
TXN0033525,0
TXN0047065,0
TXN0020505,0
TXN0000947,0
TXN0042161,0
TXN0015100,0
TXN0008303,0
TXN0001701,0
TXN0058763,0
TXN0031457,0
TXN0000056,0
TXN0000730,0
TXN0033746,0
TXN0016979,0
TXN0029782,0
TXN0052896,0
TXN0040498,0
TXN0022578,0
TXN0054305,0
TXN0031126,0
TXN0041069,0
TXN0018781,0
TXN0004960,0
TXN0059154,0
TXN0045037,0
TXN0037132,0
TXN0028242,0
TXN0051838,0
TXN0048035,0
TXN0038501,0
TXN0032470,0
TXN0029764,0
TXN0054919,0
TXN0031688,0
TXN0023246,0
TXN0055853,0
TXN0057672,0
TXN0001614,0
TXN0016292,0
TXN0030175,0
TXN0049501,0
TXN0025360,0
TXN0006764,0
TXN0027467,0
TXN0002366,0
TXN0014235,0
TXN0052983,0
TXN0030204,0
TXN0053296,0
TXN0003996,0
TXN0039842,0
TXN0009488,0
TXN0040308,0
TXN0029489,0
TXN0003679,0
TXN0017997,0
TXN0019323,0
TXN0028415,0
TXN0028682,0
TXN0017993,0
TXN0040655,0
TXN0055854,0
TXN0021354,0
TXN0056243,0
TXN0038299,0
TXN0009862,0
TXN0042060,0
TXN0022485,0
TXN0005608,0
TXN0011552,0
TXN0029203,0
TXN0036700,0
TXN0040861,0
TXN0055611,0
TXN0036572,0
TXN0024496,0
TXN0022870,0
TXN0049994,0
TXN0020133,0
TXN0002160,0
TXN0043132,0
TXN0015768,0
TXN0032692,0
TXN0010489,0
TXN0042602,0
TXN0058476,0
TXNS01002,1
TXN0004830,0
TXN0007694,0
TXN0041723,0
TXN0058726,0
TXN0007145,0
TXN0015025,0
TXN0029119,0
TXN0049117,0
TXN0038057,0
TXN0027873,0
TXN0026179,0
TXN0002340,0
TXN0025765,0
TXN0002913,0
TXN0043350,0
TXN0027453,0
TXN0050727,0
TXN0050702,0
TXN0038995,0
TXN0032283,0
TXN0055430,0
TXN0026974,0
TXN0009394,0
TXN0007207,0
TXN0046584,0
TXN0057964,0
TXN0035245,0
TXN0025058,0
TXN0050231,0
TXN0020942,0
TXN0035051,0
TXN0007904,0
TXN0055219,0
TXN0019781,0
TXN0036903,0
TXN0039807,0
TXN0039205,0
TXN0006021,0
TXN0033894,0
TXN0053204,0
TXN0040076,0
TXN0055518,0
TXN0020246,0
TXN0056885,0
TXN0001669,0
TXN0058885,0
TXN0045910,0
TXN0008176,0
TXN0033706,0
TXN0005624,0
TXN0049894,0
TXN0049834,0
TXN0020282,0
TXN0043102,0
TXN0007919,0
TXN0042923,0
TXN0055097,0
TXN0031499,0
TXN0016863,0
TXN0034364,0
TXN0004861,0
TXN0054228,0
TXN0046730,0
TXN0010985,0
TXN0029829,0
TXN0010679,0
TXN0025857,0
TXN0048023,0
TXN0041241,0
TXN0046517,0
TXN0043147,0
TXN0011805,0
TXN0041037,0
TXN0049099,0
TXN0009649,0
TXN0022099,0
TXN0016259,0
TXN0018170,0
TXN0044669,0
TXN0007820,0
TXN0059829,0
TXN0054596,0
TXN0022102,0
TXN0015008,0
TXN0047712,0
TXN0009415,0
TXN0049098,0
TXN0033651,0
TXN0032747,0
TXN0025143,0
TXN0008798,0
TXN0011741,0
TXN0056381,0
TXN0055699,0
TXN0037687,0
TXN0015619,0
TXN0025816,0
TXN0008933,0
TXN0041335,0
TXN0018361,0
TXN0043563,0
TXN0050497,0
TXN0016206,0
TXN0010336,0
TXN0030552,0
TXN0034928,0
TXN0024204,0
TXN0033758,0
TXN0002654,0
TXN0043246,0
TXN0021818,0
TXN0057435,0
TXN0057591,0
TXN0027897,0
TXN0001137,0
TXN0012974,0
TXN0011596,0
TXN0000510,0
TXN0010129,0
TXN0051481,0
TXN0056762,0
TXN0009243,0
TXN0058151,0
TXN0033607,0
TXN0037389,0
TXN0030666,0
TXN0055770,0
TXN0030203,0
TXN0036725,0
TXN0004839,0
TXN0037657,0
TXN0055802,0
TXN0021446,0
TXN0018013,0
TXN0021224,0
TXN0045928,0
TXN0030226,0
TXN0033910,0
TXN0028039,0
TXN0006189,0
TXN0044971,0
TXN0007432,0
TXN0011920,0
TXN0048384,0
TXN0009228,0
TXN0021845,0
TXN0024240,0
TXN0037924,0
TXN0018185,0
TXN0021140,0
TXN0044063,0
TXN0014456,0
TXN0037117,0
TXN0006929,0
TXN0050566,0
TXN0033298,0
TXN0009732,0
TXN0047290,0
TXN0042595,0
TXN0001919,0
TXN0043713,0
TXN0045592,0
TXN0059324,0
TXN0051588,0
TXN0048381,0
TXN0031912,0
TXN0042800,0
TXN0001949,0
TXN0040551,0
TXN0030540,0
TXN0057698,0
TXN0056497,0
TXN0044134,0
TXN0043372,0
TXN0032126,0
TXN0032017,0
TXN0002365,0
TXN0044197,0
TXN0012314,0
TXN0021175,0
TXN0043339,0
TXN0011698,0
TXN0058672,0
TXN0022725,0
TXN0027452,0
TXN0033615,0
TXN0002377,0
TXN0015141,0
TXN0025653,0
TXN0024278,0
TXN0059672,0
TXN0014551,0
TXN0001903,0
TXN0022597,0
TXN0048089,0
TXN0050855,0
TXN0012294,0
TXN0050827,0
TXN0003060,0
TXN0020243,0
TXN0057278,0
TXN0016672,0
TXN0015531,0
TXN0056915,0
TXN0000582,0
TXN0021071,0
TXN0047240,0
TXN0011471,0
TXN0007035,0
TXN0056219,0
TXN0034728,0
TXN0034948,0
TXN0050597,0
TXN0057515,0
TXN0010327,0
TXN0040391,0
TXN0021101,0
TXN0026997,0
TXN0049174,0
TXN0055833,0
TXN0019154,0
TXN0038969,0
TXN0046735,0
TXN0044654,0
TXN0016065,0
TXN0006163,0
TXN0045235,0
TXN0009471,0
TXN0012511,0
TXN0033529,0
TXN0026783,0
TXN0013584,0
TXN0034319,0
TXN0016569,0
TXN0058249,0
TXN0018740,0
TXN0020446,0
TXN0043625,0
TXN0001652,0
TXN0058564,0
TXN0001415,0
TXN0017198,0
TXN0046468,0
TXN0047140,0
TXN0010355,0
TXN0041011,0
TXN0048294,0
TXN0007614,0
TXN0004327,0
TXN0015021,0
TXN0008776,0
TXN0042244,0
TXN0031887,0
TXN0031749,0
TXN0040438,0
TXN0021183,0
TXN0053043,0
TXN0046044,0
TXN0033333,0
TXN0006630,0
TXN0023764,0
TXN0035886,0
TXN0056521,0
TXN0029348,0
TXN0016788,0
TXN0006805,0
TXN0013546,0
TXN0041881,0
TXN0013176,0
TXN0013470,0
TXN0045403,0
TXN0049899,0
TXN0012846,0
TXN0014246,0
TXN0059811,0
TXN0048569,0
TXN0035224,0
TXN0025207,0
TXN0049200,0
TXN0047984,0
TXN0045530,0
TXN0010523,0
TXN0014669,0
TXN0015295,0
TXN0058200,0
TXN0043858,0
TXN0055749,0
TXN0047485,0
TXN0045380,0
TXN0050020,0
TXN0002552,0
TXN0039743,0
TXN0025714,0
TXN0015932,0
TXN0034433,0
TXN0025102,0
TXN0020221,0
TXN0022829,0
TXN0057762,0
TXN0041684,0
TXN0026666,0
TXN0040731,0
TXN0012877,0
TXN0051646,0
TXN0009032,0
TXN0047570,0
TXN0034579,0
TXN0020927,0
TXN0036295,0
TXN0042751,0
TXN0027209,0
TXN0004295,0
TXN0033370,0
TXN0012300,0
TXN0003259,0
TXN0046346,0
TXN0055803,0
TXN0032499,0
TXN0021424,0
TXN0010360,0
TXN0056708,0
TXN0031403,0
TXN0019659,0
TXN0026909,0
TXN0058649,0
TXN0017182,0
TXN0017300,0
TXN0014167,0
TXN0053513,0
TXN0021795,0
TXN0020312,0
TXN0054349,0
TXN0013476,0
TXN0006107,0
TXN0054966,0
TXN0016427,0
TXN0046344,0
TXN0015250,0
TXN0021353,0
TXN0059934,0
TXN0048072,0
TXN0051364,0
TXN0044513,0
TXN0034875,0
TXN0043371,0
TXN0053060,0
TXN0032356,0
TXN0038311,0
TXN0033642,0
TXN0006877,0
TXN0058980,0
TXN0051832,0
TXN0001626,0
TXN0032875,0
TXN0046008,0
TXN0015957,0
TXN0046917,0
TXN0033744,0
TXN0029410,0
TXN0036587,0
TXN0018886,0
TXN0044610,0
TXN0003536,0
TXN0015701,0
TXN0005193,0
TXN0017563,0
TXN0001018,0
TXN0057749,0
TXN0018727,0
TXN0022185,0
TXN0053170,0
TXN0002400,0
TXN0039713,0
TXN0004646,0
TXN0016484,0
TXN0043989,0
TXN0044291,0
TXN0026651,0
TXN0021809,0
TXN0033717,0
TXN0029072,0
TXN0000910,0
TXN0027567,0
TXN0005002,0
TXN0005674,0
TXN0024908,0
TXN0043027,0
TXN0021988,0
TXN0030866,0
TXN0015003,0
TXN0052777,0
TXN0011419,0
TXN0032274,0
TXN0012239,0
TXN0058583,0
TXN0022082,0
TXN0016705,0
TXN0051164,0
TXN0016558,0
TXN0032009,0
TXN0040985,0
TXN0046094,0
TXN0054742,0
TXN0024785,0
TXN0045590,0
TXN0007254,0
TXN0029454,0
TXN0038428,0
TXN0048776,0
TXN0030669,0
TXN0004359,0
TXN0024563,0
TXN0059977,0
TXN0044498,0
TXN0033826,0
TXN0039617,0
TXN0021612,0
TXN0054778,0
TXN0046627,0
TXN0050817,0
TXN0026483,0
TXN0001816,0
TXN0014497,0
TXN0031969,0
TXN0056833,0
TXN0044651,0
TXN0049539,0
TXN0058992,0
TXN0030763,0
TXN0036234,0
TXN0056863,0
TXN0029323,0
TXN0039161,0
TXN0027195,0
TXN0037888,0
TXN0026415,0
TXN0005239,0
TXN0024673,0
TXN0035272,0
TXN0021516,0
TXN0043139,0
TXN0044132,0
TXN0040159,0
TXN0041722,0
TXN0049475,0
TXN0027018,0
TXN0025230,0
TXN0031194,0
TXN0034185,0
TXN0015186,0
TXN0043714,0
TXN0044159,0
TXN0010858,0
TXN0021282,0
TXN0036845,0
TXN0021740,0
TXN0056204,0
TXN0050920,0
TXN0039328,0
TXN0024028,0
TXN0012521,0
TXN0043118,0
TXN0008437,0
TXN0014610,0
TXN0048411,0
TXN0047831,0
TXN0016479,0
TXN0022075,0
TXN0002611,0
TXN0024795,0
TXN0029802,0
TXN0036923,0
TXN0045440,0
TXN0023804,0
TXN0027676,0
TXN0050238,0
TXN0043417,0
TXN0027109,0
TXN0005703,0
TXN0024509,0
TXN0010164,0
TXN0055836,0
TXN0023126,0
TXN0059542,0
TXN0008851,0
TXN0047475,0
TXN0031736,0
TXN0004791,0
TXN0055132,0
TXN0026490,0
TXN0058716,0
TXN0024469,0
TXN0000319,0
TXN0009432,0
TXN0048424,0
TXN0010567,0
TXN0027913,0
TXN0005913,0
TXN0057032,0
TXN0047673,0
TXN0007232,0
TXN0030216,0
TXN0059322,0
TXN0042746,0
TXN0009004,0
TXN0010170,0
TXN0005790,0
TXN0032599,0
TXN0016997,0
TXN0059927,0
TXN0059661,0
TXN0020738,0
TXN0005806,0
TXN0006158,0
TXN0001860,0
TXN0056980,0
TXN0041366,0
TXN0005430,0
TXN0010302,0
TXN0049560,0
TXN0055940,0
TXN0046523,0
TXN0019043,0
TXN0023880,0
TXN0054591,0
TXN0052245,0
TXN0018643,0
TXN0003464,0
TXN0050709,0
TXN0056655,0
TXN0059880,0
TXN0030868,0
TXN0012529,0
TXN0040642,0
TXN0038893,0
TXN0049004,0
TXN0007043,0
TXN0052289,0
TXN0034293,0
TXN0013864,0
TXN0023259,0
TXN0043978,0
TXN0027268,0
TXN0052625,0
TXN0006057,0
TXN0036724,0
TXN0045702,0
TXN0007210,0
TXN0023402,0
TXN0028467,0
TXN0051748,0
TXN0022072,0
TXN0012468,0
TXN0010184,0
TXN0046734,0
TXN0000051,0
TXN0013782,0
TXN0042691,0
TXN0006718,0
TXN0037097,0
TXN0046292,0
TXN0058251,0
TXN0007147,0
TXN0010537,0
TXN0044045,0
TXN0010510,0
TXN0007444,0
TXN0028208,0
TXN0057872,0
TXN0008554,0
TXN0010220,0
TXN0050369,0
TXN0013454,0
TXN0003823,0
TXN0052496,0
TXN0038108,0
TXN0023446,0
TXN0049568,0
TXN0048347,0
TXN0031269,0
TXN0007971,0
TXN0051771,0
TXN0015447,0
TXN0003869,0
TXN0049826,0
TXN0026519,0
TXN0047272,0
TXN0035361,0
TXN0021827,0
TXN0029069,0
TXN0020796,0
TXN0031323,0
TXN0008484,0
TXN0045480,0
TXN0021034,0
TXN0043952,0
TXN0006050,0
TXN0040934,0
TXN0046104,0
TXN0042471,0
TXN0032670,0
TXN0014298,0
TXN0025544,0
TXN0009705,0
TXN0010265,0
TXN0056147,0
TXN0040404,0
TXN0020598,0
TXN0030898,0
TXN0045516,0
TXN0010564,0
TXN0003598,0
TXN0045971,0
TXN0013410,0
TXN0056032,0
TXN0038164,0
TXN0006200,0
TXN0054993,0
TXN0015595,0
TXN0044070,0
TXN0002999,0
TXN0004746,0
TXN0055588,0
TXN0041300,0
TXN0009552,0
TXN0053115,0
TXN0031127,0
TXN0015765,0
TXN0038459,0
TXN0028020,0
TXN0059673,0
TXN0058414,0
TXN0020725,0
TXN0003017,0
TXN0007631,0
TXN0047040,0
TXN0024882,0
TXN0036843,0
TXN0016360,0
TXN0042432,0
TXN0058786,0
TXN0006487,0
TXN0043075,0
TXN0012961,0
TXN0045210,0
TXN0059720,0
TXN0047126,0
TXN0036263,0
TXN0002419,0
TXN0046958,0
TXN0014713,0
TXN0001485,0
TXN0059839,0
TXN0024036,0
TXN0027974,0
TXN0005988,0
TXN0004267,0
TXN0023052,0
TXN0017059,0
TXN0059983,0
TXN0016407,0
TXN0032844,0
TXN0016924,0
TXN0035814,0
TXN0002036,0
TXN0003065,0
TXN0030048,0
TXN0021781,0
TXN0045785,0
TXN0054724,0
TXN0023482,0
TXN0039143,0
TXN0040639,0
TXN0055979,0
TXN0055139,0
TXN0039695,0
TXN0001041,0
TXN0025568,0
TXN0057198,0
TXN0025989,0
TXN0016498,0
TXN0039759,0
TXN0037018,0
TXN0040318,0
TXN0041190,0
TXN0034269,0
TXN0036621,0
TXN0005813,0
TXN0058480,0
TXN0055646,0
TXN0040412,0
TXN0015367,0
TXN0043663,0
TXN0056834,0
TXN0029090,0
TXN0057041,0
TXN0036366,0
TXN0042039,0
TXN0031159,0
TXN0034248,0
TXN0047355,0
TXN0007410,0
TXN0015536,0
TXN0053725,0
TXN0016078,0
TXN0039046,0
TXN0032849,0
TXN0029263,0
TXN0054485,0
TXN0022703,0
TXN0013453,0
TXN0037805,0
TXN0027360,0
TXN0029677,0
TXN0052094,0
TXN0030953,0
TXN0013080,0
TXN0054361,0
TXN0047253,0
TXN0027180,0
TXN0018164,0
TXN0047620,0
TXN0036157,0
TXN0028878,0
TXN0003822,0
TXN0028371,0
TXN0038362,0
TXN0039551,0
TXN0029058,0
TXN0011244,0
TXN0006683,0
TXN0050388,0
TXN0056226,0
TXN0044440,0
TXN0010247,0
TXN0037812,0
TXN0046713,0
TXN0003838,0
TXN0006351,0
TXN0035999,0
TXN0033356,0
TXN0014340,0
TXN0018298,0
TXN0012771,0
TXN0029881,0
TXN0000634,0
TXN0021957,0
TXN0024174,0
TXN0048944,0
TXN0016991,0
TXN0024260,0
TXN0055847,0
TXN0050373,0
TXN0036047,0
TXN0009066,0
TXN0019199,0
TXN0015611,0
TXN0004923,0
TXN0017110,0
TXN0058753,0
TXN0002347,0
TXN0059609,0
TXN0032442,0
TXN0048446,0
TXN0014294,0
TXN0053594,0
TXN0023092,0
TXN0052345,0
TXN0041628,0
TXN0035801,0
TXN0018812,0
TXN0020012,0
TXN0005289,0
TXN0017732,0
TXN0011966,0
TXN0024879,0
TXN0023447,0
TXN0026844,0
TXN0031738,0
TXN0042663,0
TXN0031589,0
TXN0040611,0
TXN0012026,0
TXN0027759,0
TXN0008562,0
TXN0043747,0
TXN0034386,0
TXN0029714,0
TXN0007045,0
TXN0035053,0
TXN0004274,0
TXN0058496,0
TXN0046156,0
TXN0021695,0
TXN0010411,0
TXN0054891,0
TXN0001950,0
TXN0021213,0
TXN0010928,0
TXN0052437,0
TXN0057527,0
TXN0021975,0
TXN0033836,0
TXN0020044,0
TXN0018961,0
TXN0055131,0
TXN0031815,0
TXN0018854,0
TXN0002274,0
TXN0011159,0
TXN0012938,0
TXN0045213,0
TXN0034033,0
TXN0012386,0
TXN0022993,0
TXN0035613,0
TXN0019422,0
TXN0028979,0
TXN0022080,0
TXN0056956,0
TXN0052490,0
TXN0041542,0
TXN0053367,0
TXN0057238,0
TXN0024741,0
TXN0000347,0
TXN0043907,0
TXN0002260,0
TXN0006277,0
TXN0000591,0
TXN0059936,0
TXN0046103,0
TXN0042687,0
TXN0025146,0
TXN0017861,0
TXN0024756,0
TXN0008744,0
TXN0035050,0
TXN0019346,0
TXN0041797,0
TXN0015487,0
TXN0011019,0
TXN0000255,0
TXN0015945,0
TXN0028488,0
TXN0007283,0
TXN0012970,0
TXN0032015,0
TXN0001421,0
TXN0056218,0
TXN0020897,0
TXN0052583,0
TXN0027207,0
TXN0016491,0
TXN0020101,0
TXN0023086,0
TXN0046110,0
TXN0016800,0
TXN0039284,0
TXN0051626,0
TXN0000246,0
TXN0054273,0
TXN0015066,0
TXN0051569,0
TXN0059534,0
TXN0030776,0
TXN0014676,0
TXN0014193,0
TXN0029655,0
TXN0008775,0
TXN0017667,0
TXN0037374,0
TXN0054923,0
TXN0016116,0
TXN0023949,0
TXN0058145,0
TXN0032807,0
TXN0014179,0
TXN0026091,0
TXN0021143,0
TXN0042319,0
TXN0028084,0
TXN0047451,0
TXN0054085,0
TXN0028013,0
TXN0027144,0
TXN0016455,0
TXN0048654,0
TXN0019928,0
TXN0046566,0
TXN0019251,0
TXN0012634,0
TXN0016958,0
TXN0034283,0
TXN0037338,0
TXN0012888,0
TXN0028546,0
TXN0013563,0
TXN0034937,0
TXN0036665,0
TXN0056569,0
TXN0028026,0
TXN0035497,0
TXN0051402,0
TXN0039618,0
TXN0032370,0
TXN0033182,0
TXN0007887,0
TXN0049284,0
TXN0022770,0
TXN0040741,0
TXN0017045,0
TXN0057263,0
TXN0005067,0
TXN0011268,0
TXN0006333,0
TXN0057592,0
TXN0026470,0
TXN0005932,0
TXN0036648,0
TXN0029873,0
TXN0008065,0
TXN0008060,0
TXN0059602,0
TXN0032761,0
TXN0058888,0
TXN0018171,0
TXN0051633,0
TXN0000036,0
TXN0024151,0
TXN0036955,0
TXN0058521,0
TXN0011825,0
TXN0017939,0
TXN0011721,0
TXN0007252,0
TXN0006398,0
TXN0028555,0
TXN0007692,0
TXN0030505,0
TXN0023243,0
TXN0020092,0
TXN0057425,0
TXN0015858,0
TXN0059949,0
TXN0049924,0
TXN0022159,0
TXN0049494,0
TXN0029960,0
TXN0054152,0
TXN0005036,0
TXN0023457,0
TXN0014688,0
TXN0012012,0
TXN0002696,0
TXN0026718,0
TXN0017591,0
TXN0001746,0
TXN0051514,0
TXN0043848,0
TXN0023644,0
TXN0033481,0
TXN0009244,0
TXN0020422,0
TXN0054136,0
TXN0027981,0
TXN0056749,0
TXN0036723,0
TXN0007494,0
TXN0029928,0
TXN0036196,0
TXN0018891,0
TXN0037449,0
TXN0010686,0
TXN0041170,0
TXN0004747,0
TXN0032314,0
TXN0006302,0
TXN0031357,0
TXN0005492,0
TXN0017535,0
TXN0012807,0
TXN0026246,0
TXN0027801,0
TXN0043967,0
TXN0018193,0
TXN0034525,0
TXN0024059,0
TXN0042875,0
TXN0059014,0
TXN0025378,0
TXN0032642,0
TXN0025060,0
TXN0022820,0
TXN0044324,0
TXN0021378,0
TXN0038596,0
TXN0010638,0
TXN0055504,0
TXN0019340,0
TXN0025921,0
TXN0007351,0
TXN0049808,0
TXN0024561,0
TXN0017634,0
TXN0039697,0
TXN0052982,0
TXN0052127,0
TXN0040004,0
TXN0029693,0
TXN0052006,0
TXN0011572,0
TXN0008991,0
TXN0051218,0
TXN0037629,0
TXN0010844,0
TXN0006908,0
TXN0045638,0
TXN0045204,0
TXN0025294,0
TXN0013491,0
TXN0041349,0
TXN0004858,0
TXN0028757,0
TXN0057598,0
TXN0008250,0
TXN0001257,0
TXN0006680,0
TXN0008930,0
TXN0007641,0
TXN0033038,0
TXN0035590,0
TXN0001973,0
TXN0059689,0
TXN0013628,0
TXN0014633,0
TXN0016651,0
TXN0049102,0
TXN0002770,0
TXN0042095,0
TXN0002329,0
TXN0051637,0
TXN0038703,0
TXN0049938,0
TXN0027659,0
TXN0042235,0
TXN0054769,0
TXN0015439,0
TXN0007991,0
TXN0048433,0
TXN0030985,0
TXN0001894,0
TXN0050149,0
TXN0016702,0
TXN0017920,0
TXN0017855,0
TXN0059184,0
TXN0025965,0
TXN0038412,0
TXN0017572,0
TXN0022304,0
TXN0046626,0
TXN0017274,0
TXN0021381,0
TXN0020234,0
TXN0023767,0
TXN0019871,0
TXN0006044,0
TXN0015052,0
TXN0050777,0
TXN0019184,0
TXN0059041,0
TXN0030653,0
TXN0048843,0
TXN0025905,0
TXN0005392,0
TXN0046984,0
TXN0038203,0
TXN0054234,0
TXN0050898,0
TXN0042940,0
TXN0050991,0
TXN0055755,0
TXN0059904,0
TXN0029495,0
TXN0009609,0
TXN0009308,0
TXN0048258,0
TXN0048518,0
TXN0028351,0
TXN0057967,0
TXN0020951,0
TXN0043498,0
TXN0000562,0
TXN0010208,0
TXN0001031,0
TXN0022149,0
TXN0057099,0
TXN0011894,0
TXN0017206,0
TXN0007058,0
TXN0010599,0
TXN0037145,0
TXN0040721,0
TXN0011803,0
TXN0058144,0
TXN0039744,0
TXN0000442,0
TXN0010588,0
TXN0030098,0
TXN0043870,0
TXN0031414,0
TXN0058167,0
TXN0017629,0
TXN0056197,0
TXN0027742,0
TXN0034017,0
TXN0053473,0
TXN0004276,0
TXN0011322,0
TXN0045839,0
TXN0058180,0
TXN0052700,0
TXN0042915,0
TXN0046113,0
TXN0010057,0
TXN0027746,0
TXN0027315,0
TXN0029362,0
TXN0032543,0
TXN0054386,0
TXN0058768,0
TXN0050778,0
TXN0043826,0
TXN0051773,0
TXN0042072,0
TXN0029882,0
TXN0013751,0
TXN0005497,0
TXN0007044,0
TXN0039229,0
TXN0029317,0
TXN0018738,0
TXN0048031,0
TXN0028393,0
TXN0005097,0
TXN0021711,0
TXN0054172,0
TXN0017818,0
TXN0042645,0
TXN0012380,0
TXN0014588,0
TXN0030531,0
TXN0013311,0
TXN0052523,0
TXN0004541,0
TXN0057109,0
TXN0039397,0
TXN0051419,0
TXN0022731,0
TXN0055339,0
TXN0046433,0
TXN0022115,0
TXN0023416,0
TXN0027353,0
TXN0027258,0
TXN0017821,0
TXN0022462,0
TXN0007960,0
TXN0014440,0
TXN0050475,0
TXN0014986,0
TXN0021076,0
TXN0053742,0
TXN0040209,0
TXN0039023,0
TXN0012696,0
TXN0058541,0
TXN0041362,0
TXN0057526,0
TXN0047695,0
TXN0032833,0
TXN0051060,0
TXN0048310,0
TXN0058025,0
TXN0054155,0
TXN0008656,0
TXN0038953,0
TXN0012714,0
TXN0035343,0
TXN0019249,0
TXN0046324,0
TXN0054325,0
TXN0052384,0
TXN0041187,0
TXN0005113,0
TXN0046194,0
TXN0022409,0
TXN0045510,0
TXN0037699,0
TXN0023274,0
TXN0028231,0
TXN0007512,0
TXN0033099,0
TXN0013273,0
TXN0020202,0
TXN0025395,0
TXN0040768,0
TXN0057115,0
TXN0016059,0
TXN0000073,0
TXN0001843,0
TXN0033538,0
TXN0011228,0
TXN0055257,0
TXN0017669,0
TXN0009436,0
TXN0054140,0
TXN0028879,0
TXN0047489,0
TXN0018325,0
TXN0037621,0
TXN0019781,0
TXN0013406,0
TXN0012150,0
TXN0005938,0
TXN0028207,0
TXN0028451,0
TXN0042447,0
TXN0021448,0
TXN0005745,0
TXN0044296,0
TXN0004027,0
TXN0058341,0
TXN0017500,0
TXN0008974,0
TXN0038665,0
TXN0021326,0
TXN0036731,0
TXN0003937,0
TXN0020437,0
TXN0017494,0
TXN0004414,0
TXN0048241,0
TXN0053628,0
TXN0026401,0
TXN0003146,0
TXN0051157,0
TXN0055829,0
TXN0007507,0
TXN0043535,0
TXN0038960,0
TXN0009990,0
TXN0003514,0
TXN0054438,0
TXN0040040,0
TXN0051341,0
TXN0019476,0
TXN0056695,0
TXN0031235,0
TXN0033971,0
TXN0036163,0
TXN0042459,0
TXN0009411,0
TXN0005255,0
TXN0038725,0
TXN0042418,0
TXN0026624,0
TXN0044876,0
TXN0015678,0
TXN0049523,0
TXN0010046,0
TXN0001055,0
TXN0046648,0
TXN0016978,0
TXN0033528,0
TXN0001525,0
TXN0020043,0
TXN0055358,0
TXN0022208,0
TXN0005154,0
TXN0045662,0
TXN0014126,0
TXN0028900,0
TXN0005664,0
TXN0001806,0
TXN0050652,0
TXN0017145,0
TXN0029958,0
TXN0057460,0
TXN0002970,0
TXN0056086,0
TXN0029550,0
TXN0039767,0
TXN0016465,0
TXN0000493,0
TXN0025108,0
TXN0041432,0
TXN0046569,0
TXN0010482,0
TXN0028523,0
TXN0032767,0
TXN0006026,0
TXN0023365,0
TXN0040006,0
TXN0030151,0
TXN0030844,0
TXN0054694,0
TXN0027475,0
TXN0022689,0
TXN0001384,0
TXN0026771,0
TXN0020895,0
TXN0027414,0
TXN0023241,0
TXN0021737,0
TXN0010404,0
TXN0023070,0
TXN0043909,0
TXN0032705,0
TXN0035318,0
TXN0028799,0
TXN0046069,0
TXN0059097,0
TXN0002722,0
TXN0010979,0
TXN0020108,0
TXN0017648,0
TXN0021251,0
TXN0014925,0
TXN0029176,0
TXN0045697,0
TXN0050715,0
TXN0046060,0
TXN0012563,0
TXN0033583,0
TXN0036787,0
TXN0007607,0
TXN0025848,0
TXN0036855,0
TXN0051556,0
TXN0022748,0
TXN0030346,0
TXN0031389,0
TXN0050539,0
TXN0014547,0
TXN0023800,0
TXN0009046,0
TXN0052651,0
TXN0050801,0
TXN0003970,0
TXN0044721,0
TXN0028161,0
TXN0006922,0
TXN0041675,0
TXN0000660,0
TXN0049702,0
TXN0031645,0
TXN0025128,0
TXN0017502,0
TXN0017671,0
TXN0054280,0
TXN0007358,0
TXN0017801,0
TXN0028991,0
TXN0027167,0
TXN0039322,0
TXN0049351,0
TXN0047157,0
TXN0034229,0
TXN0002409,0
TXN0000296,0
TXN0032244,0
TXN0018296,0
TXN0007548,0
TXN0007942,0
TXN0017529,0
TXN0050474,0
TXN0005789,0
TXN0058484,0
TXN0029405,0
TXN0052903,0
TXN0057200,0
TXN0040146,0
TXN0006553,0
TXN0059543,0
TXN0037533,0
TXN0029181,0
TXN0049541,0
TXN0020534,0
TXN0045188,0
TXN0026411,0
TXN0038492,0
TXN0042623,0
TXN0059878,0
TXN0009638,0
TXN0030428,0
TXN0013795,0
TXN0053119,0
TXN0008381,0
TXN0047344,0
TXN0002886,0
TXN0001883,0
TXN0004190,0
TXN0047420,0
TXN0057803,0
TXN0037118,0
TXN0030565,0
TXN0025218,0
TXN0041509,0
TXN0016375,0
TXN0007630,0
TXN0004761,0
TXN0002723,0
TXN0009884,0
TXN0048359,0
TXN0016877,0
TXN0045227,0
TXN0020637,0
TXN0023212,0
TXN0034231,0
TXN0000496,0
TXN0041872,0
TXN0044464,0
TXN0004008,0
TXN0044725,0
TXN0035055,0
TXN0018582,0
TXN0008655,0
TXN0011982,0
TXN0041925,0
TXN0033212,0
TXN0043036,0
TXN0028798,0
TXN0031250,0
TXN0008630,0
TXN0033440,0
TXN0025595,0
TXN0034262,0
TXN0052030,0
TXN0049076,0
TXN0038029,0
TXN0044512,0
TXN0036519,0
TXN0002670,0
TXN0017140,0
TXN0046146,0
TXN0002083,0
TXN0032848,0
TXN0056403,0
TXN0049337,0
TXN0022923,0
TXN0046918,0
TXN0042464,0
TXN0046835,0
TXN0026972,0
TXN0055440,0
TXN0006572,0
TXN0014166,0
TXN0033305,0
TXN0045468,0
TXN0013407,0
TXN0021040,0
TXN0033414,0
TXN0049967,0
TXN0012482,0
TXN0018570,0
TXN0035877,0
TXN0058750,0
TXN0056850,0
TXN0023131,0
TXN0027126,0
TXN0009624,0
TXN0024399,0
TXN0057117,0
TXN0008107,0
TXN0030846,0
TXN0008524,0
TXN0035798,0
TXN0002102,0
TXN0042322,0
TXN0008498,0
TXN0039913,0
TXN0015522,0
TXN0036659,0
TXN0051077,0
TXN0022414,0
TXN0001995,0
TXN0027528,0
TXN0057150,0
TXN0019814,0
TXN0043554,0
TXN0021676,0
TXN0024435,0
TXN0028834,0
TXN0058255,0
TXN0004925,0
TXN0037743,0
TXN0030820,0
TXN0023697,0
TXN0054369,0
TXN0009422,0
TXN0043407,0
TXN0002978,0
TXN0003573,0
TXN0007372,0
TXN0002590,0
TXN0004578,0
TXN0001115,0
TXN0045783,0
TXN0003088,0
TXN0046553,0
TXN0003466,0
TXN0004261,0
TXN0019333,0
TXN0054008,0
TXN0023555,0
TXN0046515,0
TXN0051217,0
TXN0023772,0
TXN0005229,0
TXN0013262,0
TXN0021392,0
TXN0047425,0
TXN0041000,0
TXN0021767,0
TXN0014961,0
TXN0040392,0
TXN0051352,0
TXN0025411,0
TXN0014481,0
TXN0007025,0
TXN0028873,0
TXN0000799,0
TXN0052252,0
TXN0050378,0
TXN0000427,0
TXN0059068,0
TXN0017129,0
TXN0048797,0
TXN0040670,0
TXN0056870,0
TXN0011882,0
TXN0027114,0
TXN0014184,0
TXN0054414,0
TXN0057105,0
TXN0001391,0
TXN0049250,0
TXN0048969,0
TXN0059175,0
TXN0011498,0
TXN0007634,0
TXN0051965,0
TXN0019515,0
TXN0030990,0
TXN0051805,0
TXN0033000,0
TXN0031017,0
TXN0028460,0
TXN0033158,0
TXN0050199,0
TXN0048514,0
TXN0039218,0
TXN0007423,0
TXN0056796,0
TXN0059400,0
TXN0004023,0
TXN0044706,0
TXN0038137,0
TXN0057322,0
TXN0023869,0
TXN0048432,0
TXN0018125,0
TXN0047635,0
TXN0006884,0
TXN0046978,0
TXN0012288,0
TXN0029374,0
TXN0017573,0
TXN0045955,0
TXN0007902,0
TXN0023123,0
TXN0052133,0
TXN0040984,0
TXN0010051,0
TXN0044152,0
TXN0003883,0
TXN0037180,0
TXN0002314,0
TXN0012834,0
TXN0010315,0
TXN0056663,0
TXN0018402,0
TXN0040180,0
TXN0047883,0
TXN0049478,0
TXN0009894,0
TXN0004833,0
TXN0023057,0
TXN0034783,0
TXN0029886,0
TXN0013418,0
TXN0042218,0
TXN0003424,0
TXN0029754,0
TXN0001892,0
TXN0028702,0
TXN0020704,0
TXN0009617,0
TXN0005947,0
TXN0059754,0
TXN0029414,0
TXN0058944,0
TXN0021346,0
TXN0056768,0
TXN0008209,0
TXN0000797,0
TXN0034651,0
TXN0022174,0
TXN0018756,0
TXN0024395,0
TXN0033966,0
TXN0051336,0
TXN0035561,0
TXN0047586,0
TXN0022551,0
TXN0020478,0
TXN0038031,0
TXN0039894,0
TXN0055945,0
TXN0021942,0
TXN0013765,0
TXN0041029,0
TXN0059113,0
TXN0028506,0
TXN0019689,0
TXN0037123,0
TXN0054855,0
TXN0025019,0
TXN0042364,0
TXN0017152,0
TXN0029204,0
TXN0059474,0
TXN0034188,0
TXN0037973,0
TXN0001234,0
TXN0050168,0
TXN0018093,0
TXN0056581,0
TXN0009255,0
TXN0050109,0
TXN0035096,0
TXN0058308,0
TXN0058642,0
TXN0037001,0
TXN0000684,0
TXN0023202,0
TXN0024134,0
TXN0021604,0
TXN0020169,0
TXN0047727,0
TXN0038562,0
TXN0008953,0
TXN0053178,0
TXN0025135,0
TXN0041756,0
TXN0029717,0
TXN0043548,0
TXN0033205,0
TXN0053634,0
TXN0026380,0
TXN0059276,0
TXN0031218,0
TXN0015926,0
TXN0039199,0
TXN0008625,0
TXN0025104,0
TXN0019142,0
TXN0031740,0
TXN0016571,0
TXN0049021,0
TXN0034060,0
TXN0055186,0
TXN0007855,0
TXN0057904,0
TXN0033359,0
TXN0021573,0
TXN0037905,0
TXN0014780,0
TXN0010584,0
TXN0026797,0
TXN0034108,0
TXN0016165,0
TXN0010715,0
TXN0025854,0
TXN0054679,0
TXN0031368,0
TXN0036427,0
TXN0015608,0
TXN0057073,0
TXN0013248,0
TXN0009001,0
TXN0001212,0
TXN0004979,0
TXN0037656,0
TXN0034241,0
TXN0018344,0
TXN0031153,0
TXN0024754,0
TXN0032375,0
TXN0047447,0
TXN0029657,0
TXN0052543,0
TXN0052059,0
TXN0014123,0
TXN0048554,0
TXN0040983,0
TXN0038669,0
TXN0001095,0
TXN0021019,0
TXN0014738,0
TXN0013882,0
TXN0056674,0
TXN0019924,0
TXN0038644,0
TXN0047886,0
TXN0018767,0
TXN0007041,0
TXN0059982,0
TXN0001160,0
TXN0015445,0
TXN0055452,0
TXN0052761,0
TXN0053054,0
TXN0038070,0
TXN0002768,0
TXN0046127,0
TXN0034341,0
TXN0027073,0
TXN0021468,0
TXN0003951,0
TXN0049064,0
TXN0008095,0
TXN0036135,0
TXN0046336,0
TXN0057510,0
TXN0013435,0
TXN0020300,0
TXN0020156,0
TXN0021868,0
TXN0022465,0
TXN0049902,0
TXN0029765,0
TXN0057918,0
TXN0011542,0
TXN0026462,0
TXN0017007,0
TXN0008009,0
TXN0031541,0
TXN0050548,0
TXN0042299,0
TXN0059990,0
TXN0030413,0
TXN0042036,0
TXN0019464,0
TXN0045278,0
TXN0044754,0
TXN0037763,0
TXN0042549,0
TXN0059346,0
TXN0022515,0
TXN0044518,0
TXN0014439,0
TXN0017165,0
TXN0020054,0
TXN0024154,0
TXN0030285,0
TXN0041476,0
TXN0041632,0
TXN0033868,0
TXN0026707,0
TXN0004576,0
TXN0003235,0
TXN0051781,0
TXN0020569,0
TXN0051277,0
TXN0004722,0
TXN0028584,0
TXN0020622,0
TXN0050797,0
TXN0038034,0
TXN0007032,0
TXN0038619,0
TXN0000329,0
TXN0049792,0
TXN0058012,0
TXN0037290,0
TXN0053108,0
TXN0033617,0
TXN0033126,0
TXN0025117,0
TXN0007399,0
TXN0018594,0
TXN0029250,0
TXN0019586,0
TXN0005607,0
TXN0058597,0
TXN0003148,0
TXN0034052,0
TXN0044384,0
TXN0008606,0
TXN0019977,0
TXN0059789,0
TXN0025463,0
TXN0000209,0
TXN0045482,0
TXN0003271,0
TXN0037485,0
TXN0043054,0
TXN0001004,0
TXN0019743,0
TXN0054393,0
TXN0013518,0
TXN0010532,0
TXN0027457,0
TXN0056843,0
TXN0044239,0
TXN0028760,0
TXN0011525,0
TXN0054416,0
TXN0031824,0
TXN0006212,0
TXN0050998,0
TXN0036310,0
TXN0004102,0
TXN0033021,0
TXN0052981,0
TXNS00211,1
TXN0009340,0
TXN0018526,0
TXN0051581,0
TXN0006403,0
TXN0012043,0
TXN0007632,0
TXN0001728,0
TXN0018055,0
TXN0001868,0
TXN0050386,0
TXN0014677,0
TXN0031476,0
TXN0011441,0
TXN0040823,0
TXN0047361,0
TXN0001971,0
TXN0040136,0
TXN0057289,0
TXN0020067,0
TXN0045823,0
TXN0015588,0
TXN0000694,0
TXN0022113,0
TXN0012047,0
TXN0025737,0
TXN0017973,0
TXN0037820,0
TXN0035052,0
TXN0048317,0
TXN0032349,0
TXN0025574,0
TXN0035862,0
TXN0034445,0
TXN0002114,0
TXN0003629,0
TXN0018657,0
TXN0027703,0
TXN0059407,0
TXN0040794,0
TXN0011292,0
TXN0037809,0
TXN0057430,0
TXN0036331,0
TXN0059563,0
TXN0019669,0
TXN0029048,0
TXN0042722,0
TXN0040706,0
TXN0039080,0
TXN0026372,0
TXN0044871,0
TXN0027916,0
TXN0050718,0
TXN0044772,0
TXN0017040,0
TXN0043151,0
TXN0039452,0
TXN0056899,0
TXN0040954,0
TXN0054628,0
TXN0056272,0
TXN0044399,0
TXN0056499,0
TXN0002484,0
TXN0045802,0
TXN0056263,0
TXN0028072,0
TXN0039973,0
TXN0053325,0
TXN0038735,0
TXN0038910,0
TXN0029455,0
TXN0045948,0
TXN0025745,0
TXN0003409,0
TXN0021159,0
TXN0042678,0
TXN0054819,0
TXN0010745,0
TXN0007192,0
TXN0026617,0
TXN0000386,0
TXN0033927,0
TXN0053505,0
TXN0014674,0
TXN0041792,0
TXN0015185,0
TXN0037552,0
TXN0007953,0
TXN0057286,0
TXN0008118,0
TXN0046888,0
TXN0004299,0
TXN0048799,0
TXN0046716,0
TXN0024783,0
TXN0012076,0
TXN0020472,0
TXN0011179,0
TXN0037136,0
TXN0005914,0
TXN0055659,0
TXN0038165,0
TXN0035476,0
TXN0050112,0
TXN0016480,0
TXN0028083,0
TXN0003130,0
TXN0008015,0
TXN0027050,0
TXN0006780,0
TXN0044891,0
TXN0006618,0
TXN0035395,0
TXN0020157,0
TXN0010559,0
TXN0035007,0
TXN0020047,0
TXN0027657,0
TXN0033312,0
TXN0009399,0
TXN0011219,0
TXN0046707,0
TXN0052365,0
TXN0035157,0
TXN0037029,0
TXN0009784,0
TXN0051551,0
TXN0043351,0
TXN0046347,0
TXN0041340,0
TXN0033822,0
TXN0020256,0
TXN0027206,0
TXN0029732,0
TXN0016226,0
TXN0048605,0
TXN0005591,0
TXN0059431,0
TXN0059940,0
TXN0019285,0
TXN0037036,0
TXN0014746,0
TXN0049866,0
TXN0000632,0
TXN0053752,0
TXN0041936,0
TXN0047367,0
TXN0004535,0
TXN0029849,0
TXN0022353,0
TXN0043314,0
TXN0043094,0
TXN0012674,0
TXN0035165,0
TXN0031205,0
TXN0036952,0
TXN0025467,0
TXN0002576,0
TXN0035141,0
TXN0001756,0
TXN0056543,0
TXN0054429,0
TXN0053321,0
TXN0054320,0
TXN0037138,0
TXN0054915,0
TXN0059828,0
TXN0046872,0
TXN0022024,0
TXN0011236,0
TXN0025385,0
TXN0025671,0
TXN0035283,0
TXN0027007,0
TXN0037030,0
TXN0052453,0
TXN0009663,0
TXN0016799,0
TXN0015150,0
TXN0038546,0
TXN0023572,0
TXN0049251,0
TXN0036463,0
TXN0017094,0
TXN0000897,0
TXN0059356,0
TXN0011720,0
TXN0037271,0
TXN0038641,0
TXN0056700,0
TXN0025825,0
TXN0054076,0
TXN0034263,0
TXN0049951,0
TXN0000690,0
TXN0046728,0
TXN0036859,0
TXN0054091,0
TXN0035656,0
TXN0048149,0
TXN0037696,0
TXN0019517,0
TXN0005206,0
TXN0057310,0
TXN0017790,0
TXN0036087,0
TXN0003574,0
TXN0000916,0
TXN0016911,0
TXN0022727,0
TXN0052675,0
TXN0023039,0
TXN0031285,0
TXN0019203,0
TXN0011136,0
TXN0054514,0
TXN0042465,0
TXN0058659,0
TXN0029892,0
TXN0039032,0
TXN0019396,0
TXN0033697,0
TXN0012419,0
TXN0004019,0
TXN0027079,0
TXN0024188,0
TXN0022491,0
TXN0027588,0
TXN0015456,0
TXN0017158,0
TXN0058662,0
TXN0018015,0
TXN0040891,0
TXN0039197,0
TXN0006806,0
TXN0042684,0
TXN0031212,0
TXN0035518,0
TXN0044358,0
TXN0054210,0
TXN0016450,0
TXN0023671,0
TXN0030276,0
TXN0039159,0
TXN0043744,0
TXN0026508,0
TXN0025567,0
TXN0030316,0
TXN0000598,0
TXN0020946,0
TXN0004001,0
TXN0042865,0
TXN0048233,0
TXN0051564,0
TXN0050951,0
TXN0038440,0
TXN0038985,0
TXN0049986,0
TXN0048505,0
TXN0015471,0
TXN0037848,0
TXN0036943,0
TXN0051063,0
TXN0051130,0
TXN0011036,0
TXN0011936,0
TXN0048057,0
TXN0034214,0
TXN0011109,0
TXN0051129,0
TXN0009611,0
TXN0029669,0
TXN0020812,0
TXN0044896,0
TXN0052231,0
TXN0014379,0
TXN0040077,0
TXN0039802,0
TXN0002837,0
TXN0050365,0
TXN0020141,0
TXN0003218,0
TXN0028149,0
TXN0011324,0
TXN0026355,0
TXN0022331,0
TXN0052557,0
TXN0052819,0
TXN0011530,0
TXN0004695,0
TXN0051207,0
TXN0023778,0
TXN0005241,0
TXN0011545,0
TXN0012500,0
TXN0042718,0
TXN0007338,0
TXN0007396,0
TXN0043284,0
TXN0039574,0
TXN0059405,0
TXN0025428,0
TXN0042454,0
TXN0004482,0
TXN0043183,0
TXN0053828,0
TXN0057156,0
TXN0030960,0
TXN0037251,0
TXN0052704,0
TXN0009180,0
TXN0013411,0
TXN0043292,0
TXN0057112,0
TXN0040002,0
TXN0011906,0
TXN0037376,0
TXN0027115,0
TXN0018617,0
TXN0056802,0
TXN0018722,0
TXN0053136,0
TXN0017430,0
TXN0041961,0
TXN0055308,0
TXN0043593,0
TXN0050666,0
TXN0050837,0
TXN0015120,0
TXN0012878,0
TXN0009475,0
TXN0056902,0
TXN0001074,0
TXN0014260,0
TXN0046585,0
TXN0050211,0
TXN0026855,0
TXN0033545,0
TXN0057028,0
TXN0051299,0
TXN0026224,0
TXN0052601,0
TXN0009386,0
TXN0042321,0
TXN0046612,0
TXN0052412,0
TXN0026880,0
TXN0048922,0
TXN0012598,0
TXN0006083,0
TXN0025689,0
TXN0041616,0
TXN0044214,0
TXN0049075,0
TXN0045881,0
TXN0038658,0
TXN0042147,0
TXN0054099,0
TXN0009187,0
TXN0043242,0
TXN0041924,0
TXN0038773,0
TXN0000565,0
TXN0020502,0
TXN0005899,0
TXN0052692,0
TXN0031568,0
TXN0013873,0
TXN0000840,0
TXN0036656,0
TXN0009834,0
TXN0052645,0
TXN0040409,0
TXN0052926,0
TXN0032530,0
TXN0025039,0
TXN0035434,0
TXN0026548,0
TXN0048579,0
TXN0012334,0
TXN0053319,0
TXN0009341,0
TXN0012975,0
TXN0036860,0
TXN0031615,0
TXN0045439,0
TXN0000765,0
TXN0057484,0
TXN0050046,0
TXN0044111,0
TXN0049670,0
TXN0051917,0
TXN0040138,0
TXN0057600,0
TXN0037633,0
TXN0052703,0
TXN0002620,0
TXN0054132,0
TXN0050868,0
TXN0039477,0
TXN0035794,0
TXN0017288,0
TXN0036870,0
TXN0017682,0
TXN0045708,0
TXN0020125,0
TXN0015831,0
TXN0034790,0
TXN0043344,0
TXN0018232,0
TXN0009385,0
TXN0035453,0
TXN0056455,0
TXN0032839,0
TXN0033793,0
TXN0047482,0
TXN0012751,0
TXN0025788,0
TXN0025034,0
TXN0030344,0
TXN0030652,0
TXN0013908,0
TXN0033957,0
TXN0023207,0
TXN0053940,0
TXN0026020,0
TXN0044458,0
TXN0031587,0
TXN0003499,0
TXN0057205,0
TXN0045559,0
TXN0049680,0
TXN0035477,0
TXN0019116,0
TXN0020601,0
TXN0004242,0
TXN0020344,0
TXN0055191,0
TXN0001359,0
TXN0012931,0
TXN0042608,0
TXN0031533,0
TXN0026148,0
TXN0046874,0
TXN0017263,0
TXN0034346,0
TXN0045172,0
TXN0023957,0
TXN0001509,0
TXN0056161,0
TXN0012780,0
TXN0036880,0
TXN0052136,0
TXN0046710,0
TXN0001845,0
TXN0027939,0
TXN0012243,0
TXN0045167,0
TXN0007838,0
TXN0006963,0
TXN0027610,0
TXN0055883,0
TXN0029318,0
TXN0013769,0
TXN0015700,0
TXN0020284,0
TXN0012002,0
TXN0004332,0
TXN0029672,0
TXN0014367,0
TXN0011678,0
TXN0049851,0
TXN0010251,0
TXN0025818,0
TXN0036382,0
TXN0029369,0
TXN0002108,0
TXN0047177,0
TXN0012501,0
TXN0010778,0
TXN0028466,0
TXN0007773,0
TXN0048866,0
TXN0003644,0
TXN0030171,0
TXN0045656,0
TXN0038091,0
TXN0011351,0
TXN0036951,0
TXN0054767,0
TXN0057982,0
TXN0058339,0
TXN0052074,0
TXN0000636,0
TXN0008983,0
TXN0016630,0
TXN0022666,0
TXN0004512,0
TXN0001193,0
TXN0032813,0
TXN0040113,0
TXN0017360,0
TXN0032305,0
TXN0051430,0
TXN0013866,0
TXN0006786,0
TXN0002963,0
TXN0021947,0
TXN0009776,0
TXN0054718,0
TXN0022076,0
TXN0004515,0
TXN0009581,0
TXN0014267,0
TXN0003216,0
TXN0034743,0
TXN0037297,0
TXN0002460,0
TXN0032746,0
TXN0045371,0
TXN0018066,0
TXN0044674,0
TXN0039657,0
TXN0033257,0
TXN0033439,0
TXN0048392,0
TXN0058567,0
TXN0026623,0
TXN0030788,0
TXN0052716,0
TXN0047680,0
TXN0004151,0
TXN0000432,0
TXN0005167,0
TXN0023984,0
TXN0034600,0
TXN0026016,0
TXN0054614,0
TXN0055317,0
TXN0012697,0
TXN0043032,0
TXN0000037,0
TXN0032544,0
TXN0047342,0
TXN0033024,0
TXN0032140,0
TXN0020372,0
TXN0056617,0
TXN0059786,0
TXN0037361,0
TXN0000713,0
TXN0000559,0
TXN0046022,0
TXN0057885,0
TXN0037089,0
TXN0035103,0
TXN0013091,0
TXN0037305,0
TXN0012612,0
TXN0056305,0
TXN0046029,0
TXN0006131,0
TXN0025457,0
TXN0039770,0
TXN0030382,0
TXN0013092,0
TXN0056356,0
TXN0032542,0
TXN0026325,0
TXN0020684,0
TXN0043205,0
TXN0048399,0
TXN0018890,0
TXN0024714,0
TXN0040200,0
TXN0028812,0
TXN0018964,0
TXN0024815,0
TXN0013017,0
TXN0013879,0
TXN0003747,0
TXN0011600,0
TXN0001597,0
TXN0053284,0
TXN0020874,0
TXN0030677,0
TXN0042861,0
TXN0047409,0
TXN0057340,0
TXN0014080,0
TXN0024312,0
TXN0009372,0
TXN0059510,0
TXN0022391,0
TXN0004302,0
TXN0035774,0
TXN0022694,0
TXN0054307,0
TXN0013285,0
TXN0058824,0
TXN0028439,0
TXN0007523,0
TXN0038598,0
TXN0058709,0
TXN0050602,0
TXN0001559,0
TXN0013313,0
TXN0013528,0
TXN0025017,0
TXN0019317,0
TXN0048002,0
TXN0007928,0
TXN0002107,0
TXN0030363,0
TXN0031262,0
TXN0050711,0
TXN0038216,0
TXN0019465,0
TXN0057072,0
TXN0044646,0
TXN0059780,0
TXN0030624,0
TXN0010447,0
TXN0012561,0
TXN0015863,0
TXN0042029,0
TXN0013936,0
TXN0007939,0
TXN0016105,0
TXN0047176,0
TXN0046300,0
TXN0053116,0
TXN0040795,0
TXN0019797,0
TXN0048277,0
TXN0051607,0
TXN0017290,0
TXN0041996,0
TXN0044653,0
TXN0055562,0
TXN0000760,0
TXN0019502,0
TXN0033754,0
TXN0045382,0
TXN0026867,0
TXN0048502,0
TXN0033092,0
TXN0030563,0
TXN0017064,0
TXN0035365,0
TXN0043013,0
TXN0016679,0
TXN0030712,0
TXN0030177,0
TXN0011735,0
TXN0045798,0
TXN0001785,0
TXN0004382,0
TXN0021702,0
TXNR0161,1
TXN0009476,0
TXN0004893,0
TXN0022117,0
TXN0012646,0
TXN0015321,0
TXN0046193,0
TXN0042503,0
TXN0052672,0
TXN0047780,0
TXN0029480,0
TXN0022211,0
TXN0015234,0
TXN0017254,0
TXN0007407,0
TXN0021692,0
TXN0045312,0
TXN0018101,0
TXN0040081,0
TXN0002648,0
TXN0002586,0
TXN0025287,0
TXN0029381,0
TXN0019544,0
TXN0047096,0
TXN0011009,0
TXN0035950,0
TXN0031042,0
TXN0011672,0
TXN0037571,0
TXN0004218,0
TXN0038460,0
TXN0009795,0
TXN0030697,0
TXN0031075,0
TXN0012779,0
TXN0026999,0
TXN0009371,0
TXN0020140,0
TXN0046359,0
TXN0007378,0
TXN0057781,0
TXN0001754,0
TXN0000148,0
TXN0025362,0
TXN0054950,0
TXN0043306,0
TXN0038140,0
TXN0053981,0
TXN0015545,0
TXN0045915,0
TXN0034381,0
TXN0005829,0
TXN0003770,0
TXN0028343,0
TXN0057921,0
TXN0042618,0
TXN0002015,0
TXN0005192,0
TXN0058792,0
TXN0054881,0
TXN0038524,0
TXN0033371,0
TXN0038097,0
TXN0054608,0
TXN0000865,0
TXN0052537,0
TXN0023396,0
TXN0050372,0
TXN0004477,0
TXN0057329,0
TXN0054945,0
TXN0016865,0
TXN0032885,0
TXN0043988,0
TXN0037598,0
TXN0004507,0
TXN0005344,0
TXN0021586,0
TXN0000352,0
TXN0048084,0
TXN0004460,0
TXN0045565,0
TXN0017157,0
TXN0048223,0
TXN0053647,0
TXN0003873,0
TXN0000179,0
TXN0012638,0
TXN0024544,0
TXN0026754,0
TXN0021177,0
TXN0007436,0
TXN0049783,0
TXN0005958,0
TXN0014110,0
TXN0034568,0
TXN0000364,0
TXN0014648,0
TXN0015082,0
TXN0032031,0
TXN0006038,0
TXN0008221,0
TXN0059048,0
TXN0013895,0
TXN0032345,0
TXN0002801,0
TXN0058186,0
TXN0035690,0
TXN0056635,0
TXN0012856,0
TXN0058703,0
TXN0024853,0
TXN0055373,0
TXN0001245,0
TXN0022745,0
TXN0020921,0
TXN0013746,0
TXN0030615,0
TXN0036821,0
TXN0038699,0
TXN0003239,0
TXN0032876,0
TXN0052123,0
TXN0016150,0
TXN0031100,0
TXN0050355,0
TXN0057146,0
TXN0014728,0
TXN0018158,0
TXN0055090,0
TXN0006475,0
TXN0011319,0
TXN0049757,0
TXN0022228,0
TXN0036302,0
TXN0004394,0
TXN0022257,0
TXN0044098,0
TXN0047734,0
TXN0057763,0
TXN0023195,0
TXN0020774,0
TXN0020732,0
TXN0003567,0
TXN0048431,0
TXN0040201,0
TXN0053090,0
TXN0051104,0
TXN0025734,0
TXN0021534,0
TXN0011317,0
TXN0038262,0
TXN0056965,0
TXN0017357,0
TXN0037067,0
TXN0048693,0
TXN0038640,0
TXN0037606,0
TXN0040366,0
TXN0023761,0
TXN0019420,0
TXN0001789,0
TXN0013739,0
TXN0013662,0
TXN0039963,0
TXN0032383,0
TXN0025651,0
TXN0029256,0
TXN0048976,0
TXN0047514,0
TXN0040232,0
TXN0009230,0
TXN0055603,0
TXN0039098,0
TXN0000010,0
TXN0010839,0
TXN0038636,0
TXN0008855,0
TXN0017810,0
TXN0001403,0
TXN0044225,0
TXN0056689,0
TXN0052864,0
TXN0053888,0
TXN0031958,0
TXN0048230,0
TXN0010585,0
TXN0049267,0
TXN0053258,0
TXN0002431,0
TXN0008515,0
TXN0034112,0
TXN0022620,0
TXN0000372,0
TXN0000909,0
TXN0014915,0
TXN0055660,0
TXN0050181,0
TXN0002402,0
TXN0043081,0
TXN0032161,0
TXN0028743,0
TXN0011662,0
TXN0021686,0
TXN0039534,0
TXN0011415,0
TXN0034012,0
TXN0001195,0
TXN0035758,0
TXN0029902,0
TXN0015704,0
TXN0000256,0
TXN0016365,0
TXN0008205,0
TXN0001409,0
TXN0059861,0
TXN0047537,0
TXN0020061,0
TXN0004725,0
TXN0055969,0
TXN0024722,0
TXN0025192,0
TXN0058229,0
TXN0029508,0
TXN0010055,0
TXN0028952,0
TXN0054208,0
TXN0004784,0
TXN0013663,0
TXN0007522,0
TXN0009304,0
TXN0015870,0
TXN0001725,0
TXN0052057,0
TXN0055909,0
TXN0021823,0
TXN0021514,0
TXN0005912,0
TXN0057172,0
TXN0024843,0
TXN0055404,0
TXN0013886,0
TXN0050342,0
TXN0038379,0
TXN0022891,0
TXN0025964,0
TXN0056479,0
TXN0049889,0
TXN0051648,0
TXN0001379,0
TXN0007689,0
TXN0003688,0
TXN0028287,0
TXN0022258,0
TXN0028067,0
TXN0010435,0
TXN0034413,0
TXN0015659,0
TXN0036558,0
TXN0041580,0
TXN0016182,0
TXN0000652,0
TXN0059058,0
TXN0044433,0
TXN0024256,0
TXN0003621,0
TXN0005328,0
TXN0007219,0
TXN0056649,0
TXN0048846,0
TXN0011162,0
TXN0000012,0
TXN0006152,0
TXN0011663,0
TXN0002810,0
TXN0026902,0
TXN0059178,0
TXN0035457,0
TXN0011161,0
TXN0046246,0
TXN0051752,0
TXN0045384,0
TXN0042626,0
TXN0030628,0
TXN0044563,0
TXN0050063,0
TXN0012363,0
TXN0057379,0
TXN0001506,0
TXN0037134,0
TXN0043356,0
TXN0029047,0
TXN0047160,0
TXN0034898,0
TXN0050133,0
TXN0034416,0
TXN0021274,0
TXN0015928,0
TXN0006766,0
TXN0038374,0
TXN0036912,0
TXN0040969,0
TXN0058554,0
TXN0047598,0
TXN0042705,0
TXN0046371,0
TXN0058315,0
TXN0045365,0
TXN0021605,0
TXN0019093,0
TXN0050488,0
TXN0022286,0
TXN0057659,0
TXN0014963,0
TXN0020460,0
TXN0058117,0
TXN0058239,0
TXN0034311,0
TXN0012120,0
TXN0019510,0
TXN0003414,0
TXN0047928,0
TXN0022369,0
TXN0014408,0
TXN0047661,0
TXN0032583,0
TXN0032800,0
TXN0007187,0
TXN0057339,0
TXN0027713,0
TXN0046930,0
TXN0042296,0
TXN0053137,0
TXN0012213,0
TXN0052674,0
TXN0022684,0
TXN0017323,0
TXN0018680,0
TXN0017325,0
TXN0030783,0
TXN0008749,0
TXN0033513,0
TXN0004083,0
TXN0021774,0
TXN0027846,0
TXN0021966,0
TXN0035645,0
TXN0042701,0
TXN0054263,0
TXN0002651,0
TXN0038142,0
TXN0021329,0
TXN0022030,0
TXN0011595,0
TXN0018205,0
TXN0001312,0
TXN0000560,0
TXN0007146,0
TXN0033725,0
TXN0034878,0
TXN0037876,0
TXN0039994,0
TXN0040399,0
TXN0031759,0
TXN0005387,0
TXN0057368,0
TXN0059004,0
TXN0043271,0
TXN0048751,0
TXN0013535,0
TXN0043728,0
TXN0051686,0
TXN0041615,0
TXN0045679,0
TXN0057668,0
TXN0054962,0
TXN0011197,0
TXN0049236,0
TXN0010391,0
TXN0019344,0
TXN0037408,0
TXN0035167,0
TXN0007310,0
TXN0017276,0
TXN0041101,0
TXN0044768,0
TXN0046792,0
TXN0007737,0
TXN0025557,0
TXN0009597,0
TXN0036617,0
TXN0035393,0
TXN0033012,0
TXN0011340,0
TXN0030418,0
TXN0030807,0
TXN0003346,0
TXN0019257,0
TXN0015835,0
TXN0052061,0
TXN0041065,0
TXN0028261,0
TXN0008959,0
TXN0032584,0
TXN0019971,0
TXN0052910,0
TXN0053457,0
TXN0028876,0
TXN0023178,0
TXN0039419,0
TXN0004947,0
TXN0008627,0
TXN0043220,0
TXN0016218,0
TXN0009967,0
TXN0048765,0
TXN0052430,0
TXN0000093,0
TXN0021550,0
TXN0028583,0
TXN0028314,0
TXN0039939,0
TXN0006791,0
TXN0041907,0
TXN0027757,0
TXNS00602,1
TXN0049531,0
TXN0013450,0
TXN0054276,0
TXN0040612,0
TXN0016331,0
TXN0051150,0
TXN0001885,0
TXN0056267,0
TXN0012786,0
TXN0005773,0
TXN0048647,0
TXN0020707,0
TXN0030160,0
TXN0040958,0
TXN0000002,0
TXN0016091,0
TXN0002759,0
TXN0054166,0
TXN0052940,0
TXN0044990,0
TXN0027928,0
TXN0026013,0
TXN0009425,0
TXN0027775,0
TXN0057716,0
TXN0040617,0
TXN0003175,0
TXN0026425,0
TXN0011294,0
TXN0048437,0
TXN0016304,0
TXN0035233,0
TXN0030958,0
TXN0014274,0
TXN0057525,0
TXN0048380,0
TXN0042314,0
TXN0025025,0
TXN0057171,0
TXN0002511,0
TXN0015248,0
TXN0053847,0
TXN0004491,0
TXN0036389,0
TXN0002317,0
TXN0007086,0
TXN0018569,0
TXN0037245,0
TXN0010082,0
TXN0001155,0
TXN0002486,0
TXN0016713,0
TXN0058126,0
TXN0026728,0
TXN0022948,0
TXN0035995,0
TXN0047783,0
TXN0019381,0
TXN0019551,0
TXN0013541,0
TXN0004392,0
TXN0052173,0
TXN0051283,0
TXN0018847,0
TXN0049443,0
TXN0019230,0
TXN0008872,0
TXN0023970,0
TXN0008859,0
TXN0032328,0
TXN0034959,0
TXN0009921,0
TXN0040769,0
TXN0045784,0
TXN0006668,0
TXN0013358,0
TXN0018454,0
TXN0040931,0
TXN0023977,0
TXN0022686,0
TXN0012818,0
TXN0038677,0
TXN0048856,0
TXN0031385,0
TXN0034502,0
TXN0038015,0
TXN0049995,0
TXN0040088,0
TXN0020431,0
TXN0051494,0
TXN0046910,0
TXN0051855,0
TXN0031472,0
TXN0038066,0
TXN0054659,0
TXN0018706,0
TXN0037008,0
TXN0049220,0
TXN0010095,0
TXN0013934,0
TXN0027331,0
TXN0016205,0
TXN0049727,0
TXN0007612,0
TXN0023286,0
TXN0042537,0
TXN0011934,0
TXN0021618,0
TXN0019656,0
TXN0010141,0
TXN0021657,0
TXN0055831,0
TXN0002889,0
TXN0030897,0
TXN0052414,0
TXN0000788,0
TXN0010131,0
TXN0019731,0
TXN0024874,0
TXN0052402,0
TXN0025738,0
TXN0049293,0
TXN0019569,0
TXN0046404,0
TXN0036169,0
TXN0048775,0
TXN0022580,0
TXN0024078,0
TXN0055034,0
TXN0036145,0
TXN0053461,0
TXN0033351,0
TXN0009972,0
TXN0052577,0
TXN0028363,0
TXN0025705,0
TXN0053869,0
TXN0032449,0
TXN0016733,0
TXN0048939,0
TXN0050202,0
TXN0019733,0
TXN0047965,0
TXN0046665,0
TXN0041002,0
TXN0000801,0
TXN0051764,0
TXN0041941,0
TXN0030984,0
TXN0011650,0
TXN0025368,0
TXN0017273,0
TXN0037941,0
TXN0039267,0
TXN0051520,0
TXN0027940,0
TXNS00120,1
TXN0017352,0
TXN0045615,0
TXN0028618,0
TXN0018320,0
TXN0032222,0
TXN0040477,0
TXN0006853,0
TXN0035524,0
TXN0006458,0
TXN0029388,0
TXN0041876,0
TXN0014855,0
TXN0012809,0
TXN0047560,0
TXN0013806,0
TXN0018000,0
TXN0039710,0
TXN0058836,0
TXN0034938,0
TXN0043106,0
TXN0037855,0
TXN0044827,0
TXN0036490,0
TXN0008077,0
TXN0002956,0
TXN0051041,0
TXN0032112,0
TXN0016016,0
TXN0055225,0
TXN0038383,0
TXN0046614,0
TXN0010974,0
TXN0059243,0
TXN0045647,0
TXN0013444,0
TXN0013824,0
TXN0046144,0
TXN0010067,0
TXN0028341,0
TXN0042249,0
TXN0026940,0
TXN0035169,0
TXN0040879,0
TXN0012397,0
TXN0039291,0
TXN0029217,0
TXN0015702,0
TXN0049264,0
TXN0049655,0
TXN0032060,0
TXN0011139,0
TXN0026382,0
TXN0057493,0
TXN0023296,0
TXN0018385,0
TXN0034470,0
TXN0038409,0
TXN0029521,0
TXN0054168,0
TXN0033892,0
TXN0037289,0
TXN0047845,0
TXN0047207,0
TXN0000818,0
TXN0027599,0
TXN0045771,0
TXN0007764,0
TXN0007727,0
TXN0042531,0
TXN0052564,0
TXN0009735,0
TXN0046926,0
TXN0021923,0
TXN0018595,0
TXN0020493,0
TXN0044380,0
TXN0035901,0
TXN0037032,0
TXN0015329,0
TXN0007972,0
TXN0004677,0
TXN0019131,0
TXN0022322,0
TXN0052374,0
TXN0046088,0
TXN0053885,0
TXN0025761,0
TXN0016246,0
TXN0028549,0
TXN0044648,0
TXN0004331,0
TXN0039830,0
TXN0004663,0
TXN0056457,0
TXN0027862,0
TXN0006696,0
TXN0035135,0
TXN0011157,0
TXN0009721,0
TXN0013928,0
TXN0005956,0
TXN0047074,0
TXN0016142,0
TXN0057689,0
TXN0037563,0
TXN0018824,0
TXN0012884,0
TXN0015401,0
TXN0031113,0
TXN0047078,0
TXN0034258,0
TXN0018976,0
TXN0036015,0
TXN0006849,0
TXN0001425,0
TXN0034764,0
TXN0011864,0
TXN0035459,0
TXN0028708,0
TXN0050462,0
TXN0042487,0
TXN0031639,0
TXN0043209,0
TXN0055145,0
TXN0006843,0
TXN0032275,0
TXN0045853,0
TXN0028225,0
TXN0047776,0
TXN0008572,0
TXN0041916,0
TXN0010813,0
TXN0035029,0
TXN0049109,0
TXN0042320,0
TXN0003196,0
TXN0047268,0
TXN0026613,0
TXN0056766,0
TXN0000486,0
TXN0048676,0
TXN0000370,0
TXN0021376,0
TXN0033551,0
TXN0051657,0
TXN0027654,0
TXN0006382,0
TXN0058195,0
TXN0015407,0
TXN0008837,0
TXN0030408,0
TXN0019622,0
TXN0016682,0
TXN0017257,0
TXN0030869,0
TXN0034815,0
TXN0032872,0
TXN0024003,0
TXN0052591,0
TXN0013266,0
TXN0038452,0
TXN0023112,0
TXN0030336,0
TXN0003632,0
TXN0016493,0
TXN0045857,0
TXN0015893,0
TXN0011656,0
TXN0018522,0
TXN0016691,0
TXN0049328,0
TXN0025318,0
TXN0012663,0
TXN0000669,0
TXN0015184,0
TXN0049805,0
TXN0032873,0
TXN0023161,0
TXN0059018,0
TXN0044402,0
TXN0055869,0
TXN0034207,0
TXN0029097,0
TXN0011039,0
TXN0015775,0
TXN0020317,0
TXN0039465,0
TXN0022958,0
TXN0037579,0
TXN0050412,0
TXN0003258,0
TXN0034076,0
TXN0050980,0
TXN0029990,0
TXN0013877,0
TXN0048825,0
TXN0058628,0
TXN0040100,0
TXN0034332,0
TXN0025762,0
TXN0033714,0
TXN0047690,0
TXN0011760,0
TXN0042733,0
TXN0030031,0
TXN0052925,0
TXN0039349,0
TXN0050198,0
TXN0040727,0
TXN0017615,0
TXN0059196,0
TXN0046942,0
TXN0035771,0
TXN0024599,0
TXN0011978,0
TXN0044484,0
TXN0019747,0
TXN0038157,0
TXN0012055,0
TXN0052977,0
TXN0034077,0
TXN0011345,0
TXN0019859,0
TXN0031115,0
TXN0002196,0
TXN0004566,0
TXN0024124,0
TXN0031891,0
TXN0036737,0
TXN0035282,0
TXN0021248,0
TXN0031095,0
TXN0012577,0
TXN0042048,0
TXN0015754,0
TXN0047013,0
TXN0052845,0
TXN0042026,0
TXN0022611,0
TXN0022375,0
TXN0041473,0
TXN0008791,0
TXN0028264,0
TXN0056371,0
TXN0012881,0
TXN0020369,0
TXN0021390,0
TXN0011249,0
TXN0009777,0
TXN0051062,0
TXN0051476,0
TXN0005257,0
TXN0025179,0
TXN0059412,0
TXN0013932,0
TXN0005322,0
TXN0011586,0
TXN0029482,0
TXN0059853,0
TXN0055089,0
TXN0036069,0
TXN0057889,0
TXN0023227,0
TXN0012041,0
TXN0038174,0
TXN0026751,0
TXN0033480,0
TXN0005783,0
TXN0004409,0
TXN0011688,0
TXN0038688,0
TXN0042782,0
TXN0053539,0
TXN0038179,0
TXN0005574,0
TXN0016934,0
TXN0035825,0
TXN0036009,0
TXN0031498,0
TXN0053676,0
TXN0054405,0
TXN0052197,0
TXN0008493,0
TXN0057192,0
TXN0019648,0
TXN0042089,0
TXN0053591,0
TXN0048373,0
TXN0041212,0
TXN0043877,0
TXN0047279,0
TXN0032471,0
TXN0018482,0
TXN0044999,0
TXN0023385,0
TXN0054763,0
TXN0040060,0
TXN0059633,0
TXN0036439,0
TXN0059420,0
TXN0037909,0
TXN0043397,0
TXN0020800,0
TXN0041093,0
TXN0041708,0
TXN0026872,0
TXN0010394,0
TXN0056823,0
TXN0002934,0
TXN0010794,0
TXN0048075,0
TXN0004311,0
TXN0014691,0
TXN0039365,0
TXN0021371,0
TXN0026986,0
TXN0001353,0
TXN0012489,0
TXN0021217,0
TXN0005752,0
TXN0051933,0
TXN0037066,0
TXN0056033,0
TXN0024406,0
TXN0016440,0
TXN0003412,0
TXN0010416,0
TXN0019239,0
TXN0000400,0
TXN0035754,0
TXN0045532,0
TXN0016043,0
TXN0043019,0
TXN0039373,0
TXN0021182,0
TXN0030255,0
TXN0025570,0
TXN0026205,0
TXN0004846,0
TXN0024386,0
TXN0048279,0
TXN0042367,0
TXN0012664,0
TXN0006554,0
TXN0041548,0
TXN0029401,0
TXN0055530,0
TXN0051986,0
TXN0043565,0
TXN0038549,0
TXN0045009,0
TXN0019657,0
TXN0046715,0
TXN0000597,0
TXN0001102,0
TXN0007233,0
TXN0058087,0
TXN0051029,0
TXN0044504,0
TXN0031106,0
TXN0000519,0
TXN0034523,0
TXN0037276,0
TXN0034131,0
TXN0045687,0
TXN0040719,0
TXN0048877,0
TXN0005263,0
TXN0033837,0
TXN0047952,0
TXN0008419,0
TXN0017463,0
TXN0052222,0
TXN0026784,0
TXN0022995,0
TXN0024230,0
TXN0032694,0
TXN0000665,0
TXN0031320,0
TXN0052455,0
TXN0013796,0
TXN0058756,0
TXN0054147,0
TXN0029171,0
TXN0025605,0
TXN0034467,0
TXN0028419,0
TXN0044932,0
TXN0018261,0
TXN0052381,0
TXN0023704,0
TXN0056541,0
TXN0023184,0
TXN0037684,0
TXN0007065,0
TXN0059177,0
TXN0002979,0
TXN0016988,0
TXN0013750,0
TXN0041758,0
TXN0006861,0
TXN0008168,0
TXN0018897,0
TXN0032450,0
TXN0008128,0
TXN0029011,0
TXN0043876,0
TXN0046412,0
TXN0016475,0
TXN0048137,0
TXN0020229,0
TXN0027250,0
TXN0041152,0
TXN0038014,0
TXN0046232,0
TXN0039709,0
TXN0036664,0
TXN0059898,0
TXN0017733,0
TXN0034489,0
TXN0038674,0
TXN0036545,0
TXN0015210,0
TXN0015722,0
TXN0052961,0
TXN0004050,0
TXN0033382,0
TXN0045048,0
TXN0013894,0
TXN0040473,0
TXN0016956,0
TXN0044997,0
TXN0019965,0
TXN0039873,0
TXN0006372,0
TXN0007244,0
TXN0044645,0
TXN0005062,0
TXN0036370,0
TXN0022139,0
TXN0027563,0
TXN0015764,0
TXN0044624,0
TXN0023332,0
TXN0040524,0
TXN0042406,0
TXN0049891,0
TXN0025596,0
TXN0016412,0
TXN0026442,0
TXN0043203,0
TXN0010086,0
TXN0026145,0
TXN0030794,0
TXN0019768,0
TXN0010766,0
TXN0025958,0
TXN0022401,0
TXN0035724,0
TXN0007869,0
TXN0029823,0
TXN0044702,0
TXN0044874,0
TXN0042438,0
TXN0005409,0
TXN0025995,0
TXN0040288,0
TXN0037207,0
TXN0044966,0
TXN0054568,0
TXN0037458,0
TXN0034326,0
TXN0010892,0
TXN0035256,0
TXN0003291,0
TXN0018147,0
TXN0036291,0
TXN0037310,0
TXN0015371,0
TXN0003400,0
TXN0051319,0
TXN0017350,0
TXN0002272,0
TXN0018758,0
TXN0014429,0
TXN0055165,0
TXN0033001,0
TXN0035454,0
TXN0030598,0
TXN0025112,0
TXN0045591,0
TXN0009843,0
TXN0016676,0
TXN0027412,0
TXN0053706,0
TXN0055973,0
TXN0011392,0
TXN0019254,0
TXN0017261,0
TXN0029510,0
TXN0027785,0
TXN0009964,0
TXN0010635,0
TXN0032624,0
TXN0051185,0
TXN0042495,0
TXN0042278,0
TXN0013231,0
TXN0002739,0
TXN0013201,0
TXN0054904,0
TXN0021263,0
TXN0004357,0
TXN0043310,0
TXN0028754,0
TXN0019775,0
TXN0006642,0
TXN0010420,0
TXN0051807,0
TXN0020802,0
TXN0042770,0
TXN0037415,0
TXN0048340,0
TXN0047307,0
TXN0053838,0
TXN0041831,0
TXN0027937,0
TXN0017070,0
TXN0020968,0
TXN0048506,0
TXN0017221,0
TXN0008458,0
TXN0005791,0
TXN0026582,0
TXN0001726,0
TXN0039139,0
TXN0018608,0
TXN0059691,0
TXN0047322,0
TXN0019563,0
TXN0043052,0
TXN0051249,0
TXN0037375,0
TXN0052242,0
TXN0046946,0
TXN0048521,0
TXN0053861,0
TXN0043883,0
TXN0058488,0
TXN0001067,0
TXN0040048,0
TXN0023763,0
TXN0024485,0
TXN0011258,0
TXN0010940,0
TXN0052040,0
TXN0044149,0
TXN0016006,0
TXN0023351,0
TXN0028205,0
TXN0038934,0
TXN0006461,0
TXN0019445,0
TXN0000889,0
TXN0033734,0
TXN0010481,0
TXN0005153,0
TXN0034731,0
TXN0027701,0
TXN0009850,0
TXN0012062,0
TXN0014496,0
TXN0025703,0
TXN0001909,0
TXN0015690,0
TXN0008353,0
TXN0039601,0
TXN0057619,0
TXN0004134,0
TXN0051644,0
TXN0002738,0
TXN0002835,0
TXN0026119,0
TXN0044223,0
TXN0007213,0
TXN0040373,0
TXN0033743,0
TXN0035036,0
TXN0036538,0
TXN0050716,0
TXN0047752,0
TXN0000132,0
TXN0042899,0
TXN0047098,0
TXN0033349,0
TXN0058702,0
TXN0009716,0
TXN0041803,0
TXN0048760,0
TXN0033161,0
TXN0042986,0
TXN0022942,0
TXN0029565,0
TXN0030815,0
TXN0055903,0
TXN0056811,0
TXN0041169,0
TXN0020661,0
TXN0008183,0
TXN0055406,0
TXN0044194,0
TXN0020595,0
TXN0059490,0
TXN0024811,0
TXN0037381,0
TXN0016607,0
TXN0017358,0
TXN0008593,0
TXN0027750,0
TXN0046936,0
TXN0046687,0
TXN0056724,0
TXN0020393,0
TXN0010150,0
TXN0022606,0
TXN0020982,0
TXN0019787,0
TXN0019899,0
TXN0044958,0
TXN0056640,0
TXN0004712,0
TXN0035676,0
TXN0052784,0
TXN0054681,0
TXN0008071,0
TXN0011767,0
TXN0018807,0
TXN0015890,0
TXN0038032,0
TXN0038931,0
TXN0019932,0
TXN0024829,0
TXN0058136,0
TXN0021360,0
TXN0023932,0
TXN0005481,0
TXN0058998,0
TXN0023958,0
TXN0006895,0
TXN0021885,0
TXN0027885,0
TXN0057638,0
TXN0018768,0
TXN0047085,0
TXN0046368,0
TXN0035418,0
TXN0017459,0
TXNS00311,1
TXN0056917,0
TXN0008789,0
TXN0048113,0
TXN0003190,0
TXN0042662,0
TXN0025708,0
TXN0045117,0
TXN0003650,0
TXN0049736,0
TXN0051273,0
TXN0020454,0
TXN0038744,0
TXN0003370,0
TXN0033435,0
TXN0051094,0
TXN0042372,0
TXN0020842,0
TXN0053385,0
TXN0001764,0
TXN0055896,0
TXN0051834,0
TXN0050648,0
TXN0033782,0
TXN0056061,0
TXN0015629,0
TXN0028527,0
TXN0007903,0
TXN0028615,0
TXN0013334,0
TXN0018120,0
TXN0014692,0
TXN0046219,0
TXN0046761,0
TXN0011539,0
TXN0017952,0
TXN0017127,0
TXN0041182,0
TXN0020378,0
TXN0026555,0
TXN0028955,0
TXN0008817,0
TXN0025692,0
TXN0006284,0
TXN0006273,0
TXN0045712,0
TXN0008536,0
TXN0015651,0
TXN0045494,0
TXN0030028,0
TXN0041964,0
TXN0012641,0
TXN0057097,0
TXN0043239,0
TXN0024665,0
TXN0020719,0
TXN0054375,0
TXN0053613,0
TXN0037094,0
TXN0004662,0
TXN0021498,0
TXN0031359,0
TXN0008587,0
TXN0054458,0
TXN0013306,0
TXN0032959,0
TXN0021596,0
TXN0003641,0
TXN0026336,0
TXN0015799,0
TXN0041802,0
TXN0058304,0
TXN0000021,0
TXN0036486,0
TXN0046159,0
TXN0032563,0
TXN0035670,0
TXN0036074,0
TXN0049720,0
TXN0005534,0
TXN0053784,0
TXN0019276,0
TXN0043810,0
TXN0048119,0
TXN0033547,0
TXN0041757,0
TXN0015235,0
TXN0036981,0
TXN0051782,0
TXN0022912,0
TXN0036199,0
TXN0017207,0
TXN0056241,0
TXN0026841,0
TXN0049669,0
TXN0036390,0
TXN0004259,0
TXN0037493,0
TXN0001469,0
TXN0013322,0
TXN0053382,0
TXN0025496,0
TXN0049743,0
TXN0054488,0
TXN0008424,0
TXN0000368,0
TXN0057621,0
TXN0044553,0
TXN0031021,0
TXN0013112,0
TXN0009491,0
TXN0016448,0
TXN0030348,0
TXN0011384,0
TXN0020594,0
TXN0036613,0
TXN0011017,0
TXN0021700,0
TXN0018105,0
TXN0033172,0
TXN0036828,0
TXNS01000,1
TXN0010683,0
TXN0034592,0
TXN0059365,0
TXN0010972,0
TXN0059167,0
TXN0036526,0
TXN0003232,0
TXN0018302,0
TXN0031467,0
TXN0007246,0
TXN0028511,0
TXN0001831,0
TXN0041307,0
TXN0001242,0
TXN0053080,0
TXN0025735,0
TXN0050031,0
TXN0004656,0
TXN0050311,0
TXN0028906,0
TXN0008998,0
TXN0044682,0
TXN0056097,0
TXN0032737,0
TXN0041111,0
TXN0057571,0
TXN0051040,0
TXN0041661,0
TXN0007490,0
TXN0042264,0
TXN0018161,0
TXN0044627,0
TXN0057857,0
TXN0014772,0
TXN0050918,0
TXN0001777,0
TXN0039287,0
TXN0024161,0
TXN0032312,0
TXN0015111,0
TXN0011133,0
TXN0013072,0
TXN0056453,0
TXN0001823,0
TXN0046631,0
TXN0031008,0
TXN0023027,0
TXN0022784,0
TXN0047258,0
TXN0019935,0
TXN0057488,0
TXN0040039,0
TXN0021630,0
TXN0029294,0
TXN0014779,0
TXN0016117,0
TXN0050470,0
TXN0012470,0
TXN0016619,0
TXN0000737,0
TXN0016608,0
TXN0046428,0
TXN0051192,0
TXN0003293,0
TXN0033146,0
TXN0044252,0
TXN0051682,0
TXN0047015,0
TXN0023290,0
TXN0044650,0
TXN0003845,0
TXN0028469,0
TXN0047819,0
TXN0029441,0
TXN0053306,0
TXN0013777,0
TXN0059443,0
TXN0055017,0
TXN0022301,0
TXN0045807,0
TXN0037792,0
TXN0046797,0
TXN0012270,0
TXN0001658,0
TXN0032980,0
TXN0023698,0
TXN0054558,0
TXN0020803,0
TXN0001214,0
TXN0021577,0
TXN0015898,0
TXN0041294,0
TXN0015762,0
TXN0046669,0
TXN0014195,0
TXN0033560,0
TXN0049385,0
TXN0050923,0
TXN0049361,0
TXN0042098,0
TXNS00402,1
TXN0059290,0
TXN0037266,0
TXN0009505,0
TXN0002413,0
TXN0034492,0
TXN0027398,0
TXN0032214,0
TXN0000834,0
TXN0009063,0
TXN0009455,0
TXN0042578,0
TXN0058515,0
TXN0012537,0
TXN0046057,0
TXN0013163,0
TXN0029506,0
TXN0033988,0
TXN0045723,0
TXN0042725,0
TXN0022936,0
TXN0044143,0
TXN0005609,0
TXN0011907,0
TXN0004581,0
TXN0015089,0
TXN0010292,0
TXN0009677,0
TXN0002523,0
TXN0046950,0
TXN0031933,0
TXN0058282,0
TXN0019462,0
TXN0029409,0
TXN0040228,0
TXN0025881,0
TXN0004782,0
TXN0030782,0
TXN0019558,0
TXN0031047,0
TXN0004381,0
TXN0038192,0
TXN0033760,0
TXN0014435,0
TXN0007642,0
TXN0039220,0
TXN0018549,0
TXN0041577,0
TXN0032391,0
TXN0059870,0
TXN0020187,0
TXN0035281,0
TXN0057166,0
TXN0052211,0
TXN0010618,0
TXN0047708,0
TXN0026739,0
TXN0045730,0
TXN0054582,0
TXN0007637,0
TXN0048801,0
TXN0042964,0
TXN0006854,0
TXN0010619,0
TXN0044007,0
TXN0001386,0
TXN0056564,0
TXN0021323,0
TXN0000555,0
TXN0018705,0
TXN0016704,0
TXN0035863,0
TXN0003285,0
TXN0009930,0
TXN0009166,0
TXN0007847,0
TXN0001313,0
TXN0026469,0
TXN0020343,0
TXN0011095,0
TXN0040218,0
TXN0027909,0
TXN0038231,0
TXN0014706,0
TXN0032069,0
TXN0044013,0
TXN0042399,0
TXN0037840,0
TXN0025757,0
TXN0039339,0
TXN0054106,0
TXN0038043,0
TXN0018653,0
TXN0051688,0
TXN0018256,0
TXN0002972,0
TXN0024982,0
TXN0017806,0
TXNR0241,1
TXN0034625,0
TXN0056781,0
TXN0029283,0
TXN0059391,0
TXN0043074,0
TXN0002765,0
TXN0001541,0
TXN0049860,0
TXN0040030,0
TXN0059469,0
TXN0020991,0
TXN0008434,0
TXN0023495,0
TXN0056031,0
TXN0029332,0
TXN0012388,0
TXN0021922,0
TXN0057230,0
TXN0026567,0
TXN0042243,0
TXN0050830,0
TXN0052270,0
TXN0008563,0
TXN0003771,0
TXN0046228,0
TXN0017493,0
TXN0004655,0
TXN0056941,0
TXN0011434,0
TXN0032649,0
TXN0057443,0
TXN0032536,0
TXN0000294,0
TXN0041034,0
TXN0046157,0
TXN0041894,0
TXN0044866,0
TXN0044491,0
TXN0027499,0
TXN0012682,0
TXN0019938,0
TXN0009096,0
TXN0001737,0
TXN0054858,0
TXN0020365,0
TXN0033329,0
TXN0015357,0
TXN0036113,0
TXN0011492,0
TXN0042122,0
TXN0009628,0
TXN0059345,0
TXN0008314,0
TXN0051131,0
TXN0009719,0
TXN0059850,0
TXN0021322,0
TXN0043890,0
TXN0051297,0
TXN0032826,0
TXN0047921,0
TXN0029059,0
TXN0028942,0
TXN0035969,0
TXN0003435,0
TXN0056412,0
TXN0018033,0
TXN0035278,0
TXN0042596,0
TXN0017322,0
TXN0052119,0
TXN0028174,0
TXN0059406,0
TXN0012886,0
TXN0057706,0
TXN0052503,0
TXN0044527,0
TXN0016138,0
TXN0042942,0
TXN0046314,0
TXN0037789,0
TXN0028114,0
TXN0030805,0
TXN0005993,0
TXN0009107,0
TXN0058706,0
TXN0020799,0
TXN0022754,0
TXN0026393,0
TXN0027684,0
TXN0041297,0
TXN0057307,0
TXN0034840,0
TXN0012122,0
TXN0014837,0
TXN0038590,0
TXN0044140,0
TXN0013335,0
TXN0049647,0
TXN0003513,0
TXN0044451,0
TXN0059554,0
TXN0049037,0
TXN0030992,0
TXN0051800,0
TXN0051278,0
TXN0023866,0
TXN0049111,0
TXN0024094,0
TXN0023341,0
TXN0003782,0
TXN0055414,0
TXN0031225,0
TXN0009336,0
TXN0015385,0
TXN0058478,0
TXN0010702,0
TXN0027566,0
TXN0026849,0
TXN0035628,0
TXN0033989,0
TXN0042084,0
TXN0004864,0
TXN0024118,0
TXN0013280,0
TXN0012390,0
TXN0006085,0
TXN0026579,0
TXN0012546,0
TXN0048037,0
TXN0004924,0
TXN0004532,0
TXN0059587,0
TXN0034440,0
TXN0052517,0
TXN0032408,0
TXN0052740,0
TXN0004055,0
TXN0055386,0
TXN0056898,0
TXN0010000,0
TXN0023535,0
TXN0052841,0
TXN0011953,0
TXN0028400,0
TXN0002850,0
TXN0029195,0
TXN0043005,0
TXN0053965,0
TXN0010255,0
TXN0046073,0
TXN0024290,0
TXN0042255,0
TXN0052201,0
TXN0012879,0
TXN0057550,0
TXN0019838,0
TXN0037085,0
TXN0042748,0
TXN0025020,0
TXN0023769,0
TXN0005519,0
TXN0000858,0
TXN0052655,0
TXN0005972,0
TXN0020823,0
TXN0040643,0
TXN0059660,0
TXN0000595,0
TXN0059090,0
TXN0008804,0
TXN0024183,0
TXN0041954,0
TXN0028997,0
TXN0043738,0
TXN0009746,0
TXN0014352,0
TXN0010165,0
TXN0001951,0
TXN0009120,0
TXN0005649,0
TXN0015847,0
TXN0007910,0
TXN0014781,0
TXN0007830,0
TXN0002513,0
TXN0039500,0
TXN0038327,0
TXN0007526,0
TXN0007860,0
TXN0043795,0
TXN0004700,0
TXN0035001,0
TXN0032720,0
TXN0027626,0
TXN0057505,0
TXN0024976,0
TXN0024340,0
TXN0017560,0
TXN0048928,0
TXN0025008,0
TXN0029774,0
TXN0031501,0
TXN0047860,0
TXN0011926,0
TXN0022044,0
TXN0051183,0
TXN0009215,0
TXN0027874,0
TXN0025103,0
TXN0020539,0
TXN0052063,0
TXN0029187,0
TXN0014086,0
TXN0020625,0
TXN0005424,0
TXN0013265,0
TXN0023831,0
TXN0028840,0
TXN0015567,0
TXN0045269,0
TXN0040260,0
TXN0047934,0
TXN0028656,0
TXN0008995,0
TXN0034318,0
TXN0017393,0
TXN0023519,0
TXN0014842,0
TXN0010929,0
TXN0022998,0
TXN0049989,0
TXN0037863,0
TXN0049800,0
TXN0036011,0
TXN0043822,0
TXN0021359,0
TXN0000727,0
TXN0048893,0
TXN0031711,0
TXN0014591,0
TXN0041901,0
TXN0022104,0
TXN0008169,0
TXN0023244,0
TXN0000331,0
TXN0039795,0
TXN0046577,0
TXN0000211,0
TXN0058845,0
TXN0035031,0
TXN0039111,0
TXN0058267,0
TXN0044135,0
TXN0003543,0
TXN0028740,0
TXN0034206,0
TXN0010707,0
TXN0019252,0
TXN0016251,0
TXN0013237,0
TXN0004792,0
TXN0042188,0
TXN0056676,0
TXN0054269,0
TXN0002017,0
TXN0030980,0
TXN0058852,0
TXN0039243,0
TXN0042274,0
TXN0050253,0
TXN0033688,0
TXN0024111,0
TXN0012171,0
TXN0031634,0
TXN0016396,0
TXN0004868,0
TXN0033586,0
TXN0048640,0
TXN0010976,0
TXN0056530,0
TXN0009896,0
TXN0000453,0
TXN0009241,0
TXN0042616,0
TXN0003457,0
TXN0056384,0
TXN0057573,0
TXN0017043,0
TXN0036901,0
TXN0023806,0
TXN0029715,0
TXN0033108,0
TXN0033708,0
TXN0035507,0
TXN0025988,0
TXN0044564,0
TXN0036964,0
TXN0033638,0
TXN0002786,0
TXN0059459,0
TXN0036839,0
TXN0029825,0
TXN0046422,0
TXN0024074,0
TXN0008222,0
TXN0008123,0
TXN0039131,0
TXN0047218,0
TXN0005796,0
TXN0036445,0
TXN0008864,0
TXN0058059,0
TXN0054423,0
TXN0029680,0
TXN0041570,0
TXN0005188,0
TXN0052850,0
TXN0017492,0
TXN0049544,0
TXN0043076,0
TXN0019613,0
TXN0035030,0
TXN0019157,0
TXN0051667,0
TXN0005057,0
TXN0022219,0
TXN0020710,0
TXN0053274,0
TXN0013186,0
TXN0001779,0
TXN0035321,0
TXNS00302,1
TXN0002686,0
TXN0001040,0
TXN0058224,0
TXN0024931,0
TXN0016939,0
TXN0003071,0
TXN0020858,0
TXN0040297,0
TXN0051018,0
TXN0054114,0
TXN0053531,0
TXN0029844,0
TXN0007766,0
TXN0043813,0
TXN0028561,0
TXN0055407,0
TXN0015682,0
TXN0056229,0
TXN0015663,0
TXN0015128,0
TXN0012031,0
TXN0052676,0
TXN0007961,0
TXN0040167,0
TXN0001906,0
TXN0029505,0
TXN0025345,0
TXN0050402,0
TXN0010303,0
TXN0013503,0
TXN0038607,0
TXN0002024,0
TXN0056435,0
TXN0054204,0
TXN0041787,0
TXN0043662,0
TXN0017397,0
TXN0047599,0
TXN0000028,0
TXN0009718,0
TXN0053750,0
TXN0033123,0
TXN0003170,0
TXN0048151,0
TXN0031663,0
TXN0056971,0
TXN0011560,0
TXN0038411,0
TXN0018460,0
TXN0003675,0
TXN0015450,0
TXN0020608,0
TXN0050116,0
TXN0046531,0
TXN0006749,0
TXN0032888,0
TXN0006794,0
TXN0053375,0
TXN0020612,0
TXN0038347,0
TXN0046451,0
TXN0000328,0
TXN0004710,0
TXN0019665,0
TXN0002370,0
TXN0038290,0
TXN0035312,0
TXN0015791,0
TXN0027382,0
TXN0043845,0
TXN0054678,0
TXN0010871,0
TXN0018562,0
TXN0004898,0
TXN0037921,0
TXN0001209,0
TXN0013362,0
TXN0051231,0
TXN0045836,0
TXN0055970,0
TXN0025473,0
TXN0035891,0
TXN0000078,0
TXN0026120,0
TXN0051216,0
TXN0058385,0
TXN0050585,0
TXN0056080,0
TXN0045780,0
TXN0058818,0
TXN0041905,0
TXN0029799,0
TXN0050095,0
TXN0057212,0
TXN0005682,0
TXN0009493,0
TXN0053031,0
TXN0054215,0
TXN0020390,0
TXN0037637,0
TXN0015605,0
TXN0014485,0
TXN0006213,0
TXN0019641,0
TXN0034550,0
TXN0039753,0
TXN0013275,0
TXN0005544,0
TXN0034714,0
TXN0021137,0
TXN0059012,0
TXN0057829,0
TXN0017061,0
TXN0014385,0
TXN0027181,0
TXN0006789,0
TXN0034160,0
TXN0043429,0
TXN0049904,0
TXN0026287,0
TXN0020121,0
TXN0059838,0
TXN0039462,0
TXN0044748,0
TXN0035983,0
TXN0008989,0
TXN0012404,0
TXN0009969,0
TXN0012305,0
TXN0001770,0
TXN0022368,0
TXN0051610,0
TXN0054635,0
TXN0010912,0
TXN0044443,0
TXN0030988,0
TXN0035790,0
TXN0028804,0
TXN0038169,0
TXN0007856,0
TXN0010100,0
TXN0039643,0
TXN0043113,0
TXN0046724,0
TXN0021575,0
TXN0037387,0
TXN0028185,0
TXN0054294,0
TXN0008719,0
TXN0008558,0
TXN0057000,0
TXN0047058,0
TXN0012516,0
TXN0024530,0
TXN0040736,0
TXN0020648,0
TXN0024251,0
TXN0012454,0
TXN0043420,0
TXN0006825,0
TXN0042879,0
TXN0031826,0
TXN0049853,0
TXN0022554,0
TXN0034841,0
TXN0040927,0
TXN0056151,0
TXN0004423,0
TXN0044927,0
TXN0006862,0
TXN0039754,0
TXN0021252,0
TXN0009490,0
TXN0020760,0
TXN0048615,0
TXN0015635,0
TXN0040050,0
TXN0035694,0
TXN0057047,0
TXN0009825,0
TXN0009479,0
TXN0008733,0
TXN0056092,0
TXN0016874,0
TXN0020081,0
TXN0002013,0
TXN0040634,0
TXN0038445,0
TXN0033715,0
TXN0033383,0
TXN0002147,0
TXN0041556,0
TXN0039897,0
TXN0052821,0
TXN0055628,0
TXN0009699,0
TXN0054599,0
TXN0043723,0
TXN0006841,0
TXN0026811,0
TXN0017194,0
TXN0006269,0
TXN0049464,0
TXN0002073,0
TXN0042498,0
TXN0037260,0
TXN0055703,0
TXN0040502,0
TXN0033653,0
TXN0018174,0
TXN0011334,0
TXN0014621,0
TXN0015332,0
TXN0040097,0
TXN0042968,0
TXN0003895,0
TXN0000767,0
TXN0058977,0
TXN0050281,0
TXN0041017,0
TXN0050335,0
TXN0018029,0
TXN0008012,0
TXN0059434,0
TXN0043359,0
TXN0028801,0
TXN0028718,0
TXN0016363,0
TXN0052783,0
TXN0024747,0
TXN0000808,0
TXN0024309,0
TXN0001468,0
TXN0030337,0
TXN0049622,0
TXN0010550,0
TXN0035490,0
TXN0005419,0
TXN0056637,0
TXN0017548,0
TXN0044722,0
TXN0034328,0
TXN0021059,0
TXN0012673,0
TXN0006041,0
TXN0012061,0
TXN0047356,0
TXN0059546,0
TXN0058011,0
TXN0031362,0
TXN0025628,0
TXN0018635,0
TXN0034929,0
TXN0049693,0
TXN0021058,0
TXN0023840,0
TXN0009247,0
TXN0056784,0
TXN0037420,0
TXN0025502,0
TXN0046660,0
TXN0015733,0
TXN0010116,0
TXN0022763,0
TXN0007265,0
TXN0029483,0
TXN0056043,0
TXN0050227,0
TXN0042075,0
TXN0036704,0
TXN0011725,0
TXN0057973,0
TXN0015043,0
TXN0023525,0
TXN0027608,0
TXN0036975,0
TXN0023097,0
TXN0030974,0
TXN0031673,0
TXN0014033,0
TXN0056801,0
TXN0026028,0
TXN0034917,0
TXN0045929,0
TXN0020541,0
TXN0031345,0
TXN0026498,0
TXN0000074,0
TXN0000719,0
TXN0023723,0
TXN0036784,0
TXN0052546,0
TXN0045809,0
TXN0047363,0
TXN0003932,0
TXN0014670,0
TXN0049833,0
TXN0052701,0
TXN0048270,0
TXN0057325,0
TXN0002509,0
TXN0040049,0
TXN0042012,0
TXN0051181,0
TXN0032317,0
TXN0030728,0
TXN0054773,0
TXN0004067,0
TXN0020104,0
TXN0013100,0
TXN0030544,0
TXN0027818,0
TXN0003145,0
TXN0056496,0
TXN0017513,0
TXN0008697,0
TXN0052235,0
TXN0030562,0
TXN0037899,0
TXN0024310,0
TXN0024845,0
TXN0049692,0
TXN0020619,0
TXN0024207,0
TXN0040164,0
TXN0052144,0
TXN0044328,0
TXN0017138,0
TXN0001537,0
TXN0055148,0
TXN0056249,0
TXN0035310,0
TXN0006073,0
TXN0052253,0
TXN0020409,0
TXN0021602,0
TXN0023610,0
TXN0031629,0
TXN0033005,0
TXN0020655,0
TXN0022259,0
TXN0049252,0
TXN0006093,0
TXN0053781,0
TXN0037960,0
TXN0037534,0
TXN0029883,0
TXN0001620,0
TXN0008793,0
TXN0021301,0
TXN0001308,0
TXN0014374,0
TXN0001582,0
TXN0055051,0
TXN0057769,0
TXN0035199,0
TXN0046691,0
TXN0001044,0
TXN0056472,0
TXN0037777,0
TXN0007633,0
TXN0010931,0
TXN0043299,0
TXN0026691,0
TXN0038563,0
TXN0031076,0
TXN0038259,0
TXN0055116,0
TXN0049770,0
TXN0020183,0
TXN0044565,0
TXN0051254,0
TXN0046719,0
TXN0001600,0
TXN0054766,0
TXN0001849,0
TXN0001752,0
TXN0034808,0
TXN0018467,0
TXN0040733,0
TXN0037999,0
TXN0033314,0
TXN0038967,0
TXN0055408,0
TXN0005147,0
TXN0025251,0
TXN0010737,0
TXN0018051,0
TXN0012191,0
TXN0010694,0
TXN0022398,0
TXN0054119,0
TXN0039937,0
TXN0032334,0
TXN0016559,0
TXN0022372,0
TXN0011801,0
TXN0034864,0
TXN0020171,0
TXN0028930,0
TXN0046118,0
TXN0014650,0
TXN0048070,0
TXN0015574,0
TXN0043185,0
TXN0044009,0
TXN0041256,0
TXN0009318,0
TXN0057970,0
TXN0018825,0
TXN0050725,0
TXN0017706,0
TXN0024398,0
TXN0027328,0
TXN0046858,0
TXN0036833,0
TXN0015096,0
TXN0001294,0
TXN0029583,0
TXN0048334,0
TXN0030962,0
TXN0034768,0
TXN0034831,0
TXN0028647,0
TXN0049103,0
TXN0034275,0
TXN0039451,0
TXN0020002,0
TXN0005577,0
TXN0035660,0
TXN0040857,0
TXN0005611,0
TXN0051175,0
TXN0005077,0
TXN0005335,0
TXN0009546,0
TXN0023350,0
TXN0004141,0
TXN0007938,0
TXN0053646,0
TXN0058365,0
TXN0013036,0
TXN0054066,0
TXN0030836,0
TXN0038784,0
TXN0012224,0
TXN0023104,0
TXN0050387,0
TXN0009583,0
TXN0021015,0
TXN0031846,0
TXN0027027,0
TXN0058927,0
TXN0045717,0
TXN0002251,0
TXN0025601,0
TXN0003670,0
TXN0051716,0
TXN0025401,0
TXN0050712,0
TXN0025212,0
TXN0030725,0
TXN0052295,0
TXN0013436,0
TXN0037528,0
TXN0017331,0
TXN0011689,0
TXN0023369,0
TXN0053065,0
TXN0042112,0
TXN0014196,0
TXN0031816,0
TXN0054171,0
TXN0020269,0
TXN0059573,0
TXN0049434,0
TXN0012963,0
TXN0051274,0
TXN0044678,0
TXN0006697,0
TXN0025820,0
TXN0056036,0
TXN0027867,0
TXN0023515,0
TXN0038826,0
TXN0017948,0
TXN0058094,0
TXN0037466,0
TXN0010750,0
TXN0003320,0
TXN0021576,0
TXN0048632,0
TXN0010464,0
TXN0030733,0
TXN0012446,0
TXN0004773,0
TXN0039343,0
TXN0054497,0
TXN0037477,0
TXN0049999,0
TXN0031836,0
TXN0051197,0
TXN0049990,0
TXN0046421,0
TXN0041508,0
TXN0023916,0
TXN0054981,0
TXN0024143,0
TXN0020981,0
TXN0030492,0
TXN0025993,0
TXN0038553,0
TXN0048733,0
TXN0049756,0
TXN0013560,0
TXN0043038,0
TXN0058456,0
TXN0039993,0
TXN0002311,0
TXN0028919,0
TXN0052867,0
TXN0023380,0
TXN0029685,0
TXN0012658,0
TXN0008391,0
TXN0047636,0
TXN0041445,0
TXN0015167,0
TXN0012916,0
TXN0002823,0
TXN0004551,0
TXN0038104,0
TXN0011437,0
TXN0020837,0
TXN0056658,0
TXN0028477,0
TXN0046777,0
TXN0011353,0
TXN0003749,0
TXN0043162,0
TXN0016821,0
TXN0016532,0
TXN0027370,0
TXN0008399,0
TXN0009079,0
TXN0000524,0
TXN0055063,0
TXN0030766,0
TXN0025523,0
TXN0046500,0
TXN0003727,0
TXN0009472,0
TXN0023183,0
TXN0032890,0
TXN0020750,0
TXN0030461,0
TXN0015620,0
TXN0042567,0
TXN0058900,0
TXN0002283,0
TXN0002302,0
TXN0023781,0
TXN0044377,0
TXN0003052,0
TXN0014292,0
TXN0005820,0
TXN0047321,0
TXN0028036,0
TXN0050659,0
TXN0049538,0
TXN0015173,0
TXN0019950,0
TXN0000048,0
TXN0026708,0
TXN0016885,0
TXN0047779,0
TXN0031819,0
TXN0035953,0
TXN0014345,0
TXN0048542,0
TXN0000229,0
TXN0001211,0
TXN0035592,0
TXN0008772,0
TXN0033737,0
TXN0035775,0
TXN0029163,0
TXN0020689,0
TXN0059475,0
TXN0017458,0
TXN0010942,0
TXN0001986,0
TXN0056261,0
TXN0039978,0
TXN0035712,0
TXN0043678,0
TXN0053360,0
TXN0055960,0
TXN0025022,0
TXN0014016,0
TXN0026746,0
TXN0037201,0
TXN0052941,0
TXN0052805,0
TXN0036929,0
TXN0003117,0
TXN0017509,0
TXN0011232,0
TXN0038090,0
TXN0013753,0
TXN0052844,0
TXN0006240,0
TXN0035187,0
TXN0012316,0
TXN0006207,0
TXN0013303,0
TXN0007170,0
TXN0047997,0
TXN0029443,0
TXN0023590,0
TXN0052544,0
TXN0033785,0
TXN0037500,0
TXN0028853,0
TXN0024127,0
TXN0018312,0
TXN0000350,0
TXN0047663,0
TXN0055111,0
TXN0032991,0
TXN0036404,0
TXN0059122,0
TXN0025563,0
TXN0053201,0
TXN0035268,0
TXN0058731,0
TXN0054645,0
TXN0033332,0
TXN0046505,0
TXN0010367,0
TXN0033690,0
TXN0003385,0
TXN0036701,0
TXN0030554,0
TXN0031932,0
TXN0007959,0
TXN0019091,0
TXN0014516,0
TXN0059641,0
TXN0059752,0
TXN0022340,0
TXN0030522,0
TXN0036303,0
TXN0027304,0
TXN0018316,0
TXN0026973,0
TXN0047617,0
TXN0028315,0
TXN0007777,0
TXN0032930,0
TXN0017205,0
TXN0026639,0
TXN0039136,0
TXN0024662,0
TXN0046379,0
TXN0054218,0
TXN0015994,0
TXN0059052,0
TXN0030286,0
TXN0010889,0
TXN0029150,0
TXN0044786,0
TXN0007645,0
TXN0014116,0
TXN0047476,0
TXN0009589,0
TXN0054737,0
TXN0002833,0
TXN0026756,0
TXN0023790,0
TXN0046705,0
TXN0053546,0
TXN0038176,0
TXN0024624,0
TXN0028324,0
TXN0050953,0
TXN0053572,0
TXN0009979,0
TXN0050983,0
TXN0018259,0
TXN0014549,0
TXN0036863,0
TXN0019073,0
TXN0050341,0
TXN0003990,0
TXN0040828,0
TXN0043333,0
TXN0055908,0
TXN0048784,0
TXN0050726,0
TXN0039307,0
TXN0049048,0
TXN0014799,0
TXN0054024,0
TXN0002785,0
TXN0043448,0
TXN0043539,0
TXN0043454,0
TXN0003880,0
TXN0033861,0
TXN0037953,0
TXN0056574,0
TXN0040522,0
TXN0011975,0
TXN0007746,0
TXN0053071,0
TXN0036713,0
TXN0026505,0
TXN0034932,0
TXN0035654,0
TXN0010109,0
TXN0025092,0
TXN0037122,0
TXN0005666,0
TXN0032940,0
TXN0033407,0
TXN0003407,0
TXN0022880,0
TXN0005065,0
TXN0001548,0
TXN0007435,0
TXN0043700,0
TXN0010024,0
TXN0033804,0
TXN0011814,0
TXN0014419,0
TXN0018827,0
TXN0029113,0
TXN0052548,0
TXN0008418,0
TXN0009582,0
TXN0054407,0
TXN0043481,0
TXN0028666,0
TXN0012458,0
TXN0013107,0
TXN0041025,0
TXN0012467,0
TXN0032332,0
TXN0055058,0
TXN0054644,0
TXN0033122,0
TXN0053023,0
TXN0038672,0
TXN0045722,0
TXN0033932,0
TXN0000845,0
TXN0025389,0
TXN0003395,0
TXN0047564,0
TXN0011559,0
TXN0045528,0
TXN0023147,0
TXN0003127,0
TXN0042462,0
TXN0015138,0
TXN0041269,0
TXN0053944,0
TXN0055239,0
TXN0046562,0
TXN0000954,0
TXN0016535,0
TXN0003587,0
TXN0003557,0
TXN0055075,0
TXN0028948,0
TXN0043730,0
TXN0045772,0
TXN0057374,0
TXN0026569,0
TXN0049476,0
TXN0048773,0
TXN0037939,0
TXN0006743,0
TXN0040166,0
TXN0011267,0
TXN0028481,0
TXN0058462,0
TXN0009484,0
TXN0046598,0
TXN0016892,0
TXN0013890,0
TXN0052840,0
TXN0024405,0
TXN0018645,0
TXN0023042,0
TXN0056966,0
TXN0008177,0
TXN0011620,0
TXN0007857,0
TXN0020805,0
TXN0017485,0
TXN0054940,0
TXN0035371,0
TXN0008609,0
TXN0008061,0
TXN0036018,0
TXN0012601,0
TXN0028716,0
TXN0048625,0
TXN0033477,0
TXN0032886,0
TXN0042982,0
TXN0004598,0
TXN0002042,0
TXN0040187,0
TXN0006130,0
TXN0050654,0
TXN0031528,0
TXN0033085,0
TXN0010566,0
TXN0038083,0
TXN0002064,0
TXN0014457,0
TXN0013419,0
TXN0029661,0
TXN0022990,0
TXN0045641,0
TXN0031169,0
TXN0047761,0
TXN0021387,0
TXN0006523,0
TXN0025957,0
TXN0027433,0
TXN0038507,0
TXN0039044,0
TXN0014953,0
TXN0030859,0
TXN0005470,0
TXN0022200,0
TXN0014336,0
TXN0030936,0
TXN0049239,0
TXN0024014,0
TXN0036931,0
TXN0027301,0
TXN0013180,0
TXN0033171,0
TXN0037679,0
TXN0027926,0
TXN0011422,0
TXN0042133,0
TXN0055153,0
TXN0006378,0
TXN0018625,0
TXN0019867,0
TXN0014744,0
TXN0053553,0
TXN0036307,0
TXN0006310,0
TXN0009219,0
TXN0038285,0
TXN0035362,0
TXN0058648,0
TXN0051654,0
TXN0031213,0
TXN0043002,0
TXN0053931,0
TXN0039422,0
TXN0014266,0
TXN0015867,0
TXN0050577,0
TXN0021411,0
TXN0059959,0
TXN0021665,0
TXN0053253,0
TXN0001502,0
TXN0027445,0
TXN0026183,0
TXN0029777,0
TXN0057955,0
TXN0030640,0
TXN0000678,0
TXN0016378,0
TXN0005851,0
TXN0007194,0
TXN0016301,0
TXN0042863,0
TXN0029841,0
TXN0002939,0
TXN0045158,0
TXN0034618,0
TXN0022906,0
TXN0001070,0
TXN0017929,0
TXN0006784,0
TXN0014444,0
TXN0010672,0
TXN0019156,0
TXN0036160,0
TXN0050251,0
TXN0050901,0
TXN0049570,0
TXN0053616,0
TXN0050071,0
TXN0042907,0
TXN0047374,0
TXN0027912,0
TXN0019790,0
TXN0021120,0
TXN0041168,0
TXN0021782,0
TXN0028258,0
TXN0028362,0
TXN0049495,0
TXN0037661,0
TXN0008720,0
TXN0054878,0
TXN0017106,0
TXN0021560,0
TXN0057791,0
TXN0050839,0
TXN0041266,0
TXN0019159,0
TXN0056585,0
TXN0049355,0
TXN0052720,0
TXN0038885,0
TXN0012716,0
TXN0039335,0
TXN0024099,0
TXN0005670,0
TXN0024518,0
TXN0008949,0
TXN0021876,0
TXN0059054,0
TXN0031556,0
TXN0026128,0
TXN0046098,0
TXN0055534,0
TXN0033342,0
TXN0024833,0
TXN0011182,0
TXN0037146,0
TXN0025616,0
TXN0056923,0
TXN0015123,0
TXN0016698,0
TXN0030761,0
TXN0041662,0
TXN0027765,0
TXN0058657,0
TXN0008695,0
TXN0022738,0
TXN0010514,0
TXN0010748,0
TXN0017232,0
TXN0035016,0
TXN0015958,0
TXN0038384,0
TXN0031692,0
TXN0058830,0
TXN0046277,0
TXN0022486,0
TXN0052563,0
TXN0024502,0
TXN0028513,0
TXN0030828,0
TXN0027307,0
TXN0021939,0
TXN0038867,0
TXN0014390,0
TXN0033765,0
TXN0012926,0
TXN0025752,0
TXN0044354,0
TXN0049703,0
TXN0029416,0
TXN0040162,0
TXN0020756,0
TXN0019881,0
TXN0017794,0
TXN0047340,0
TXN0008032,0
TXN0001407,0
TXN0028690,0
TXN0057824,0
TXN0056517,0
TXN0014021,0
TXN0014254,0
TXN0046609,0
TXN0018196,0
TXN0031351,0
TXN0044548,0
TXN0053814,0
TXN0033461,0
TXN0010725,0
TXN0021395,0
TXN0003443,0
TXN0009174,0
TXN0056103,0
TXN0004175,0
TXN0013844,0
TXN0043226,0
TXN0055378,0
TXN0013382,0
TXN0026424,0
TXN0016645,0
TXN0011529,0
TXN0015979,0
TXN0038265,0
TXN0036643,0
TXN0020400,0
TXN0003626,0
TXN0039132,0
TXN0049597,0
TXN0039520,0
TXN0037879,0
TXN0014157,0
TXN0048780,0
TXN0036323,0
TXN0010386,0
TXN0030270,0
TXN0055993,0
TXN0019751,0
TXN0003516,0
TXN0043827,0
TXN0035294,0
TXN0015032,0
TXN0051848,0
TXN0045124,0
TXN0001168,0
TXN0048904,0
TXN0020528,0
TXN0040660,0
TXN0024660,0
TXN0003149,0
TXN0044774,0
TXN0017264,0
TXN0023956,0
TXN0019122,0
TXN0013439,0
TXN0034235,0
TXN0008154,0
TXN0055653,0
TXN0013833,0
TXN0044921,0
TXN0049604,0
TXN0028902,0
TXN0057844,0
TXN0029992,0
TXN0004137,0
TXN0019423,0
TXN0054809,0
TXN0004150,0
TXN0039236,0
TXN0014017,0
TXN0049731,0
TXN0006571,0
TXN0028408,0
TXN0015366,0
TXN0023851,0
TXN0055733,0
TXN0040978,0
TXN0015155,0
TXN0013779,0
TXN0033635,0
TXN0027043,0
TXN0015761,0
TXN0055655,0
TXN0000402,0
TXN0037196,0
TXN0058027,0
TXN0003057,0
TXN0057555,0
TXN0039828,0
TXN0049316,0
TXN0047631,0
TXN0043158,0
TXN0044115,0
TXN0044980,0
TXN0003317,0
TXN0012118,0
TXN0040633,0
TXN0023595,0
TXN0012126,0
TXN0039619,0
TXN0018231,0
TXN0059387,0
TXN0017718,0
TXN0025163,0
TXN0038523,0
TXN0058106,0
TXN0006997,0
TXN0058958,0
TXN0054622,0
TXN0000706,0
TXN0003491,0
TXN0015339,0
TXN0037341,0
TXN0046015,0
TXN0015823,0
TXN0054768,0
TXN0024090,0
TXN0007054,0
TXN0005580,0
TXN0031416,0
TXN0035919,0
TXN0039385,0
TXN0031099,0
TXN0059197,0
TXN0011991,0
TXN0036790,0
TXN0032353,0
TXN0038698,0
TXN0025650,0
TXN0002607,0
TXN0044398,0
TXN0041886,0
TXN0041950,0
TXN0002429,0
TXN0049398,0
TXN0003815,0
TXN0037335,0
TXN0056919,0
TXN0018646,0
TXN0000835,0
TXN0046024,0
TXN0047162,0
TXN0008624,0
TXN0033941,0
TXN0025494,0
TXN0022821,0
TXN0005565,0
TXN0040870,0
TXN0048885,0
TXN0021673,0
TXN0028333,0
TXN0040866,0
TXN0004951,0
TXN0015194,0
TXN0049402,0
TXN0018799,0
TXN0059842,0
TXN0023718,0
TXN0019177,0
TXN0011332,0
TXN0040563,0
TXN0059366,0
TXN0036175,0
TXN0027675,0
TXN0025009,0
TXN0052629,0
TXN0048552,0
TXN0008963,0
TXN0034765,0
TXN0008417,0
TXN0012278,0
TXN0030328,0
TXN0027710,0
TXN0005629,0
TXN0036770,0
TXN0054162,0
TXN0037521,0
TXN0042292,0
TXN0049724,0
TXN0054692,0
TXN0026019,0
TXN0003681,0
TXN0019403,0
TXN0040216,0
TXN0029475,0
TXN0051579,0
TXN0045903,0
TXN0003985,0
TXN0015198,0
TXN0053133,0
TXN0041973,0
TXN0052607,0
TXN0020786,0
TXN0037045,0
TXN0003666,0
TXN0008412,0
TXN0018830,0
TXN0023205,0
TXN0033422,0
TXN0039288,0
TXN0046762,0
TXN0022834,0
TXN0025343,0
TXN0019556,0
TXN0050375,0
TXN0048232,0
TXN0011831,0
TXN0028742,0
TXN0016928,0
TXN0033972,0
TXN0035651,0
TXN0041381,0
TXN0042025,0
TXN0007242,0
TXN0002637,0
TXN0057503,0
TXN0019049,0
TXN0052434,0
TXN0018252,0
TXN0048353,0
TXN0000877,0
TXN0027105,0
TXN0059782,0
TXN0027959,0
TXN0004379,0
TXN0011957,0
TXN0019187,0
TXN0027573,0
TXN0003908,0
TXN0010763,0
TXN0040456,0
TXN0026331,0
TXN0058040,0
TXN0024831,0
TXN0020836,0
TXN0030297,0
TXN0040843,0
TXN0014635,0
TXN0032152,0
TXN0013161,0
TXN0031390,0
TXN0006479,0
TXN0004711,0
TXN0041214,0
TXN0012476,0
TXN0033757,0
TXN0035450,0
TXN0026535,0
TXN0042470,0
TXN0020698,0
TXN0017392,0
TXN0039148,0
TXN0023023,0
TXN0022356,0
TXN0052729,0
TXN0043964,0
TXN0040555,0
TXN0022538,0
TXN0029571,0
TXN0027200,0
TXN0051028,0
TXN0048867,0
TXN0036591,0
TXN0021646,0
TXN0008446,0
TXN0052735,0
TXN0029087,0
TXN0037927,0
TXN0001798,0
TXN0017143,0
TXN0000654,0
TXN0054038,0
TXN0005812,0
TXN0021672,0
TXN0002892,0
TXN0048947,0
TXN0058179,0
TXN0005636,0
TXN0009612,0
TXN0003044,0
TXN0057452,0
TXN0024904,0
TXN0021691,0
TXN0041213,0
TXN0053941,0
TXN0006159,0
TXN0013515,0
TXN0045337,0
TXN0006022,0
TXN0037860,0
TXN0056580,0
TXN0013569,0
TXN0011211,0
TXN0011221,0
TXN0047588,0
TXN0010828,0
TXN0023121,0
TXN0004763,0
TXN0050283,0
TXN0027594,0
TXN0003659,0
TXN0003326,0
TXN0009465,0
TXN0047801,0
TXN0002663,0
TXN0025938,0
TXN0055509,0
TXN0027829,0
TXN0021917,0
TXN0011673,0
TXN0059611,0
TXN0030831,0
TXN0055689,0
TXN0058295,0
TXN0034695,0
TXN0053760,0
TXN0046900,0
TXN0033313,0
TXNS00601,1
TXN0002880,0
TXN0022223,0
TXN0046330,0
TXN0042262,0
TXN0009145,0
TXN0032018,0
TXN0021341,0
TXN0029412,0
TXN0055275,0
TXN0011154,0
TXN0027689,0
TXN0016195,0
TXN0037388,0
TXN0033710,0
TXN0058639,0
TXN0019619,0
TXN0057559,0
TXN0049345,0
TXN0049290,0
TXN0041136,0
TXN0041395,0
TXN0024918,0
TXN0031625,0
TXN0016692,0
TXN0032427,0
TXN0050717,0
TXN0044924,0
TXN0006727,0
TXN0051287,0
TXN0040701,0
TXN0058297,0
TXN0059447,0
TXN0029553,0
TXN0020914,0
TXN0023777,0
TXN0023456,0
TXN0031406,0
TXN0012817,0
TXN0055988,0
TXN0028960,0
TXN0052857,0
TXN0058439,0
TXN0002623,0
TXN0022302,0
TXN0029148,0
TXN0041302,0
TXN0051069,0
TXN0049383,0
TXN0041139,0
TXN0051453,0
TXN0033505,0
TXN0019222,0
TXN0037706,0
TXN0024600,0
TXN0053988,0
TXN0046825,0
TXN0047647,0
TXN0014249,0
TXN0040115,0
TXN0052586,0
TXN0042281,0
TXN0042955,0
TXN0039263,0
TXN0000755,0
TXN0021304,0
TXN0002779,0
TXN0024503,0
TXN0046097,0
TXN0048570,0
TXN0056136,0
TXN0043046,0
TXN0030077,0
TXN0038968,0
TXN0020308,0
TXN0016453,0
TXN0021751,0
TXN0008084,0
TXN0015047,0
TXN0048247,0
TXN0038450,0
TXN0058920,0
TXN0048421,0
TXNS01112,1
TXN0018064,0
TXN0040325,0
TXN0041337,0
TXN0042429,0
TXN0015734,0
TXN0038729,0
TXN0018987,0
TXN0012373,0
TXN0030251,0
TXN0007868,0
TXN0001269,0
TXN0021797,0
TXN0046501,0
TXN0045465,0
TXN0054279,0
TXN0031624,0
TXN0028806,0
TXN0006998,0
TXN0030935,0
TXN0011283,0
TXN0027302,0
TXN0008669,0
TXN0009521,0
TXN0018667,0
TXN0020116,0
TXN0009045,0
TXN0023508,0
TXN0055963,0
TXN0059702,0
TXN0041833,0
TXN0023004,0
TXN0023331,0
TXN0005127,0
TXN0009327,0
TXN0029140,0
TXN0001545,0
TXN0000739,0
TXN0044340,0
TXN0010875,0
TXN0001674,0
TXN0016121,0
TXN0002567,0
TXN0029697,0
TXN0039752,0
TXN0039563,0
TXN0054545,0
TXN0004732,0
TXN0057304,0
TXN0033541,0
TXN0050017,0
TXN0008521,0
TXN0021584,0
TXN0057249,0
TXN0049793,0
TXN0032786,0
TXN0002244,0
TXN0003203,0
TXN0040056,0
TXN0028885,0
TXN0005204,0
TXN0030825,0
TXN0046476,0
TXN0039691,0
TXN0020224,0
TXN0055765,0
TXN0011998,0
TXN0043965,0
TXN0056920,0
TXN0046736,0
TXN0001936,0
TXN0045689,0
TXN0006665,0
TXN0003240,0
TXN0049697,0
TXN0036077,0
TXN0010358,0
TXN0000363,0
TXN0020107,0
TXN0043785,0
TXN0052499,0
TXN0024054,0
TXN0044557,0
TXN0037494,0
TXN0008738,0
TXN0019324,0
TXN0049623,0
TXN0034409,0
TXN0040775,0
TXN0020901,0
TXN0027914,0
TXN0001172,0
TXN0037268,0
TXN0046233,0
TXN0022469,0
TXN0036110,0
TXN0053183,0
TXN0036132,0
TXN0058080,0
TXN0000534,0
TXN0012665,0
TXN0034178,0
TXN0012479,0
TXN0049294,0
TXN0039434,0
TXN0044100,0
TXN0017199,0
TXN0022884,0
TXN0047668,0
TXN0023706,0
TXN0034899,0
TXN0034565,0
TXN0048146,0
TXN0040495,0
TXN0004575,0
TXN0005190,0
TXN0040935,0
TXN0019506,0
TXN0015732,0
TXN0030429,0
TXN0045178,0
TXN0020659,0
TXN0033291,0
TXN0003089,0
TXN0055332,0
TXN0044387,0
TXN0001996,0
TXN0021637,0
TXN0024813,0
TXN0050684,0
TXN0011819,0
TXN0044370,0
TXN0002831,0
TXN0008269,0
TXN0032355,0
TXN0026111,0
TXN0007489,0
TXN0015627,0
TXN0029878,0
TXN0054420,0
TXN0039469,0
TXN0001299,0
TXN0031315,0
TXN0039041,0
TXN0005499,0
TXN0006447,0
TXN0015613,0
TXN0047894,0
TXN0056964,0
TXN0017864,0
TXN0027369,0
TXN0017985,0
TXN0042919,0
TXN0032559,0
TXN0007067,0
TXN0026905,0
TXN0056523,0
TXN0035709,0
TXN0026327,0
TXN0020045,0
TXN0015116,0
TXN0056048,0
TXN0041515,0
TXN0021209,0
TXN0025739,0
TXN0005680,0
TXN0011549,0
TXN0049549,0
TXN0034305,0
TXN0044953,0
TXN0052748,0
TXN0000067,0
TXN0005555,0
TXN0003010,0
TXN0017107,0
TXN0049452,0
TXN0040096,0
TXN0045254,0
TXN0036953,0
TXN0058634,0
TXN0047914,0
TXN0042317,0
TXN0044264,0
TXN0027718,0
TXN0013647,0
TXN0058624,0
TXN0038799,0
TXN0011397,0
TXN0013147,0
TXN0004582,0
TXN0003228,0
TXN0007367,0
TXN0010681,0
TXN0000143,0
TXN0018895,0
TXN0029813,0
TXN0023817,0
TXN0059606,0
TXN0039472,0
TXN0009344,0
TXN0014141,0
TXN0033980,0
TXN0029079,0
TXN0051671,0
TXN0018733,0
TXN0009261,0
TXN0046854,0
TXN0020085,0
TXN0055423,0
TXN0021811,0
TXN0020167,0
TXN0055651,0
TXN0025241,0
TXN0029238,0
TXN0023600,0
TXN0038762,0
TXN0027454,0
TXN0037040,0
TXN0047691,0
TXN0030699,0
TXN0053783,0
TXN0000786,0
TXN0011049,0
TXN0047553,0
TXN0018100,0
TXN0052825,0
TXN0015792,0
TXN0012379,0
TXN0007853,0
TXN0000153,0
TXN0054765,0
TXN0013016,0
TXN0014873,0
TXN0014259,0
TXN0037394,0
TXN0026870,0
TXN0017380,0
TXN0048091,0
TXN0056325,0
TXN0032922,0
TXN0011468,0
TXN0032363,0
TXN0022634,0
TXN0004654,0
TXN0008055,0
TXN0054810,0
TXN0023889,0
TXN0030851,0
TXN0008926,0
TXN0032924,0
TXN0035853,0
TXN0051272,0
TXN0001552,0
TXN0013393,0
TXN0033324,0
TXN0002148,0
TXN0044755,0
TXN0000495,0
TXN0013865,0
TXN0035089,0
TXN0050064,0
TXN0025161,0
TXN0032919,0
TXN0059228,0
TXN0055759,0
TXN0055014,0
TXN0001364,0
TXN0018122,0
TXN0019385,0
TXN0025693,0
TXN0051567,0
TXN0023345,0
TXN0029968,0
TXN0015696,0
TXN0019267,0
TXN0003720,0
TXN0039895,0
TXN0009533,0
TXN0026619,0
TXN0017272,0
TXN0038239,0
TXN0019585,0
TXN0004920,0
TXN0004823,0
TXN0031376,0
TXN0015479,0
TXN0045421,0
TXN0032167,0
TXN0016727,0
TXN0004136,0
TXN0019572,0
TXN0020906,0
TXN0051375,0
TXN0045156,0
TXN0027160,0
TXN0002121,0
TXN0006858,0
TXN0000992,0
TXN0046041,0
TXN0048639,0
TXN0016149,0
TXN0007382,0
TXN0059566,0
TXN0015630,0
TXN0026636,0
TXN0007366,0
TXN0057211,0
TXN0021118,0
TXN0050617,0
TXN0020977,0
TXN0058203,0
TXN0003565,0
TXN0005840,0
TXN0016667,0
TXN0059064,0
TXN0012861,0
TXN0022559,0
TXN0018984,0
TXN0041679,0
TXN0036919,0
TXN0016075,0
TXN0014271,0
TXN0014130,0
TXN0059665,0
TXN0020462,0
TXN0046270,0
TXN0010313,0
TXN0051844,0
TXN0023760,0
TXN0056972,0
TXN0045972,0
TXN0030435,0
TXN0004321,0
TXN0035929,0
TXN0035398,0
TXN0003174,0
TXN0035333,0
TXN0056852,0
TXN0017587,0
TXN0020028,0
TXN0048128,0
TXN0049768,0
TXN0026502,0
TXN0003114,0
TXN0043601,0
TXN0026655,0
TXN0057243,0
TXN0023110,0
TXN0046688,0
TXN0052086,0
TXN0035228,0
TXN0047682,0
TXN0044578,0
TXN0003225,0
TXN0040860,0
TXN0050509,0
TXN0020175,0
TXN0040566,0
TXN0008997,0
TXN0045654,0
TXN0056428,0
TXN0040544,0
TXN0014201,0
TXN0050742,0
TXN0048257,0
TXN0059731,0
TXN0035908,0
TXN0045240,0
TXN0038106,0
TXN0056644,0
TXN0025142,0
TXN0055458,0
TXN0049699,0
TXN0039886,0
TXN0006937,0
TXN0049178,0
TXN0017451,0
TXN0036686,0
TXN0029062,0
TXN0005529,0
TXN0005398,0
TXN0011360,0
TXN0014380,0
TXN0017285,0
TXN0056367,0
TXN0035897,0
TXN0010740,0
TXN0049589,0
TXN0008320,0
TXN0048467,0
TXN0043880,0
TXN0005269,0
TXN0034629,0
TXN0010891,0
TXN0059968,0
TXN0050256,0
TXN0024700,0
TXN0041993,0
TXN0032769,0
TXN0035474,0
TXN0013327,0
TXN0021709,0
TXN0043459,0
TXN0009196,0
TXN0039725,0
TXN0002155,0
TXN0019782,0
TXN0004011,0
TXN0058570,0
TXN0033302,0
TXN0011962,0
TXN0032016,0
TXN0030890,0
TXN0038591,0
TXN0049737,0
TXN0044643,0
TXN0012352,0
TXN0015323,0
TXN0055222,0
TXN0023065,0
TXN0009269,0
TXN0058378,0
TXN0032634,0
TXN0008683,0
TXN0042511,0
TXN0047028,0
TXN0047892,0
TXN0041856,0
TXN0016562,0
TXN0006464,0
TXN0026532,0
TXN0056660,0
TXN0029491,0
TXN0018300,0
TXN0027761,0
TXN0058372,0
TXN0026081,0
TXN0040875,0
TXN0014904,0
TXN0059404,0
TXN0034678,0
TXN0015927,0
TXN0028610,0
TXN0001301,0
TXN0023991,0
TXN0017517,0
TXN0001230,0
TXN0053623,0
TXN0027094,0
TXN0034085,0
TXN0004368,0
TXN0041081,0
TXN0027025,0
TXN0052409,0
TXN0013854,0
TXN0006080,0
TXN0055368,0
TXN0035369,0
TXN0006568,0
TXN0028060,0
TXN0018557,0
TXN0058973,0
TXN0012746,0
TXN0019989,0
TXN0013276,0
TXN0022813,0
TXN0029245,0
TXN0025186,0
TXN0007995,0
TXN0041910,0
TXN0036536,0
TXN0032574,0
TXN0037845,0
TXN0024658,0
TXN0044462,0
TXN0009599,0
TXN0004631,0
TXN0000240,0
TXN0048821,0
TXN0015424,0
TXN0029511,0
TXN0012197,0
TXN0057870,0
TXN0027155,0
TXN0053964,0
TXN0044229,0
TXN0027314,0
TXN0032439,0
TXN0007465,0
TXN0034635,0
TXN0052639,0
TXN0051720,0
TXN0035289,0
TXN0001820,0
TXN0002410,0
TXN0053409,0
TXN0008243,0
TXN0028464,0
TXN0039405,0
TXN0016576,0
TXN0037333,0
TXN0047685,0
TXN0029991,0
TXN0024326,0
TXN0013929,0
TXN0057352,0
TXN0006391,0
TXN0034886,0
TXN0042818,0
TXN0036547,0
TXN0041785,0
TXN0037729,0
TXN0002809,0
TXN0033266,0
TXN0011445,0
TXN0033686,0
TXN0054413,0
TXN0046158,0
TXN0046032,0
TXN0037052,0
TXN0054655,0
TXN0024746,0
TXN0000228,0
TXN0056701,0
TXN0035509,0
TXN0013329,0
TXN0011703,0
TXN0047116,0
TXN0009271,0
TXN0053680,0
TXN0043881,0
TXN0006001,0
TXN0004897,0
TXN0005583,0
TXN0051517,0
TXN0028229,0
TXN0040635,0
TXN0028899,0
TXN0019894,0
TXN0033896,0
TXN0053949,0
TXN0010400,0
TXN0034335,0
TXN0043066,0
TXN0034474,0
TXN0023834,0
TXN0003153,0
TXN0010364,0
TXN0011523,0
TXN0040067,0
TXN0000215,0
TXN0049664,0
TXN0039008,0
TXN0023488,0
TXN0026950,0
TXN0009824,0
TXN0035693,0
TXN0043258,0
TXN0009637,0
TXN0045212,0
TXN0035489,0
TXN0024277,0
TXNR0143,1
TXN0040277,0
TXN0035427,0
TXN0024426,0
TXN0001449,0
TXN0039620,0
TXN0026312,0
TXN0013799,0
TXN0027812,0
TXN0047922,0
TXN0054687,0
TXN0047551,0
TXN0028307,0
TXN0054859,0
TXN0055904,0
TXN0049112,0
TXN0029670,0
TXN0010832,0
TXN0048517,0
TXN0041821,0
TXN0034273,0
TXN0006054,0
TXN0054530,0
TXN0031875,0
TXN0036993,0
TXN0051702,0
TXN0058470,0
TXN0023824,0
TXN0058377,0
TXN0039536,0
TXN0035967,0
TXN0059351,0
TXN0006449,0
TXN0007951,0
TXN0028132,0
TXN0014626,0
TXN0050197,0
TXN0015804,0
TXN0051796,0
TXN0037203,0
TXN0011357,0
TXN0052952,0
TXN0013668,0
TXN0031105,0
TXN0014645,0
TXN0048474,0
TXN0018445,0
TXN0021029,0
TXN0027388,0
TXN0003775,0
TXN0016374,0
TXN0005596,0
TXN0034758,0
TXN0027125,0
TXN0042065,0
TXN0023649,0
TXN0048476,0
TXN0053602,0
TXN0057669,0
TXN0036942,0
TXN0053959,0
TXN0041505,0
TXN0041984,0
TXN0023308,0
TXN0029424,0
TXN0001907,0
TXN0015581,0
TXN0025855,0
TXN0010143,0
TXN0058619,0
TXN0041311,0
TXN0056905,0
TXN0033751,0
TXN0040801,0
TXN0038248,0
TXN0058108,0
TXN0047662,0
TXN0021181,0
TXN0024327,0
TXN0043254,0
TXN0037425,0
TXN0039182,0
TXN0015386,0
TXN0026181,0
TXN0035918,0
TXN0053525,0
TXN0048629,0
TXN0009265,0
TXN0038737,0
TXN0047766,0
TXN0044659,0
TXN0052091,0
TXN0030480,0
TXN0048222,0
TXN0029086,0
TXN0050492,0
TXN0059360,0
TXN0034159,0
TXN0033214,0
TXN0040205,0
TXN0053311,0
TXN0008802,0
TXN0055597,0
TXN0033139,0
TXN0038914,0
TXN0014559,0
TXN0042543,0
TXN0017796,0
TXN0057338,0
TXN0028386,0
TXN0051408,0
TXN0057358,0
TXN0022504,0
TXN0034980,0
TXN0005603,0
TXN0008881,0
TXN0022388,0
TXN0038185,0
TXN0004938,0
TXN0046202,0
TXN0020008,0
TXN0003158,0
TXN0020651,0
TXN0009158,0
TXN0031973,0
TXN0000463,0
TXN0050906,0
TXN0053266,0
TXN0000615,0
TXN0006380,0
TXN0020213,0
TXN0049530,0
TXN0044066,0
TXN0045763,0
TXN0008181,0
TXN0017719,0
TXN0046279,0
TXN0016574,0
TXN0002716,0
TXN0036736,0
TXN0026220,0
TXN0015240,0
TXN0030022,0
TXN0005178,0
TXN0059428,0
TXN0042771,0
TXN0022706,0
TXN0046407,0
TXN0053267,0
TXN0040157,0
TXN0051046,0
TXN0025783,0
TXN0021045,0
TXN0047124,0
TXN0049839,0
TXN0040537,0
TXN0023474,0
TXN0006221,0
TXN0013386,0
TXN0057644,0
TXN0028129,0
TXN0007037,0
TXN0015474,0
TXN0044414,0
TXN0048665,0
TXN0010570,0
TXN0015511,0
TXN0056203,0
TXN0054870,0
TXN0051333,0
TXN0006358,0
TXN0055916,0
TXN0006691,0
TXN0010785,0
TXN0015881,0
TXN0031898,0
TXN0033798,0
TXN0041932,0
TXN0051372,0
TXN0028350,0
TXN0042256,0
TXN0001577,0
TXN0023122,0
TXN0015859,0
TXN0032335,0
TXN0009947,0
TXN0036561,0
TXN0020039,0
TXN0020711,0
TXN0021493,0
TXN0017551,0
TXN0032728,0
TXN0059564,0
TXN0056968,0
TXN0048669,0
TXN0035685,0
TXN0005586,0
TXN0014605,0
TXN0039094,0
TXN0048674,0
TXN0031670,0
TXN0001515,0
TXN0035139,0
TXN0003432,0
TXN0051415,0
TXN0020863,0
TXN0004239,0
TXN0019773,0
TXN0034158,0
TXN0000893,0
TXN0050642,0
TXN0039867,0
TXN0026426,0
TXN0046805,0
TXN0005074,0
TXN0024900,0
TXN0025791,0
TXN0015187,0
TXN0002933,0
TXN0032330,0
TXN0029265,0
TXN0044130,0
TXN0043705,0
TXN0011970,0
TXN0058938,0
TXN0028022,0
TXN0001129,0
TXN0000731,0
TXN0011110,0
TXN0030329,0
TXN0003084,0
TXN0007297,0
TXN0037356,0
TXN0045264,0
TXN0031926,0
TXN0002795,0
TXN0025363,0
TXN0007601,0
TXN0000798,0
TXN0022616,0
TXN0017118,0
TXN0052598,0
TXN0051396,0
TXN0000178,0
TXN0044237,0
TXN0017558,0
TXN0013798,0
TXN0042598,0
TXN0017174,0
TXN0056992,0
TXN0032567,0
TXN0027777,0
TXN0032966,0
TXN0047411,0
TXN0024648,0
TXN0029769,0
TXN0016932,0
TXN0012940,0
TXN0049036,0
TXN0023849,0
TXN0011772,0
TXN0043492,0
TXN0038498,0
TXN0050292,0
TXN0046045,0
TXN0004616,0
TXN0015103,0
TXN0007533,0
TXN0052324,0
TXN0048623,0
TXN0000066,0
TXN0059251,0
TXN0037480,0
TXN0021598,0
TXN0044220,0
TXN0015689,0
TXN0056957,0
TXN0005033,0
TXN0039683,0
TXN0035340,0
TXN0057922,0
TXN0020225,0
TXN0017006,0
TXN0009873,0
TXN0038990,0
TXN0000787,0
TXN0003332,0
TXN0030966,0
TXN0059599,0
TXN0006008,0
TXN0024162,0
TXN0008334,0
TXN0049423,0
TXN0059704,0
TXN0006297,0
TXN0046216,0
TXN0043628,0
TXN0032264,0
TXN0001191,0
TXN0045246,0
TXN0000515,0
TXN0030734,0
TXN0049630,0
TXN0030024,0
TXN0037244,0
TXN0027223,0
TXN0021435,0
TXN0023283,0
TXN0043000,0
TXN0052721,0
TXN0050185,0
TXN0001001,0
TXN0014622,0
TXN0018982,0
TXN0017898,0
TXN0006191,0
TXN0014175,0
TXN0040005,0
TXN0005753,0
TXN0034836,0
TXN0040581,0
TXN0041004,0
TXN0016252,0
TXN0024920,0
TXN0015905,0
TXN0001462,0
TXN0047975,0
TXN0024299,0
TXN0018255,0
TXN0037344,0
TXN0042624,0
TXN0027464,0
TXN0054481,0
TXN0007349,0
TXN0004818,0
TXN0046994,0
TXN0000220,0
TXN0026337,0
TXN0053438,0
TXN0012632,0
TXN0019937,0
TXN0027773,0
TXN0004603,0
TXN0051628,0
TXN0037016,0
TXN0022499,0
TXN0051200,0
TXN0050210,0
TXN0039255,0
TXN0007036,0
TXN0042224,0
TXN0045201,0
TXN0005650,0
TXN0028311,0
TXN0017632,0
TXN0055485,0
TXN0058937,0
TXN0053429,0
TXN0029863,0
TXN0002881,0
TXN0018061,0
TXN0042058,0
TXN0022444,0
TXN0000901,0
TXN0018981,0
TXN0039932,0
TXN0051448,0
TXN0044362,0
TXN0034949,0
TXN0008488,0
TXN0042481,0
TXN0030232,0
TXN0051137,0
TXN0023464,0
TXN0008219,0
TXN0044432,0
TXN0001627,0
TXN0006772,0
TXN0012021,0
TXN0047204,0
TXN0014678,0
TXN0011440,0
TXN0053899,0
TXN0048940,0
TXN0056789,0
TXN0028967,0
TXN0040025,0
TXN0002580,0
TXN0040734,0
TXN0056690,0
TXN0034924,0
TXN0004340,0
TXN0055466,0
TXN0042330,0
TXN0035461,0
TXN0018771,0
TXN0046511,0
TXN0001073,0
TXN0021638,0
TXN0017065,0
TXN0037298,0
TXN0029351,0
TXN0032626,0
TXN0003159,0
TXN0038353,0
TXN0035755,0
TXN0021292,0
TXN0034650,0
TXN0021398,0
TXN0031334,0
TXN0018324,0
TXN0019680,0
TXN0005974,0
TXN0003729,0
TXN0000490,0
TXN0022092,0
TXN0033949,0
TXN0001375,0
TXN0037782,0
TXN0049002,0
TXN0031658,0
TXN0017010,0
TXN0004758,0
TXN0030341,0
TXN0010304,0
TXN0006040,0
TXN0028756,0
TXN0002841,0
TXN0036948,0
TXN0051413,0
TXN0036854,0
TXN0057348,0
TXN0002887,0
TXN0008876,0
TXN0020923,0
TXN0045039,0
TXN0023067,0
TXN0039439,0
TXN0014997,0
TXN0022837,0
TXN0041979,0
TXN0017750,0
TXN0056860,0
TXN0045349,0
TXN0019023,0
TXN0017575,0
TXN0005602,0
TXN0032894,0
TXN0013921,0
TXN0005730,0
TXN0014745,0
TXN0005296,0
TXN0052349,0
TXN0045747,0
TXN0052090,0
TXN0013851,0
TXN0054721,0
TXN0017696,0
TXN0025274,0
TXN0042939,0
TXN0028379,0
TXN0020918,0
TXN0042833,0
TXN0044306,0
TXN0040437,0
TXN0006869,0
TXN0053475,0
TXN0021042,0
TXN0045760,0
TXN0043240,0
TXN0009943,0
TXN0009643,0
TXN0014892,0
TXN0045429,0
TXN0029709,0
TXN0039661,0
TXN0039449,0
TXN0038196,0
TXN0009190,0
TXN0057755,0
TXN0021650,0
TXN0003786,0
TXN0034552,0
TXN0029809,0
TXN0039884,0
TXN0049646,0
TXN0004683,0
TXN0042814,0
TXN0004270,0
TXN0032113,0
TXN0034806,0
TXN0020425,0
TXN0042049,0
TXN0019281,0
TXN0058155,0
TXN0054094,0
TXN0045203,0
TXN0048664,0
TXN0040644,0
TXN0003340,0
TXN0052817,0
TXN0019037,0
TXN0032230,0
TXN0044463,0
TXN0038679,0
TXN0014287,0
TXN0041863,0
TXN0041282,0
TXN0002031,0
TXN0021473,0
TXN0017197,0
TXN0007235,0
TXN0012755,0
TXN0015327,0
TXN0030951,0
TXN0020590,0
TXN0046751,0
TXN0029850,0
TXN0001079,0
TXN0018610,0
TXN0048219,0
TXN0056587,0
TXN0050494,0
TXN0028091,0
TXN0054762,0
TXN0027281,0
TXN0050971,0
TXN0052413,0
TXN0038417,0
TXN0027672,0
TXN0026026,0
TXN0048068,0
TXN0014318,0
TXN0028805,0
TXN0014506,0
TXN0036630,0
TXN0002936,0
TXN0003917,0
TXN0030063,0
TXN0034457,0
TXN0026299,0
TXN0028112,0
TXN0054807,0
TXN0047115,0
TXN0033073,0
TXN0036824,0
TXN0052151,0
TXN0053731,0
TXN0009837,0
TXN0050383,0
TXN0009706,0
TXN0035081,0
TXN0030720,0
TXN0026027,0
TXN0014308,0
TXN0053051,0
TXN0034581,0
TXN0019880,0
TXN0041798,0
TXN0002062,0
TXN0006470,0
TXN0017400,0
TXN0006477,0
TXN0038220,0
TXN0011279,0
TXN0029831,0
TXN0016940,0
TXN0029122,0
TXN0042674,0
TXN0059970,0
TXN0037038,0
TXN0008531,0
TXN0043129,0
TXN0020470,0
TXN0023047,0
TXN0009095,0
TXN0019522,0
TXN0053715,0
TXN0032092,0
TXN0016972,0
TXN0036133,0
TXN0051822,0
TXN0005515,0
TXN0011781,0
TXN0008226,0
TXN0015310,0
TXN0024604,0
TXN0035163,0
TXN0053156,0
TXN0005506,0
TXN0026478,0
TXN0051322,0
TXN0000924,0
TXN0040902,0
TXN0012070,0
TXN0050505,0
TXN0011706,0
TXN0041439,0
TXN0035892,0
TXN0022057,0
TXN0030916,0
TXN0019158,0
TXN0040388,0
TXN0006559,0
TXN0053436,0
TXN0041913,0
TXN0012720,0
TXN0042614,0
TXN0056150,0
TXN0041183,0
TXN0009627,0
TXN0005798,0
TXN0028557,0
TXN0022366,0
TXN0038650,0
TXN0009782,0
TXN0044116,0
TXN0027832,0
TXN0052248,0
TXN0026025,0
TXN0018565,0
TXN0019627,0
TXN0017857,0
TXN0038871,0
TXN0039516,0
TXN0029793,0
TXN0027843,0
TXN0013009,0
TXN0041850,0
TXN0053164,0
TXN0052871,0
TXN0031097,0
TXN0015966,0
TXN0056215,0
TXN0049056,0
TXN0025785,0
TXN0038308,0
TXN0033189,0
TXN0026347,0
TXN0048849,0
TXN0018690,0
TXN0024849,0
TXN0016555,0
TXN0003956,0
TXN0005606,0
TXN0059021,0
TXN0045825,0
TXN0024846,0
TXN0044148,0
TXN0034493,0
TXN0001184,0
TXN0026140,0
TXN0042742,0
TXN0049556,0
TXN0053079,0
TXN0033672,0
TXN0019878,0
TXN0008346,0
TXN0050013,0
TXN0007797,0
TXN0058337,0
TXN0006089,0
TXN0002080,0
TXN0040696,0
TXN0046621,0
TXN0055976,0
TXN0007933,0
TXN0010846,0
TXN0012177,0
TXN0009316,0
TXN0024594,0
TXN0051797,0
TXN0011927,0
TXN0009927,0
TXN0007211,0
TXN0021061,0
TXN0006533,0
TXN0005209,0
TXN0035414,0
TXN0010073,0
TXN0049593,0
TXN0043390,0
TXN0008448,0
TXN0039164,0
TXN0034246,0
TXN0028926,0
TXN0000692,0
TXN0048217,0
TXN0030225,0
TXN0056349,0
TXN0039133,0
TXN0056450,0
TXN0051307,0
TXN0007370,0
TXN0034069,0
TXN0007837,0
TXN0047645,0
TXN0036483,0
TXN0055841,0
TXN0024495,0
TXN0028633,0
TXN0005037,0
TXN0037167,0
TXN0013840,0
TXN0020900,0
TXN0030979,0
TXN0044062,0
TXN0007354,0
TXN0016122,0
TXN0008750,0
TXN0054944,0
TXN0027151,0
TXN0001436,0
TXN0000507,0
TXN0048785,0
TXN0038170,0
TXN0005930,0
TXN0058759,0
TXN0008947,0
TXN0059827,0
TXN0051491,0
TXN0012242,0
TXN0017303,0
TXN0028412,0
TXN0032263,0
TXN0004386,0
TXN0054133,0
TXN0045512,0
TXN0010310,0
TXN0050435,0
TXN0008921,0
TXN0008693,0
TXN0017027,0
TXN0025488,0
TXN0001539,0
TXN0009121,0
TXN0033979,0
TXN0015284,0
TXN0005867,0
TXN0035328,0
TXN0045875,0
TXN0022490,0
TXN0013029,0
TXN0011569,0
TXN0045436,0
TXN0021999,0
TXN0000390,0
TXN0017848,0
TXN0029001,0
TXN0017576,0
TXN0031728,0
TXN0056125,0
TXN0042832,0
TXN0032021,0
TXN0036358,0
TXN0011350,0
TXN0025081,0
TXN0041203,0
TXN0006719,0
TXN0015540,0
TXN0056679,0
TXN0049658,0
TXN0027241,0
TXN0014693,0
TXN0000946,0
TXN0048344,0
TXN0014327,0
TXN0014414,0
TXN0053301,0
TXN0035932,0
TXN0035315,0
TXN0032157,0
TXN0018157,0
TXN0013007,0
TXN0033040,0
TXN0020827,0
TXN0025373,0
TXN0036386,0
TXN0051533,0
TXN0027405,0
TXN0048291,0
TXN0007008,0
TXN0059962,0
TXN0058135,0
TXN0042037,0
TXN0017304,0
TXN0004633,0
TXN0031086,0
TXN0017130,0
TXN0040475,0
TXN0019953,0
TXN0041750,0
TXN0027052,0
TXN0054055,0
TXN0047080,0
TXN0030133,0
TXN0010762,0
TXN0013945,0
TXN0024941,0
TXN0014342,0
TXN0038367,0
TXN0009290,0
TXN0028931,0
TXN0015989,0
TXN0043123,0
TXN0032696,0
TXN0036405,0
TXN0020597,0
TXNS01121,1
TXN0025868,0
TXN0051064,0
TXN0021199,0
TXN0033367,0
TXN0021924,0
TXN0034420,0
TXN0055875,0
TXN0040874,0
TXN0031371,0
TXN0059723,0
TXN0001893,0
TXN0007833,0
TXN0032651,0
TXN0042904,0
TXN0044348,0
TXN0022886,0
TXN0020746,0
TXN0033030,0
TXN0000375,0
TXN0018350,0
TXN0030771,0
TXN0001466,0
TXN0012615,0
TXN0013543,0
TXN0048994,0
TXN0005696,0
TXN0017627,0
TXN0057395,0
TXN0054290,0
TXN0004837,0
TXN0054931,0
TXN0033709,0
TXN0054864,0
TXN0042431,0
TXN0052498,0
TXN0029098,0
TXN0019041,0
TXN0015882,0
TXN0046121,0
TXN0010905,0
TXN0050954,0
TXN0028621,0
TXN0058344,0
TXN0004875,0
TXN0039346,0
TXN0019183,0
TXN0020690,0
TXN0013331,0
TXN0056392,0
TXN0033066,0
TXN0044950,0
TXN0025625,0
TXN0023154,0
TXN0017241,0
TXN0040745,0
TXN0044231,0
TXN0002035,0
TXN0020423,0
TXN0010450,0
TXN0042932,0
TXN0018542,0
TXN0043059,0
TXN0017883,0
TXN0046165,0
TXN0052664,0
TXNS00520,1
TXN0046988,0
TXN0041612,0
TXN0006828,0
TXN0007130,0
TXN0040037,0
TXN0040722,0
TXN0020469,0
TXN0016626,0
TXN0057083,0
TXN0013990,0
TXN0035912,0
TXN0018028,0
TXN0047315,0
TXN0007371,0
TXN0040299,0
TXN0005594,0
TXN0027332,0
TXN0047291,0
TXN0047234,0
TXN0056027,0
TXN0054760,0
TXN0034844,0
TXN0004103,0
TXN0007493,0
TXN0055353,0
TXN0029377,0
TXN0038736,0
TXN0024704,0
TXN0015470,0
TXN0023988,0
TXN0026681,0
TXN0020350,0
TXN0054911,0
TXN0059846,0
TXN0050733,0
TXN0057124,0
TXN0039522,0
TXN0002575,0
TXN0030425,0
TXN0014389,0
TXN0049052,0
TXN0004042,0
TXN0050519,0
TXN0012853,0
TXN0004078,0
TXN0047014,0
TXN0007754,0
TXN0046934,0
TXN0032467,0
TXN0025216,0
TXN0042230,0
TXN0030791,0
TXN0015960,0
TXN0019162,0
TXN0037371,0
TXN0021316,0
TXN0014252,0
TXN0034753,0
TXN0020245,0
TXN0040542,0
TXN0009726,0
TXN0016709,0
TXN0048924,0
TXN0048328,0
TXN0043298,0
TXN0022778,0
TXN0044940,0
TXN0000935,0
TXN0004054,0
TXN0051389,0
TXN0057752,0
TXN0037997,0
TXN0045138,0
TXN0020955,0
TXN0013666,0
TXN0040222,0
TXN0034036,0
TXN0000864,0
TXN0045098,0
TXN0037710,0
TXN0002253,0
TXN0022394,0
TXN0049767,0
TXN0023382,0
TXN0016755,0
TXN0036634,0
TXN0043116,0
TXN0040708,0
TXN0033377,0
TXN0037419,0
TXN0057590,0
TXN0030005,0
TXN0025256,0
TXN0015886,0
TXN0038687,0
TXN0020013,0
TXN0014022,0
TXN0018748,0
TXN0007148,0
TXN0046416,0
TXN0043403,0
TXN0012997,0
TXN0020173,0
TXN0055654,0
TXN0005581,0
TXN0010900,0
TXN0005060,0
TXN0047802,0
TXN0009615,0
TXN0008044,0
TXN0017046,0
TXN0008386,0
TXN0014629,0
TXN0054631,0
TXN0028835,0
TXN0027564,0
TXN0042079,0
TXN0002776,0
TXN0046435,0
TXN0054564,0
TXN0043646,0
TXNS00922,1
TXN0007189,0
TXN0013731,0
TXN0005573,0
TXN0006135,0
TXN0029845,0
TXN0020811,0
TXN0010553,0
TXN0005247,0
TXN0021153,0
TXN0003981,0
TXN0024209,0
TXN0030564,0
TXN0011085,0
TXN0019053,0
TXN0027540,0
TXN0016663,0
TXN0045926,0
TXN0002172,0
TXN0032083,0
TXN0031899,0
TXN0055182,0
TXN0058016,0
TXN0041486,0
TXN0007452,0
TXN0048321,0
TXN0005197,0
TXN0026270,0
TXN0017793,0
TXN0013210,0
TXN0044439,0
TXN0048803,0
TXN0015995,0
TXN0058899,0
TXN0028992,0
TXN0021057,0
TXN0007206,0
TXN0021267,0
TXN0022191,0
TXN0003809,0
TXN0043512,0
TXN0042847,0
TXN0025097,0
TXN0045256,0
TXN0051033,0
TXN0021067,0
TXN0005543,0
TXN0048449,0
TXN0044632,0
TXN0048287,0
TXN0043169,0
TXN0029007,0
TXN0055486,0
TXN0029978,0
TXN0020947,0
TXN0053359,0
TXN0055164,0
TXN0032463,0
TXN0017653,0
TXN0029092,0
TXN0051502,0
TXN0041513,0
TXN0034152,0
TXN0053498,0
TXN0041804,0
TXN0045863,0
TXN0033065,0
TXN0008635,0
TXN0004873,0
TXN0053890,0
TXN0036635,0
TXN0013907,0
TXN0002077,0
TXN0015029,0
TXN0048443,0
TXN0014209,0
TXN0029327,0
TXN0024368,0
TXN0003009,0
TXN0018613,0
TXN0015216,0
TXN0019226,0
TXN0002537,0
TXN0049346,0
TXN0016395,0
TXN0040130,0
TXN0039404,0
TXN0007498,0
TXN0046250,0
TXN0041777,0
TXN0058696,0
TXN0020426,0
TXN0039321,0
TXN0010770,0
TXN0048899,0
TXN0032535,0
TXN0030313,0
TXN0021889,0
TXN0023238,0
TXN0021684,0
TXN0028635,0
TXN0037422,0
TXN0000320,0
TXN0007135,0
TXN0017755,0
TXN0059933,0
TXN0011984,0
TXN0035422,0
TXN0024881,0
TXN0044910,0
TXN0046489,0
TXN0052550,0
TXN0026627,0
TXN0033654,0
TXN0037770,0
TXN0058585,0
TXN0031831,0
TXN0003178,0
TXN0050078,0
TXN0000244,0
TXN0014758,0
TXN0023853,0
TXN0040975,0
TXN0016527,0
TXN0038751,0
TXN0032528,0
TXN0024535,0
TXN0035131,0
TXN0049281,0
TXN0001161,0
TXN0051059,0
TXN0059857,0
TXN0022337,0
TXN0000287,0
TXN0026206,0
TXN0046418,0
TXN0035230,0
TXN0010068,0
TXN0010680,0
TXN0012450,0
TXN0043485,0
TXN0041449,0
TXN0001170,0
TXN0004675,0
TXN0010374,0
TXN0046686,0
TXN0039560,0
TXN0031308,0
TXN0030497,0
TXN0044331,0
TXN0051011,0
TXN0026553,0
TXN0033045,0
TXN0054251,0
TXN0048714,0
TXN0023165,0
TXN0025491,0
TXN0028164,0
TXN0054647,0
TXN0003121,0
TXN0041347,0
TXN0017695,0
TXN0050184,0
TXN0041107,0
TXN0036174,0
TXN0022766,0
TXN0048243,0
TXN0031301,0
TXN0013861,0
TXN0056723,0
TXN0031730,0
TXN0045896,0
TXN0000931,0
TXN0030062,0
TXN0000691,0
TXN0035349,0
TXN0006364,0
TXN0018293,0
TXN0041789,0
TXN0043041,0
TXN0020950,0
TXN0059329,0
TXN0016428,0
TXN0020323,0
TXN0041909,0
TXN0039876,0
TXN0041743,0
TXN0004319,0
TXN0035733,0
TXN0003969,0
TXN0025763,0
TXN0004926,0
TXN0004933,0
TXN0014616,0
TXN0013971,0
TXN0058003,0
TXN0023862,0
TXN0022692,0
TXN0003092,0
TXN0021097,0
TXN0012748,0
TXN0024338,0
TXN0053259,0
TXN0015790,0
TXN0045283,0
TXN0003982,0
TXN0020674,0
TXN0023324,0
TXN0034172,0
TXN0052347,0
TXN0038892,0
TXN0001094,0
TXN0050121,0
TXN0022927,0
TXN0028310,0
TXN0015972,0
TXN0028747,0
TXN0031918,0
TXN0026460,0
TXN0057235,0
TXN0002843,0
TXN0052003,0
TXN0037583,0
TXN0049241,0
TXN0038724,0
TXN0025095,0
TXN0018211,0
TXN0020855,0
TXN0054047,0
TXN0046142,0
TXN0000016,0
TXN0028202,0
TXN0050941,0
TXN0016524,0
TXN0018443,0
TXN0045947,0
TXN0023527,0
TXN0021054,0
TXN0012205,0
TXN0051054,0
TXN0031422,0
TXN0032006,0
TXN0014407,0
TXN0032766,0
TXN0004686,0
TXN0051482,0
TXN0004922,0
TXN0048601,0
TXN0039553,0
TXN0005877,0
TXN0030595,0
TXN0042316,0
TXN0032443,0
TXN0016459,0
TXN0035113,0
TXN0022831,0
TXN0041198,0
TXN0025006,0
TXN0004586,0
TXN0013675,0
TXN0047365,0
TXN0059598,0
TXN0053897,0
TXN0008378,0
TXN0057220,0
TXN0050705,0
TXN0024816,0
TXN0025359,0
TXN0057502,0
TXN0038965,0
TXN0025553,0
TXN0045865,0
TXN0047224,0
TXN0047947,0
TXN0039169,0
TXN0005695,0
TXN0002941,0
TXN0054344,0
TXN0031222,0
TXN0054270,0
TXN0021164,0
TXN0040149,0
TXN0057048,0
TXN0050772,0
TXN0046602,0
TXN0038346,0
TXN0010338,0
TXN0042761,0
TXN0040673,0
TXN0026671,0
TXN0008307,0
TXN0011618,0
TXN0025933,0
TXN0033816,0
TXN0055125,0
TXN0006782,0
TXN0045430,0
TXN0054460,0
TXN0057090,0
TXN0057256,0
TXN0019945,0
TXN0054427,0
TXN0001609,0
TXN0019480,0
TXN0029166,0
TXN0035183,0
TXN0023799,0
TXN0031980,0
TXN0034785,0
TXN0035739,0
TXN0012317,0
TXN0046806,0
TXN0046335,0
TXN0035699,0
TXN0048174,0
TXN0057536,0
TXN0019630,0
TXN0016508,0
TXN0050258,0
TXN0013001,0
TXN0001814,0
TXN0025416,0
TXN0031976,0
TXN0014586,0
TXN0047216,0
TXN0058891,0
TXN0044301,0
TXN0025174,0
TXN0002123,0
TXN0013704,0
TXN0031721,0
TXN0056693,0
TXN0055369,0
TXN0059664,0
TXN0014191,0
TXN0018581,0
TXN0020435,0
TXN0017600,0
TXN0040469,0
TXN0027938,0
TXN0057465,0
TXN0032247,0
TXN0049877,0
TXN0049028,0
TXN0041938,0
TXN0033576,0
TXN0055299,0
TXN0021438,0
TXN0053437,0
TXN0040031,0
TXN0030096,0
TXN0004906,0
TXN0003722,0
TXN0058704,0
TXN0045890,0
TXN0012734,0
TXN0036730,0
TXN0056487,0
TXN0002671,0
TXN0041989,0
TXN0009417,0
TXN0050916,0
TXN0004552,0
TXN0049759,0
TXN0006009,0
TXN0050599,0
TXN0028430,0
TXN0019601,0
TXN0038505,0
TXN0041247,0
TXN0018437,0
TXN0027542,0
TXN0003164,0
TXN0052227,0
TXN0039531,0
TXN0058473,0
TXN0032764,0
TXN0001657,0
TXN0058931,0
TXN0019094,0
TXN0040317,0
TXN0037034,0
TXN0059214,0
TXN0023099,0
TXN0016806,0
TXN0027356,0
TXN0016244,0
TXN0038084,0
TXN0031601,0
TXN0027877,0
TXN0009673,0
TXN0019229,0
TXN0053218,0
TXN0058338,0
TXN0033769,0
TXN0036966,0
TXN0035186,0
TXN0036343,0
TXN0052999,0
TXN0050113,0
TXN0009772,0
TXN0003558,0
TXN0053924,0
TXN0045226,0
TXN0003854,0
TXN0004887,0
TXN0028807,0
TXN0049909,0
TXN0045826,0
TXN0057541,0
TXN0005313,0
TXN0051436,0
TXN0048991,0
TXN0025883,0
TXN0047961,0
TXN0037292,0
TXN0013699,0
TXN0030607,0
TXN0004827,0
TXN0046799,0
TXN0033575,0
TXN0003907,0
TXN0047101,0
TXN0054046,0
TXN0029134,0
TXN0039791,0
TXN0034724,0
TXN0010637,0
TXN0009343,0
TXN0047929,0
TXN0044172,0
TXN0037663,0
TXN0035170,0
TXN0037952,0
TXN0050225,0
TXN0047466,0
TXN0022908,0
TXN0046999,0
TXN0018279,0
TXN0010283,0
TXN0045487,0
TXN0040863,0
TXN0009890,0
TXN0055936,0
TXN0018323,0
TXN0026514,0
TXN0055983,0
TXN0056926,0
TXN0057335,0
TXN0017387,0
TXN0015086,0
TXN0024042,0
TXN0055687,0
TXN0007566,0
TXN0043894,0
TXN0029227,0
TXN0014719,0
TXN0059008,0
TXN0005368,0
TXN0039696,0
TXN0009603,0
TXN0022673,0
TXN0029425,0
TXN0030143,0
TXN0002618,0
TXN0041669,0
TXN0004485,0
TXN0011795,0
TXN0017369,0
TXN0044036,0
TXN0024366,0
TXN0022553,0
TXN0007384,0
TXN0054969,0
TXN0013269,0
TXN0028677,0
TXN0009275,0
TXN0033783,0
TXN0009460,0
TXN0002462,0
TXN0009968,0
TXN0049420,0
TXN0052732,0
TXN0045710,0
TXN0044476,0
TXN0049223,0
TXN0042222,0
TXN0057175,0
TXN0006509,0
TXN0051973,0
TXN0058604,0
TXN0000589,0
TXN0013136,0
TXN0049317,0
TXN0008848,0
TXN0037392,0
TXN0020142,0
TXN0039613,0
TXN0047111,0
TXN0018412,0
TXN0043618,0
TXN0041637,0
TXN0036885,0
TXN0009424,0
TXN0005454,0
TXN0054246,0
TXN0034217,0
TXN0006837,0
TXN0048617,0
TXN0044222,0
TXN0029432,0
TXN0020288,0
TXN0018816,0
TXN0055625,0
TXN0058360,0
TXN0021031,0
TXN0050048,0
TXN0042571,0
TXN0001587,0
TXN0039454,0
TXN0046326,0
TXN0054509,0
TXN0018103,0
TXN0022484,0
TXN0031417,0
TXN0052958,0
TXN0041574,0
TXN0051656,0
TXN0029277,0
TXN0003961,0
TXN0041691,0
TXN0030140,0
TXN0029631,0
TXN0006078,0
TXN0030663,0
TXN0050042,0
TXN0010956,0
TXN0058661,0
TXN0004006,0
TXN0037707,0
TXN0058781,0
TXN0018395,0
TXN0005898,0
TXN0047133,0
TXN0002866,0
TXN0014011,0
TXN0056114,0
TXN0030209,0
TXN0030266,0
TXN0016968,0
TXN0011460,0
TXN0020316,0
TXN0045925,0
TXN0034028,0
TXN0020922,0
TXN0047159,0
TXN0033078,0
TXN0034484,0
TXN0034820,0
TXN0020671,0
TXN0004668,0
TXN0004298,0
TXN0003783,0
TXN0033776,0
TXN0007347,0
TXN0010377,0
TXN0056185,0
TXN0009878,0
TXN0045927,0
TXN0002773,0
TXN0013026,0
TXN0053211,0
TXN0012948,0
TXN0025105,0
TXN0049242,0
TXN0001987,0
TXN0055521,0
TXN0040047,0
TXN0029546,0
TXN0035440,0
TXN0016260,0
TXN0025464,0
TXN0009175,0
TXN0031508,0
TXN0059390,0
TXN0025901,0
TXN0050126,0
TXN0019309,0
TXN0000249,0
TXN0040953,0
TXN0027790,0
TXN0038652,0
TXN0051493,0
TXN0045939,0
TXN0028128,0
TXN0034812,0
TXN0006589,0
TXN0013780,0
TXN0011989,0
TXN0000627,0
TXN0054472,0
TXN0029523,0
TXN0046040,0
TXN0028820,0
TXN0023929,0
TXN0056468,0
TXN0004765,0
TXN0026177,0
TXN0052824,0
TXN0057715,0
TXN0049280,0
TXN0006511,0
TXN0002230,0
TXN0020566,0
TXN0046550,0
TXN0012427,0
TXN0039763,0
TXN0055333,0
TXN0018782,0
TXN0032726,0
TXN0006305,0
TXN0013998,0
TXN0015641,0
TXN0032299,0
TXN0055392,0
TXN0012392,0
TXN0017570,0
TXN0049422,0
TXN0048240,0
TXN0010703,0
TXN0059742,0
TXN0021698,0
TXN0041988,0
TXN0004247,0
TXN0008002,0
TXN0031954,0
TXN0044041,0
TXN0032703,0
TXN0041875,0
TXN0009497,0
TXN0050248,0
TXN0011241,0
TXN0031349,0
TXN0027543,0
TXN0001273,0
TXN0005698,0
TXN0031521,0
TXN0040446,0
TXN0010988,0
TXN0042358,0
TXN0022999,0
TXN0003358,0
TXN0016567,0
TXN0059535,0
TXN0057233,0
TXN0056129,0
TXN0048003,0
TXN0039281,0
TXN0048847,0
TXN0004567,0
TXN0013255,0
TXN0010848,0
TXN0032551,0
TXN0052015,0
TXN0056003,0
TXN0001961,0
TXN0004992,0
TXN0004891,0
TXN0014330,0
TXN0030391,0
TXN0024423,0
TXN0025954,0
TXN0030971,0
TXN0059378,0
TXN0006226,0
TXN0056525,0
TXN0027323,0
TXN0038134,0
TXN0034019,0
TXN0035944,0
TXN0029648,0
TXN0003359,0
TXN0000307,0
TXN0029964,0
TXN0051257,0
TXN0058001,0
TXN0058172,0
TXN0032323,0
TXN0012580,0
TXN0058508,0
TXN0009765,0
TXN0044993,0
TXN0001051,0
TXN0014519,0
TXN0011410,0
TXN0009221,0
TXN0010234,0
TXN0037531,0
TXN0041830,0
TXN0034642,0
TXN0045159,0
TXN0025662,0
TXN0023666,0
TXN0027796,0
TXN0056257,0
TXN0055812,0
TXN0013682,0
TXN0020706,0
TXN0059042,0
TXN0025832,0
TXN0038599,0
TXN0004917,0
TXN0025074,0
TXN0000191,0
TXN0025068,0
TXN0024484,0
TXN0045669,0
TXN0013233,0
TXN0045397,0
TXN0037253,0
TXN0009783,0
TXN0028054,0
TXN0003924,0
TXN0009940,0
TXN0041692,0
TXN0043423,0
TXN0050656,0
TXN0022800,0
TXN0047966,0
TXN0028810,0
TXN0016061,0
TXN0052265,0
TXN0036071,0
TXN0030826,0
TXN0025920,0
TXN0029963,0
TXN0015549,0
TXN0018074,0
TXN0027527,0
TXN0013304,0
TXN0054515,0
TXN0019692,0
TXN0017888,0
TXN0034574,0
TXN0036639,0
TXN0025864,0
TXN0003791,0
TXN0058285,0
TXN0046922,0
TXN0035554,0
TXN0009259,0
TXN0054971,0
TXN0034485,0
TXN0035464,0
TXN0031027,0
TXN0001848,0
TXN0053664,0
TXN0043391,0
TXN0054127,0
TXN0012852,0
TXN0039390,0
TXN0036203,0
TXN0054828,0
TXN0031923,0
TXN0029896,0
TXN0016526,0
TXN0006771,0
TXN0056117,0
TXN0027559,0
TXN0039760,0
TXN0013878,0
TXN0057814,0
TXN0047764,0
TXN0030676,0
TXN0058283,0
TXN0055607,0
TXN0044369,0
TXN0033885,0
TXN0030957,0
TXN0034524,0
TXN0049649,0
TXN0039519,0
TXN0028684,0
TXN0000870,0
TXN0052509,0
TXN0009104,0
TXN0033489,0
TXN0010997,0
TXN0027649,0
TXN0017270,0
TXN0052495,0
TXN0018108,0
TXN0005592,0
TXN0041115,0
TXN0026096,0
TXN0048356,0
TXN0024486,0
TXN0010938,0
TXN0054707,0
TXN0011737,0
TXN0033082,0
TXN0026375,0
TXN0058559,0
TXN0011949,0
TXN0040214,0
TXN0020588,0
TXN0005850,0
TXN0038897,0
TXN0038215,0
TXN0003129,0
TXN0016279,0
TXN0048400,0
TXN0051148,0
TXN0033678,0
TXN0003968,0
TXN0056671,0
TXN0056786,0
TXN0042933,0
TXN0000336,0
TXN0027340,0
TXN0018931,0
TXN0057602,0
TXN0008112,0
TXN0032369,0
TXN0002985,0
TXN0010878,0
TXN0015916,0
TXN0053772,0
TXN0011669,0
TXN0020862,0
TXN0019942,0
TXN0046675,0
TXN0011001,0
TXN0037588,0
TXN0029437,0
TXN0055712,0
TXN0019800,0
TXN0049459,0
TXN0012100,0
TXN0049500,0
TXN0009018,0
TXN0029872,0
TXN0007243,0
TXN0059896,0
TXN0014079,0
TXN0020866,0
TXN0058438,0
TXN0011874,0
TXN0057876,0
TXN0025805,0
TXN0047288,0
TXN0008263,0
TXN0018678,0
TXN0006855,0
TXN0008597,0
TXN0055372,0
TXN0051937,0
TXN0006901,0
TXN0029932,0
TXN0050818,0
TXN0023963,0
TXN0009949,0
TXN0016436,0
TXN0001445,0
TXN0054151,0
TXN0014821,0
TXN0052410,0
TXN0001695,0
TXN0043852,0
TXN0048920,0
TXN0046151,0
TXN0017958,0
TXN0022523,0
TXN0020789,0
TXN0001630,0
TXN0033037,0
TXN0001881,0
TXN0014523,0
TXN0013900,0
TXN0037842,0
TXN0005509,0
TXN0059130,0
TXN0002032,0
TXN0027500,0
TXN0034700,0
TXN0035303,0
TXN0043837,0
TXN0058104,0
TXN0047448,0
TXN0032954,0
TXN0044739,0
TXN0005558,0
TXN0011151,0
TXN0023569,0
TXN0020527,0
TXN0056376,0
TXN0058557,0
TXN0006587,0
TXN0017618,0
TXN0052261,0
TXNS01001,1
TXN0036683,0
TXN0000446,0
TXN0014536,0
TXN0014031,0
TXN0049996,0
TXN0039892,0
TXN0028378,0
TXN0031379,0
TXN0020519,0
TXN0035208,0
TXN0035871,0
TXN0043856,0
TXN0040460,0
TXN0021158,0
TXN0038862,0
TXN0009486,0
TXN0051305,0
TXN0021902,0
TXN0056973,0
TXN0045991,0
TXN0028018,0
TXN0049681,0
TXN0033455,0
TXN0005208,0
TXN0055183,0
TXN0049928,0
TXN0041185,0
TXN0010345,0
TXN0030134,0
TXN0037688,0
TXN0058157,0
TXN0025566,0
TXN0059398,0
TXN0055170,0
TXN0019520,0
TXN0052368,0
TXN0038230,0
TXN0046525,0
TXN0014139,0
TXN0019567,0
TXN0023906,0
TXN0022765,0
TXN0019583,0
TXN0001447,0
TXN0034057,0
TXN0045541,0
TXN0058018,0
TXN0010692,0
TXN0023741,0
TXN0010335,0
TXN0059476,0
TXN0034779,0
TXN0045066,0
TXN0023926,0
TXN0044673,0
TXN0059555,0
TXN0015830,0
TXN0015735,0
TXN0012158,0
TXN0018263,0
TXN0018814,0
TXN0012453,0
TXN0038847,0
TXN0038225,0
TXN0055271,0
TXN0011349,0
TXN0044825,0
TXN0051300,0
TXN0004131,0
TXN0016351,0
TXN0017420,0
TXN0015408,0
TXN0054507,0
TXN0036902,0
TXN0017033,0
TXN0042043,0
TXN0033629,0
TXN0046172,0
TXN0025479,0
TXN0049343,0
TXN0024685,0
TXN0034710,0
TXN0010295,0
TXN0037099,0
TXN0025159,0
TXN0014119,0
TXN0059507,0
TXN0036738,0
TXN0055996,0
TXN0056895,0
TXN0045619,0
TXN0031647,0
TXN0045961,0
TXN0002775,0
TXN0032101,0
TXN0004145,0
TXN0026899,0
TXN0058000,0
TXN0057428,0
TXN0051769,0
TXN0035179,0
TXN0017478,0
TXN0022449,0
TXN0048225,0
TXN0034314,0
TXN0053741,0
TXN0022418,0
TXN0054601,0
TXN0059604,0
TXN0006953,0
TXN0035903,0
TXN0053008,0
TXN0013232,0
TXN0048395,0
TXN0005750,0
TXN0014715,0
TXN0031085,0
TXN0003805,0
TXN0009076,0
TXN0027230,0
TXN0054266,0
TXN0015160,0
TXN0039542,0
TXN0052446,0
TXN0046830,0
TXN0016848,0
TXN0050409,0
TXN0042788,0
TXN0051411,0
TXN0028850,0
TXN0029768,0
TXN0003327,0
TXN0022615,0
TXN0040150,0
TXN0001262,0
TXN0025530,0
TXN0023596,0
TXN0017359,0
TXN0018950,0
TXN0022250,0
TXN0013117,0
TXN0025517,0
TXN0046223,0
TXN0039350,0
TXN0059793,0
TXN0051539,0
TXN0021119,0
TXN0032464,0
TXN0005021,0
TXN0023513,0
TXN0045351,0
TXN0023559,0
TXN0014995,0
TXN0011413,0
TXN0053034,0
TXN0022439,0
TXN0058784,0
TXN0042570,0
TXN0055305,0
TXN0053027,0
TXN0019173,0
TXN0025520,0
TXN0025380,0
TXN0051009,0
TXN0019404,0
TXN0036876,0
TXN0005213,0
TXN0003255,0
TXN0040091,0
TXN0002690,0
TXN0047269,0
TXN0004627,0
TXN0055937,0
TXN0034087,0
TXN0056122,0
TXN0049358,0
TXN0037930,0
TXN0007226,0
TXN0008566,0
TXN0012192,0
TXN0017519,0
TXN0004529,0
TXN0044435,0
TXN0052657,0
TXN0021133,0
TXN0045148,0
TXN0023470,0
TXN0009941,0
TXN0054313,0
TXN0018062,0
TXN0039104,0
TXN0006982,0
TXN0055897,0
TXN0010066,0
TXN0000917,0
TXN0018889,0
TXN0029877,0
TXN0013288,0
TXN0019288,0
TXN0058879,0
TXN0000570,0
TXN0050600,0
TXN0036182,0
TXN0036484,0
TXN0025515,0
TXN0047574,0
TXN0007031,0
TXN0039605,0
TXN0046646,0
TXN0019610,0
TXN0052113,0
TXN0055079,0
TXN0028554,0
TXN0053535,0
TXN0014026,0
TXN0025613,0
TXN0014232,0
TXN0024229,0
TXN0052691,0
TXN0002217,0
TXN0005232,0
TXN0030453,0
TXN0054921,0
TXN0030257,0
TXN0035595,0
TXN0022164,0
TXN0044594,0
TXN0004996,0
TXN0050490,0
TXN0003262,0
TXN0051739,0
TXN0006838,0
TXN0046049,0
TXN0005741,0
TXN0033418,0
TXN0022423,0
TXN0011094,0
TXN0018642,0
TXN0048175,0
TXN0038163,0
TXN0039850,0
TXN0056536,0
TXN0036289,0
TXN0010922,0
TXN0056057,0
TXN0004478,0
TXN0005660,0
TXN0009788,0
TXN0032835,0
TXN0010776,0
TXN0030857,0
TXN0027772,0
TXN0032596,0
TXN0021188,0
TXN0046287,0
TXN0056126,0
TXN0023993,0
TXN0017642,0
TXN0036607,0
TXN0030926,0
TXN0048483,0
TXN0017375,0
TXN0052656,0
TXN0041073,0
TXN0033687,0
TXN0043469,0
TXN0032933,0
TXN0056785,0
TXN0054201,0
TXN0006644,0
TXN0029179,0
TXN0014334,0
TXN0049053,0
TXN0014282,0
TXN0025525,0
TXN0004594,0
TXN0052116,0
TXN0010698,0
TXN0046067,0
TXN0035618,0
TXN0019212,0
TXN0028302,0
TXN0045406,0
TXN0046754,0
TXN0059115,0
TXN0037228,0
TXN0050626,0
TXN0027081,0
TXN0014908,0
TXN0039391,0
TXN0009306,0
TXN0033724,0
TXN0041258,0
TXN0009867,0
TXN0027923,0
TXN0059741,0
TXN0035503,0
TXN0038437,0
TXN0044799,0
TXN0021372,0
TXN0058647,0
TXN0002378,0
TXN0015623,0
TXN0032001,0
TXN0028901,0
TXN0036940,0
TXN0012391,0
TXN0012742,0
TXN0024476,0
TXN0032510,0
TXN0016103,0
TXN0054357,0
TXN0046778,0
TXN0000365,0
TXN0002103,0
TXN0020143,0
TXN0033457,0
TXN0050989,0
TXN0035959,0
TXN0019259,0
TXN0042500,0
TXN0005710,0
TXN0016034,0
TXN0025183,0
TXN0020884,0
TXN0015228,0
TXN0001093,0
TXN0051733,0
TXN0039486,0
TXN0059920,0
TXN0025344,0
TXN0029063,0
TXN0015899,0
TXN0016544,0
TXN0000203,0
TXN0022867,0
TXN0020324,0
TXNR0152,1
TXN0059944,0
TXN0058563,0
TXN0037701,0
TXN0010006,0
TXN0024031,0
TXN0043395,0
TXN0033998,0
TXN0048564,0
TXN0052198,0
TXN0007957,0
TXN0027526,0
TXN0052067,0
TXN0058774,0
TXN0058276,0
TXN0044948,0
TXN0037019,0
TXN0022495,0
TXN0047788,0
TXN0031709,0
TXN0013440,0
TXN0022588,0
TXN0027869,0
TXN0012226,0
TXN0051877,0
TXN0053442,0
TXN0037102,0
TXN0010744,0
TXN0028453,0
TXN0047165,0
TXN0016767,0
TXN0046448,0
TXN0031455,0
TXN0007485,0
TXN0045713,0
TXN0004886,0
TXN0033625,0
TXN0049522,0
TXN0006539,0
TXN0018945,0
TXN0052953,0
TXN0027216,0
TXN0021839,0
TXN0036046,0
TXN0045450,0
TXN0043307,0
TXN0041609,0
TXN0006859,0
TXN0010973,0
TXN0001629,0
TXN0010625,0
TXN0033722,0
TXN0040172,0
TXN0038712,0
TXN0016999,0
TXN0051727,0
TXN0032821,0
TXN0039178,0
TXN0052492,0
TXN0036284,0
TXN0019275,0
TXN0052797,0
TXN0058963,0
TXN0022260,0
TXN0044516,0
TXN0000489,0
TXN0045913,0
TXN0015935,0
TXN0050964,0
TXN0057148,0
TXN0017374,0
TXN0059637,0
TXN0056602,0
TXN0055523,0
TXN0011705,0
TXN0035740,0
TXN0034693,0
TXN0035710,0
TXN0035931,0
TXN0021062,0
TXN0035386,0
TXN0019996,0
TXN0041003,0
TXN0024255,0
TXN0044386,0
TXN0020176,0
TXN0011763,0
TXN0011577,0
TXN0035622,0
TXN0032172,0
TXN0003439,0
TXN0034660,0
TXN0016633,0
TXN0021639,0
TXNS00920,1
TXN0048536,0
TXN0054319,0
TXN0013006,0
TXN0044535,0
TXN0017889,0
TXN0023675,0
TXN0000670,0
TXN0059301,0
TXN0048008,0
TXN0047664,0
TXN0042239,0
TXN0056198,0
TXN0033665,0
TXN0003306,0
TXN0008026,0
TXN0043626,0
TXN0027769,0
TXN0002890,0
TXN0022387,0
TXN0024123,0
TXN0056262,0
TXN0027197,0
TXN0014394,0
TXN0055081,0
TXN0022335,0
TXN0008397,0
TXN0046773,0
TXN0049154,0
TXN0014162,0
TXN0026946,0
TXN0044764,0
TXN0026345,0
TXN0033402,0
TXN0045276,0
TXN0022463,0
TXN0049683,0
TXN0002382,0
TXN0024565,0
TXN0058259,0
TXN0006476,0
TXN0047937,0
TXN0036945,0
TXN0037548,0
TXN0011312,0
TXN0011064,0
TXN0030835,0
TXN0025307,0
TXN0052558,0
TXN0010531,0
TXN0038759,0
TXN0027374,0
TXN0002763,0
TXN0051717,0
TXN0002581,0
TXN0057553,0
TXN0011999,0
TXN0041153,0
TXN0051759,0
TXN0043442,0
TXN0023185,0
TXN0042215,0
TXN0034872,0
TXN0037405,0
TXN0055827,0
TXN0003764,0
TXN0004234,0
TXN0004994,0
TXN0029100,0
TXN0055986,0
TXN0037825,0
TXN0049810,0
TXN0004434,0
TXN0011676,0
TXN0000717,0
TXN0029894,0
TXN0036584,0
TXN0006773,0
TXN0043954,0
TXN0057739,0
TXN0010738,0
TXN0027048,0
TXN0014671,0
TXN0042581,0
TXN0033272,0
TXN0053056,0
TXN0051831,0
TXN0042056,0
TXN0039579,0
TXN0036661,0
TXN0009359,0
TXN0030075,0
TXN0047897,0
TXN0010655,0
TXN0030698,0
TXN0036468,0
TXN0040142,0
TXN0032130,0
TXN0050940,0
TXN0039082,0
TXN0012816,0
TXN0036413,0
TXN0050928,0
TXN0000192,0
TXN0025396,0
TXN0046182,0
TXN0033584,0
TXN0030009,0
TXN0059005,0
TXN0015810,0
TXN0006160,0
TXN0048409,0
TXN0054103,0
TXN0019071,0
TXN0037158,0
TXN0011164,0
TXN0027964,0
TXN0004927,0
TXN0028916,0
TXN0005552,0
TXN0010799,0
TXN0056598,0
TXN0000238,0
TXN0012207,0
TXN0059063,0
TXN0043937,0
TXN0054747,0
TXN0037004,0
TXN0005618,0
TXN0030049,0
TXN0025521,0
TXN0055519,0
TXN0008640,0
TXN0037865,0
TXN0014665,0
TXN0035010,0
TXN0049170,0
TXN0036320,0
TXN0019389,0
TXN0019744,0
TXN0015534,0
TXN0008328,0
TXN0038396,0
TXN0043370,0
TXN0037275,0
TXN0003453,0
TXN0044942,0
TXN0047221,0
TXN0049298,0
TXN0031870,0
TXN0047861,0
TXN0055783,0
TXN0035062,0
TXN0026829,0
TXN0044571,0
TXN0046313,0
TXN0029345,0
TXN0043939,0
TXN0024690,0
TXN0047086,0
TXN0055433,0
TXN0021113,0
TXN0023501,0
TXN0041458,0
TXN0007081,0
TXN0031135,0
TXN0030954,0
TXN0004733,0
TXN0041680,0
TXN0053536,0
TXN0013045,0
TXN0058635,0
TXN0013917,0
TXN0044049,0
TXN0014955,0
TXN0058911,0
TXN0020929,0
TXN0049748,0
TXN0058794,0
TXN0044278,0
TXN0005520,0
TXN0054316,0
TXN0050799,0
TXN0032115,0
TXN0044589,0
TXN0023199,0
TXN0035468,0
TXN0028246,0
TXN0001700,0
TXN0027886,0
TXN0046364,0
TXN0051925,0
TXN0027518,0
TXN0006968,0
TXN0058037,0
TXN0016322,0
TXN0024527,0
TXN0038987,0
TXN0055399,0
TXN0032854,0
TXN0026884,0
TXN0027253,0
TXN0058954,0
TXN0057264,0
TXN0018978,0
TXN0048114,0
TXN0017413,0
TXN0000136,0
TXN0039740,0
TXN0023408,0
TXN0030816,0
TXN0011087,0
TXN0019238,0
TXN0015721,0
TXN0001200,0
TXN0038889,0
TXN0026147,0
TXN0048516,0
TXN0044895,0
TXN0056405,0
TXN0046893,0
TXN0046390,0
TXN0030444,0
TXN0006296,0
TXN0003927,0
TXN0014387,0
TXN0026489,0
TXN0032828,0
TXN0003606,0
TXN0021225,0
TXN0026935,0
TXN0035098,0
TXN0011707,0
TXN0002187,0
TXN0032963,0
TXN0012356,0
TXN0054211,0
TXN0017186,0
TXN0015954,0
TXN0047406,0
TXN0035436,0
TXN0057055,0
TXN0049393,0
TXN0018452,0
TXN0047963,0
TXN0035529,0
TXN0034800,0
TXN0049796,0
TXN0025500,0
TXN0005103,0
TXN0013652,0
TXN0031781,0
TXN0001637,0
TXN0041080,0
TXN0030449,0
TXN0011173,0
TXN0057966,0
TXN0035842,0
TXN0025398,0
TXN0007296,0
TXN0003278,0
TXN0031707,0
TXN0008003,0
TXN0026711,0
TXN0029493,0
TXN0054122,0
TXN0055282,0
TXN0041094,0
TXN0056851,0
TXN0031957,0
TXN0023299,0
TXN0013516,0
TXN0007352,0
TXN0046218,0
TXN0010751,0
TXN0040597,0
TXN0016446,0
TXN0024417,0
TXN0007697,0
TXN0047195,0
TXN0059116,0
TXN0005668,0
TXN0038506,0
TXN0028273,0
TXN0043427,0
TXN0049831,0
TXN0018425,0
TXN0041701,0
TXN0005307,0
TXN0004458,0
TXN0020025,0
TXN0058207,0
TXN0019642,0
TXN0012855,0
TXN0018257,0
TXN0021128,0
TXN0027172,0
TXN0026293,0
TXN0019296,0
TXN0043803,0
TXN0020411,0
TXN0038256,0
TXN0016678,0
TXN0008024,0
TXN0024170,0
TXN0029061,0
TXN0043516,0
TXN0059038,0
TXN0023248,0
TXN0016873,0
TXN0025069,0
TXN0033458,0
TXN0030471,0
TXN0044781,0
TXN0016986,0
TXN0010103,0
TXN0001014,0
TXN0057155,0
TXN0000869,0
TXN0034761,0
TXN0010626,0
TXN0044717,0
TXN0047607,0
TXN0014924,0
TXN0043326,0
TXN0007610,0
TXN0005283,0
TXN0004370,0
TXN0026149,0
TXN0001361,0
TXN0026249,0
TXN0050678,0
TXN0034397,0
TXN0012625,0
TXN0001551,0
TXN0020810,0
TXNR0213,1
TXN0050489,0
TXN0053053,0
TXN0027586,0
TXN0054193,0
TXN0008252,0
TXN0010442,0
TXN0047399,0
TXN0059000,0
TXN0005039,0
TXN0051498,0
TXN0059091,0
TXN0021869,0
TXN0022520,0
TXN0038462,0
TXN0037887,0
TXN0054318,0
TXN0030131,0
TXN0001134,0
TXN0043764,0
TXN0024944,0
TXN0010278,0
TXN0028327,0
TXN0010451,0
TXN0004017,0
TXN0010409,0
TXN0025640,0
TXN0035192,0
TXN0004138,0
TXN0044816,0
TXN0000859,0
TXN0029943,0
TXN0002962,0
TXN0024473,0
TXN0002426,0
TXN0003676,0
TXN0029315,0
TXN0029038,0
TXN0050516,0
TXN0007674,0
TXN0050931,0
TXN0019874,0
TXN0012977,0
TXN0018485,0
TXN0050970,0
TXN0016753,0
TXN0037705,0
TXN0043664,0
TXN0005285,0
TXN0008367,0
TXN0030981,0
TXN0024351,0
TXN0012905,0
TXN0002093,0
TXN0015596,0
TXN0011336,0
TXN0011683,0
TXN0040585,0
TXN0001920,0
TXN0000082,0
TXN0017200,0
TXN0013318,0
TXN0042051,0
TXN0037164,0
TXN0041243,0
TXN0053272,0
TXN0018845,0
TXN0027491,0
TXN0001813,0
TXN0034039,0
TXN0047994,0
TXN0002994,0
TXN0037525,0
TXN0048442,0
TXN0015438,0
TXN0014296,0
TXN0042137,0
TXN0002642,0
TXN0009280,0
TXN0040387,0
TXN0029084,0
TXN0018689,0
TXN0056448,0
TXN0054330,0
TXN0036963,0
TXN0045800,0
TXN0029231,0
TXN0045536,0
TXN0012360,0
TXN0003849,0
TXN0059931,0
TXN0034510,0
TXN0016194,0
TXN0048021,0
TXN0019233,0
TXN0030109,0
TXN0016193,0
TXN0026990,0
TXN0036322,0
TXN0029267,0
TXN0051347,0
TXN0046005,0
TXN0002600,0
TXN0016346,0
TXN0022547,0
TXN0030949,0
TXN0001518,0
TXN0029340,0
TXN0028890,0
TXN0032182,0
TXN0055141,0
TXN0004117,0
TXN0022693,0
TXN0010825,0
TXN0005755,0
TXN0038401,0
TXN0041167,0
TXN0014114,0
TXN0058081,0
TXN0022625,0
TXN0045833,0
TXN0039930,0
TXN0028230,0
TXN0022192,0
TXN0052954,0
TXN0014256,0
TXN0044505,0
TXN0048209,0
TXN0001988,0
TXN0025917,0
TXN0030020,0
TXN0040505,0
TXN0016901,0
TXN0010561,0
TXN0032969,0
TXN0038556,0
TXN0025991,0
TXN0029240,0
TXN0053608,0
TXN0051913,0
TXN0015166,0
TXN0023580,0
TXN0022931,0
TXN0037623,0
TXN0058428,0
TXN0024703,0
TXN0022742,0
TXN0009741,0
TXN0045270,0
TXN0015950,0
TXN0051590,0
TXN0003765,0
TXN0057804,0
TXN0046220,0
TXN0039200,0
TXN0025027,0
TXN0007846,0
TXN0055302,0
TXN0012253,0
TXN0026049,0
TXN0021205,0
TXN0016402,0
TXN0052712,0
TXN0053103,0
TXN0049201,0
TXN0030013,0
TXN0019488,0
TXN0031802,0
TXN0000887,0
TXN0039029,0
TXN0023620,0
TXN0006989,0
TXN0038811,0
TXN0010808,0
TXN0019552,0
TXN0052101,0
TXN0001424,0
TXN0016523,0
TXN0032026,0
TXN0026500,0
TXN0048692,0
TXN0019581,0
TXN0021515,0
TXN0000112,0
TXN0040928,0
TXN0007291,0
TXN0016199,0
TXN0037327,0
TXN0053747,0
TXN0046289,0
TXN0011442,0
TXN0021074,0
TXN0011254,0
TXN0024335,0
TXN0056884,0
TXN0041334,0
TXN0049079,0
TXN0052429,0
TXN0043526,0
TXN0020452,0
TXN0020792,0
TXN0017266,0
TXN0019477,0
TXN0026113,0
TXN0027798,0
TXN0016835,0
TXN0003731,0
TXN0001481,0
TXN0032298,0
TXN0004986,0
TXN0052815,0
TXN0035531,0
TXN0013794,0
TXN0040893,0
TXN0001855,0
TXN0048367,0
TXN0045580,0
TXN0033767,0
TXN0000389,0
TXN0044367,0
TXN0039194,0
TXN0050628,0
TXN0018624,0
TXN0010578,0
TXN0038055,0
TXN0040880,0
TXN0017376,0
TXN0004997,0
TXN0020306,0
TXN0019356,0
TXN0027962,0
TXN0023255,0
TXN0014211,0
TXN0045814,0
TXN0037564,0
TXN0004769,0
TXN0050445,0
TXN0026400,0
TXN0043833,0
TXN0004173,0
TXN0018919,0
TXN0058853,0
TXN0034675,0
TXN0024618,0
TXN0004946,0
TXN0041328,0
TXN0006033,0
TXN0007619,0
TXN0033919,0
TXN0050719,0
TXN0019555,0
TXN0057433,0
TXN0009689,0
TXN0039874,0
TXN0058394,0
TXN0053312,0
TXN0037055,0
TXN0034998,0
TXN0026732,0
TXN0000174,0
TXN0018287,0
TXN0025675,0
TXN0041520,0
TXN0036176,0
TXN0001538,0
TXN0035060,0
TXN0042291,0
TXN0001363,0
TXN0037125,0
TXN0021644,0
TXN0018504,0
TXN0018908,0
TXN0000680,0
TXN0013050,0
TXN0056777,0
TXN0036432,0
TXN0050813,0
TXN0033276,0
TXN0032934,0
TXN0013689,0
TXN0000406,0
TXN0025582,0
TXN0019456,0
TXN0023749,0
TXN0001914,0
TXN0007263,0
TXN0020238,0
TXN0020583,0
TXN0029783,0
TXN0029566,0
TXN0010728,0
TXN0033872,0
TXN0012067,0
TXN0002610,0
TXN0042712,0
TXN0038078,0
TXN0056110,0
TXN0031845,0
TXN0011108,0
TXN0011156,0
TXN0054906,0
TXN0032920,0
TXN0013422,0
TXN0022963,0
TXN0022063,0
TXN0028483,0
TXN0002832,0
TXN0027128,0
TXN0043733,0
TXN0055174,0
TXN0003551,0
TXN0052874,0
TXN0056175,0
TXN0057896,0
TXN0012541,0
TXN0031486,0
TXN0030881,0
TXN0037306,0
TXN0047135,0
TXN0003273,0
TXN0010014,0
TXN0045046,0
TXN0056072,0
TXN0015088,0
TXN0018375,0
TXN0058675,0
TXN0024885,0
TXN0028884,0
TXN0005141,0
TXN0027127,0
TXN0044582,0
TXN0020195,0
TXN0030581,0
TXN0058166,0
TXN0036218,0
TXN0020975,0
TXN0023736,0
TXN0016589,0
TXN0030106,0
TXN0025711,0
TXN0023064,0
TXN0013156,0
TXN0035517,0
TXN0051001,0
TXN0055551,0
TXN0022412,0
TXN0026564,0
TXN0019624,0
TXN0045475,0
TXN0059845,0
TXN0020466,0
TXN0019493,0
TXN0045899,0
TXN0012251,0
TXN0010179,0
TXN0022318,0
TXN0058622,0
TXN0038578,0
TXN0038402,0
TXN0053459,0
TXN0011580,0
TXN0019540,0
TXN0046694,0
TXN0022918,0
TXN0042633,0
TXN0034148,0
TXN0038213,0
TXN0014901,0
TXN0025275,0
TXN0003832,0
TXN0032252,0
TXN0058177,0
TXN0037544,0
TXN0037044,0
TXN0037726,0
TXN0059556,0
TXN0043884,0
TXN0049430,0
TXN0023155,0
TXN0007415,0
TXN0036020,0
TXN0006614,0
TXN0027056,0
TXN0016673,0
TXN0019459,0
TXN0012265,0
TXN0010775,0
TXN0019991,0
TXN0047068,0
TXN0015523,0
TXN0030908,0
TXN0014270,0
TXN0045095,0
TXN0044314,0
TXN0048407,0
TXN0025966,0
TXN0015042,0
TXN0046976,0
TXN0035236,0
TXN0045026,0
TXN0016654,0
TXN0031555,0
TXN0020954,0
TXN0028152,0
TXN0044525,0
TXN0013869,0
TXN0016998,0
TXN0028783,0
TXN0027794,0
TXN0042351,0
TXN0039464,0
TXN0020700,0
TXN0035948,0
TXN0047857,0
TXN0050574,0
TXN0008275,0
TXN0009065,0
TXN0043798,0
TXN0002179,0
TXN0004557,0
TXN0007812,0
TXN0045607,0
TXN0039065,0
TXN0042998,0
TXN0023854,0
TXN0014534,0
TXN0033467,0
TXN0001132,0
TXN0043410,0
TXN0010521,0
TXN0022626,0
TXN0056189,0
TXN0046002,0
TXN0002871,0
TXN0012996,0
TXN0019164,0
TXN0026536,0
TXN0034540,0
TXN0043361,0
TXN0021904,0
TXN0025792,0
TXN0034681,0
TXN0046980,0
TXN0056009,0
TXN0009256,0
TXN0052938,0
TXN0012602,0
TXN0029961,0
TXN0032598,0
TXN0055900,0
TXN0030099,0
TXN0046956,0
TXN0024729,0
TXN0015417,0
TXN0051313,0
TXN0052160,0
TXN0001105,0
TXN0055788,0
TXN0017076,0
TXN0010195,0
TXN0004956,0
TXN0041075,0
TXN0059288,0
TXN0053521,0
TXN0019149,0
TXN0020313,0
TXN0020058,0
TXN0003696,0
TXN0040546,0
TXN0042589,0
TXN0033396,0
TXN0035219,0
TXN0055334,0
TXN0057320,0
TXN0020208,0
TXN0053574,0
TXN0027228,0
TXN0041560,0
TXN0020127,0
TXN0002176,0
TXN0025242,0
TXN0019702,0
TXN0040695,0
TXN0023816,0
TXN0002787,0
TXN0012297,0
TXN0001196,0
TXN0018060,0
TXN0020331,0
TXN0040386,0
TXN0037212,0
TXN0043896,0
TXN0015514,0
TXN0059618,0
TXN0056883,0
TXN0005722,0
TXN0009135,0
TXN0043463,0
TXN0057779,0
TXN0018753,0
TXN0004967,0
TXN0018601,0
TXN0024532,0
TXN0043178,0
TXN0019710,0
TXN0036777,0
TXN0015515,0
TXN0003583,0
TXN0059830,0
TXN0018020,0
TXN0052771,0
TXN0022601,0
TXN0018852,0
TXN0012424,0
TXN0027691,0
TXN0041045,0
TXN0022357,0
TXN0028247,0
TXN0036435,0
TXN0045242,0
TXN0031312,0
TXN0021542,0
TXN0023360,0
TXN0045550,0
TXN0010211,0
TXN0036191,0
TXN0010717,0
TXN0008199,0
TXN0018793,0
TXN0019596,0
TXN0057920,0
TXN0005366,0
TXN0050081,0
TXN0002895,0
TXN0024820,0
TXN0014122,0
TXN0029290,0
TXN0034064,0
TXN0028001,0
TXN0003642,0
TXN0055852,0
TXN0033650,0
TXN0057627,0
TXN0030873,0
TXN0031030,0
TXN0038870,0
TXN0059409,0
TXN0041316,0
TXN0021642,0
TXN0005451,0
TXN0023544,0
TXN0010685,0
TXN0015449,0
TXN0007866,0
TXN0030527,0
TXN0051895,0
TXN0031279,0
TXNS00700,1
TXN0012867,0
TXN0047375,0
TXN0028328,0
TXN0042565,0
TXN0044523,0
TXN0013979,0
TXN0054110,0
TXN0042506,0
TXN0047153,0
TXN0026956,0
TXN0006474,0
TXN0028399,0
TXN0024272,0
TXN0027808,0
TXN0008811,0
TXN0027882,0
TXN0000492,0
TXN0011691,0
TXN0043527,0
TXN0001116,0
TXN0038405,0
TXN0037853,0
TXN0030722,0
TXN0001757,0
TXN0044254,0
TXN0055839,0
TXN0043309,0
TXN0031433,0
TXN0039121,0
TXN0022973,0
TXN0058762,0
TXN0044605,0
TXN0027076,0
TXNR0221,1
TXN0021625,0
TXN0036412,0
TXN0019167,0
TXN0047118,0
TXN0044769,0
TXN0055751,0
TXN0027045,0
TXN0011185,0
TXN0034464,0
TXN0054837,0
TXN0035063,0
TXN0047562,0
TXN0047464,0
TXN0005939,0
TXN0058632,0
TXN0042736,0
TXN0011033,0
TXN0036081,0
TXN0053933,0
TXN0014824,0
TXN0024734,0
TXN0057237,0
TXN0042552,0
TXN0009915,0
TXN0023989,0
TXN0032983,0
TXN0023091,0
TXN0032430,0
TXN0033840,0
TXN0008682,0
TXN0058858,0
TXN0052635,0
TXN0007006,0
TXN0054254,0
TXN0013379,0
TXN0052916,0
TXN0041420,0
TXN0022794,0
TXN0032082,0
TXN0056170,0
TXN0031226,0
TXN0046473,0
TXN0048152,0
TXN0032793,0
TXN0011704,0
TXN0043369,0
TXN0007659,0
TXN0046169,0
TXN0038458,0
TXN0042512,0
TXN0058968,0
TXN0049429,0
TXN0012721,0
TXN0009171,0
TXN0043615,0
TXN0026423,0
TXN0011908,0
TXN0033398,0
TXN0024968,0
TXN0021607,0
TXN0058116,0
TXN0041475,0
TXN0049067,0
TXN0039382,0
TXN0038011,0
TXN0033870,0
TXN0052428,0
TXN0031131,0
TXN0021729,0
TXN0027233,0
TXN0002204,0
TXN0041448,0
TXN0028572,0
TXN0024770,0
TXN0045671,0
TXN0044245,0
TXN0011308,0
TXN0013767,0
TXN0028151,0
TXN0047832,0
TXN0027606,0
TXN0045280,0
TXN0023303,0
TXN0004426,0
TXN0051359,0
TXN0020936,0
TXN0053554,0
TXN0052870,0
TXN0050124,0
TXN0020963,0
TXN0047658,0
TXN0033487,0
TXN0046607,0
TXN0006155,0
TXN0020093,0
TXN0051955,0
TXN0051718,0
TXN0004025,0
TXN0055350,0
TXN0040992,0
TXN0029336,0
TXN0017908,0
TXN0030431,0
TXN0020447,0
TXN0028038,0
TXN0015493,0
TXN0030116,0
TXN0051944,0
TXN0048861,0
TXN0051374,0
TXN0005818,0
TXN0044724,0
TXN0032245,0
TXN0003866,0
TXN0055525,0
TXN0002745,0
TXN0011867,0
TXN0043111,0
TXN0010704,0
TXN0011950,0
TXN0043791,0
TXN0019611,0
TXN0036982,0
TXN0020307,0
TXN0044864,0
TXN0026853,0
TXN0015193,0
TXN0019643,0
TXN0001401,0
TXN0031128,0
TXN0012828,0
TXN0024087,0
TXN0054131,0
TXN0036021,0
TXN0058046,0
TXN0051813,0
TXN0034926,0
TXN0041346,0
TXN0024472,0
TXN0017058,0
TXN0031881,0
TXN0037261,0
TXN0039779,0
TXN0056037,0
TXN0042965,0
TXN0036609,0
TXN0018199,0
TXN0052325,0
TXN0020132,0
TXN0028172,0
TXN0044617,0
TXN0002100,0
TXN0034441,0
TXN0010293,0
TXN0004213,0
TXN0026672,0
TXN0007480,0
TXN0050700,0
TXN0014562,0
TXN0055510,0
TXN0044283,0
TXN0008547,0
TXN0054336,0
TXN0050613,0
TXN0047591,0
TXN0016923,0
TXN0019604,0
TXN0049131,0
TXN0023554,0
TXN0047377,0
TXN0030499,0
TXN0059467,0
TXN0018135,0
TXN0020360,0
TXN0018156,0
TXN0042156,0
TXN0042838,0
TXN0010860,0
TXN0027747,0
TXN0051168,0
TXN0034773,0
TXN0053045,0
TXN0030154,0
TXN0052389,0
TXN0020808,0
TXN0059922,0
TXN0015887,0
TXN0015233,0
TXN0026654,0
TXN0046179,0
TXN0024972,0
TXN0027364,0
TXN0002257,0
TXN0013324,0
TXN0020456,0
TXN0038342,0
TXN0009083,0
TXN0054120,0
TXN0005355,0
TXN0038861,0
TXN0040703,0
TXN0022161,0
TXN0001519,0
TXN0052526,0
TXN0001378,0
TXN0022056,0
TXN0025599,0
TXN0018971,0
TXN0015206,0
TXN0054575,0
TXN0022005,0
TXN0017508,0
TXN0045968,0
TXN0001316,0
TXN0005842,0
TXN0039890,0
TXN0016211,0
TXN0012820,0
TXN0005832,0
TXN0009821,0
TXN0054040,0
TXN0045486,0
TXN0028099,0
TXN0055056,0
TXN0033290,0
TXN0024427,0
TXN0052759,0
TXN0029796,0
TXN0015372,0
TXN0033002,0
TXN0012180,0
TXN0020180,0
TXN0028694,0
TXN0006318,0
TXN0023478,0
TXN0044760,0
TXN0026586,0
TXN0057909,0
TXN0034716,0
TXN0039129,0
TXN0059263,0
TXN0032441,0
TXN0057863,0
TXN0044452,0
TXN0055243,0
TXN0048695,0
TXN0058789,0
TXN0002224,0
TXN0025682,0
TXN0043148,0
TXN0025394,0
TXN0048014,0
TXN0016209,0
TXN0031331,0
TXN0005571,0
TXN0037291,0
TXN0005793,0
TXN0053384,0
TXN0056024,0
TXN0005738,0
TXN0019008,0
TXN0037496,0
TXN0040586,0
TXN0041627,0
TXN0005276,0
TXN0055103,0
TXN0015275,0
TXN0035205,0
TXN0022440,0
TXN0014087,0
TXN0027990,0
TXN0022736,0
TXN0026917,0
TXN0044757,0
TXN0003167,0
TXN0050961,0
TXN0031897,0
TXN0051036,0
TXN0023545,0
TXN0054238,0
TXN0046520,0
TXN0024142,0
TXN0048688,0
TXN0014027,0
TXN0007016,0
TXN0046154,0
TXN0048766,0
TXN0045409,0
TXN0056577,0
TXN0037713,0
TXN0015649,0
TXN0012237,0
TXN0038814,0
TXN0028278,0
TXN0009227,0
TXN0005585,0
TXN0005590,0
TXN0033996,0
TXN0018691,0
TXN0046109,0
TXN0046101,0
TXN0031566,0
TXN0014743,0
TXN0008244,0
TXN0057416,0
TXN0016237,0
TXN0039323,0
TXN0059244,0
TXN0015373,0
TXN0012145,0
TXN0000159,0
TXN0025235,0
TXN0001589,0
TXN0054727,0
TXN0024035,0
TXN0015369,0
TXN0038333,0
TXN0023071,0
TXN0007190,0
TXN0016566,0
TXN0010576,0
TXN0030750,0
TXN0047829,0
TXN0023864,0
TXN0046132,0
TXN0034324,0
TXN0035596,0
TXN0033204,0
TXN0022173,0
TXN0015592,0
TXN0059651,0
TXN0028454,0
TXN0050740,0
TXN0023782,0
TXN0035548,0
TXN0036469,0
TXN0038454,0
TXN0053117,0
TXN0004727,0
TXN0017622,0
TXN0002951,0
TXN0054561,0
TXN0035323,0
TXN0030622,0
TXN0010350,0
TXN0055716,0
TXN0050649,0
TXN0045505,0
TXN0039233,0
TXN0040123,0
TXN0015717,0
TXN0040591,0
TXN0024297,0
TXN0012449,0
TXN0057923,0
TXN0015271,0
TXN0005185,0
TXN0022031,0
TXN0008549,0
TXN0038010,0
TXN0018514,0
TXN0028220,0
TXN0002092,0
TXN0021793,0
TXN0010207,0
TXN0044716,0
TXN0032955,0
TXN0041869,0
TXN0024322,0
TXN0052807,0
TXN0019810,0
TXN0001098,0
TXN0001381,0
TXN0056601,0
TXN0008605,0
TXN0048511,0
TXN0054189,0
TXN0021281,0
TXN0011528,0
TXN0028182,0
TXN0052327,0
TXN0015038,0
TXN0010433,0
TXN0029218,0
TXN0056908,0
TXN0041216,0
TXN0011390,0
TXN0041160,0
TXN0007295,0
TXN0051387,0
TXN0008068,0
TXN0012935,0
TXN0042727,0
TXN0020620,0
TXN0054820,0
TXN0056309,0
TXN0009764,0
TXN0032792,0
TXN0003363,0
TXN0001088,0
TXN0012866,0
TXN0010886,0
TXN0011590,0
TXN0058889,0
TXN0019225,0
TXN0010503,0
TXN0012306,0
TXN0027810,0
TXN0020536,0
TXN0049847,0
TXN0015906,0
TXN0052887,0
TXN0011944,0
TXN0039105,0
TXN0017611,0
TXN0051151,0
TXN0000276,0
TXN0012413,0
TXN0026943,0
TXN0022313,0
TXN0019337,0
TXN0052789,0
TXN0036674,0
TXN0021162,0
TXN0005845,0
TXN0036188,0
TXN0053269,0
TXN0027103,0
TXN0033905,0
TXN0051919,0
TXN0024566,0
TXN0026910,0
TXN0050876,0
TXN0024045,0
TXN0025518,0
TXN0046092,0
TXN0002490,0
TXN0021826,0
TXN0048933,0
TXN0040510,0
TXN0014482,0
TXN0045895,0
TXN0036703,0
TXN0015072,0
TXN0002384,0
TXN0008016,0
TXN0039852,0
TXN0016499,0
TXN0034631,0
TXN0048456,0
TXN0019503,0
TXN0053410,0
TXN0033132,0
TXN0041862,0
TXN0051971,0
TXN0028398,0
TXN0058673,0
TXN0056034,0
TXN0018354,0
TXN0021083,0
TXN0028753,0
TXN0003802,0
TXN0048077,0
TXN0055220,0
TXN0030386,0
TXN0036304,0
TXN0036593,0
TXN0039410,0
TXN0058070,0
TXN0012991,0
TXN0051098,0
TXN0020878,0
TXN0056277,0
TXN0013527,0
TXN0028064,0
TXN0007269,0
TXN0038115,0
TXN0040697,0
TXN0012982,0
TXN0007166,0
TXN0012869,0
TXN0029535,0
TXN0038635,0
TXN0037529,0
TXN0000882,0
TXN0032272,0
TXN0013893,0
TXN0057933,0
TXN0029689,0
TXN0000557,0
TXN0001960,0
TXN0046099,0
TXN0001207,0
TXN0025552,0
TXN0007684,0
TXN0016859,0
TXN0026086,0
TXN0055690,0
TXN0044789,0
TXN0028308,0
TXN0010485,0
TXN0019595,0
TXN0003630,0
TXN0001708,0
TXN0026421,0
TXN0024842,0
TXN0001140,0
TXN0052314,0
TXN0038975,0
TXN0010238,0
TXN0052882,0
TXN0026485,0
TXN0043171,0
TXN0035428,0
TXN0025232,0
TXN0014852,0
TXN0001307,0
TXN0018951,0
TXN0048980,0
TXN0012452,0
TXN0019218,0
TXN0039673,0
TXN0044695,0
TXN0046840,0
TXN0009429,0
TXN0034919,0
TXN0020219,0
TXN0019554,0
TXN0055568,0
TXN0057327,0
TXN0013283,0
TXN0026762,0
TXN0037772,0
TXN0055778,0
TXN0015996,0
TXN0025879,0
TXN0030654,0
TXN0034395,0
TXN0019840,0
TXN0009714,0
TXN0054083,0
TXN0000358,0
TXN0000138,0
TXN0008491,0
TXN0026132,0
TXN0016766,0
TXN0043949,0
TXN0000340,0
TXN0004857,0
TXN0050591,0
TXN0009569,0
TXN0046633,0
TXN0050098,0
TXN0010582,0
TXN0005498,0
TXN0021300,0
TXN0008556,0
TXN0010913,0
TXN0001932,0
TXN0002352,0
TXN0015848,0
TXN0003236,0
TXN0027716,0
TXN0045123,0
TXN0042261,0
TXN0039919,0
TXN0036575,0
TXN0034704,0
TXN0005619,0
TXN0014973,0
TXN0020538,0
TXN0025372,0
TXN0018800,0
TXN0006344,0
TXN0006139,0
TXN0000785,0
TXN0030403,0
TXN0023173,0
TXN0027734,0
TXN0031778,0
TXN0008036,0
TXN0008315,0
TXN0006313,0
TXN0022052,0
TXN0018556,0
TXN0002169,0
TXN0055780,0
TXN0053161,0
TXN0053492,0
TXN0050062,0
TXN0055420,0
TXN0014138,0
TXN0018693,0
TXN0026417,0
TXN0011826,0
TXN0025833,0
TXN0049114,0
TXN0006591,0
TXN0037226,0
TXN0047093,0
TXN0007597,0
TXN0042138,0
TXN0024323,0
TXN0004652,0
TXN0055370,0
TXN0028226,0
TXN0033210,0
TXN0019799,0
TXN0042359,0
TXN0007069,0
TXN0057608,0
TXN0042417,0
TXN0056657,0
TXN0005744,0
TXN0048515,0
TXN0017438,0
TXN0029504,0
TXN0048613,0
TXN0026039,0
TXN0052851,0
TXN0011951,0
TXN0000929,0
TXN0058901,0
TXN0022852,0
TXN0008767,0
TXN0050981,0
TXN0011120,0
TXN0047498,0
TXN0028797,0
TXN0011738,0
TXN0046558,0
TXN0044014,0
TXN0054698,0
TXN0050594,0
TXN0002011,0
TXN0017297,0
TXN0040379,0
TXN0052425,0
TXN0048796,0
TXN0056406,0
TXN0044179,0
TXN0018990,0
TXN0027840,0
TXN0021312,0
TXN0026167,0
TXN0039332,0
TXN0059457,0
TXN0016390,0
TXN0011172,0
TXN0040603,0
TXN0022967,0
TXN0036129,0
TXN0045734,0
TXN0042903,0
TXN0059195,0
TXN0018019,0
TXN0001141,0
TXN0058009,0
TXN0010233,0
TXN0047775,0
TXN0015434,0
TXN0016743,0
TXN0051222,0
TXN0003134,0
TXN0054312,0
TXN0039758,0
TXN0052395,0
TXN0057418,0
TXN0018626,0
TXN0017858,0
TXN0034591,0
TXN0042849,0
TXN0028011,0
TXN0036027,0
TXN0010213,0
TXN0036788,0
TXN0058384,0
TXN0024950,0
TXN0036268,0
TXN0035426,0
TXN0055715,0
TXN0017514,0
TXN0013749,0
TXN0010516,0
TXN0034587,0
TXN0007461,0
TXN0038392,0
TXN0050583,0
TXN0057239,0
TXN0039832,0
TXN0053470,0
TXN0009342,0
TXN0012336,0
TXN0037437,0
TXN0009428,0
TXN0038244,0
TXN0058281,0
TXN0001998,0
TXN0024364,0
TXN0048438,0
TXN0034624,0
TXN0002282,0
TXN0051618,0
TXN0028939,0
TXN0028669,0
TXN0053160,0
TXN0013392,0
TXN0022785,0
TXN0006439,0
TXN0027997,0
TXN0006031,0
TXN0033154,0
TXN0030373,0
TXN0034396,0
TXN0011777,0
TXN0019539,0
TXN0017154,0
TXN0046619,0
TXN0040486,0
TXN0040312,0
TXN0011381,0
TXN0004658,0
TXN0012497,0
TXN0009101,0
TXN0010058,0
TXN0034610,0
TXN0051649,0
TXN0049353,0
TXN0020584,0
TXN0036636,0
TXN0037822,0
TXN0005889,0
TXN0014376,0
TXN0019086,0
TXN0024306,0
TXN0058701,0
TXN0016715,0
TXN0036576,0
TXN0029808,0
TXN0057227,0
TXN0033703,0
TXN0010651,0
TXN0034542,0
TXN0032402,0
TXN0016977,0
TXN0024995,0
TXN0003744,0
TXN0017373,0
TXN0038211,0
TXN0057531,0
TXN0046737,0
TXN0023377,0
TXN0001875,0
TXN0022190,0
TXN0003760,0
TXN0058165,0
TXN0055726,0
TXN0035820,0
TXN0052893,0
TXN0013654,0
TXN0013146,0
TXN0058190,0
TXN0037383,0
TXN0015812,0
TXN0003321,0
TXN0057334,0
TXN0055398,0
TXN0022432,0
TXN0003311,0
TXN0056550,0
TXN0044299,0
TXN0056714,0
TXN0059232,0
TXN0012743,0
TXN0045639,0
TXN0044363,0
TXN0008210,0
TXN0044199,0
TXN0052780,0
TXN0052781,0
TXN0017740,0
TXN0021386,0
TXN0016018,0
TXN0034285,0
TXN0015114,0
TXN0022207,0
TXN0004492,0
TXN0022054,0
TXN0003112,0
TXN0049334,0
TXN0049062,0
TXN0044602,0
TXN0035634,0
TXN0033623,0
TXN0057694,0
TXN0004912,0
TXN0046628,0
TXN0005463,0
TXN0050952,0
TXN0022760,0
TXN0027005,0
TXN0005482,0
TXN0031337,0
TXN0012605,0
TXN0057529,0
TXN0051120,0
TXN0003828,0
TXN0016724,0
TXN0030502,0
TXN0037465,0
TXN0047968,0
TXN0037755,0
TXN0029075,0
TXN0037418,0
TXN0017543,0
TXN0056474,0
TXN0017709,0
TXN0043056,0
TXN0054245,0
TXN0021180,0
TXN0006796,0
TXN0005808,0
TXN0030519,0
TXN0059965,0
TXN0017839,0
TXN0005410,0
TXN0008333,0
TXN0030119,0
TXN0029538,0
TXN0002800,0
TXN0042604,0
TXN0010332,0
TXN0045496,0
TXN0024000,0
TXN0029033,0
TXN0019835,0
TXN0046546,0
TXN0040583,0
TXN0004378,0
TXN0041689,0
TXN0028933,0
TXN0021259,0
TXN0006716,0
TXN0026512,0
TXN0028369,0
TXN0052888,0
TXN0002261,0
TXN0040197,0
TXN0020389,0
TXN0042070,0
TXN0032327,0
TXN0042752,0
TXN0011190,0
TXN0051546,0
TXN0017569,0
TXN0034775,0
TXN0000193,0
TXN0046571,0
TXN0059681,0
TXN0008770,0
TXN0049068,0
TXN0030795,0
TXN0021909,0
TXN0033539,0
TXN0031259,0
TXN0043355,0
TXN0017862,0
TXN0018230,0
TXN0028803,0
TXN0012466,0
TXN0052892,0
TXN0030483,0
TXN0056931,0
TXN0024370,0
TXN0014868,0
TXN0014567,0
TXN0016789,0
TXN0059466,0
TXN0026649,0
TXN0059729,0
TXN0042856,0
TXN0049678,0
TXN0006317,0
TXN0044619,0
TXN0006581,0
TXN0026955,0
TXN0034215,0
TXN0032174,0
TXN0033110,0
TXN0023852,0
TXN0046087,0
TXN0044096,0
TXN0049879,0
TXN0020961,0
TXN0009168,0
TXN0025634,0
TXN0058708,0
TXN0030600,0
TXN0019900,0
TXN0007368,0
TXN0002044,0
TXN0007156,0
TXN0016288,0
TXN0007851,0
TXN0042946,0
TXN0044900,0
TXN0013615,0
TXN0050500,0
TXN0049812,0
TXN0030462,0
TXN0001492,0
TXN0057513,0
TXN0000778,0
TXN0054306,0
TXN0009885,0
TXN0051631,0
TXN0031600,0
TXN0009277,0
TXN0035292,0
TXN0023567,0
TXN0021174,0
TXN0005374,0
TXN0052350,0
TXN0054869,0
TXN0024173,0
TXN0040572,0
TXN0016232,0
TXN0014849,0
TXN0050139,0
TXN0008259,0
TXN0032762,0
TXN0005827,0
TXN0032808,0
TXN0026957,0
TXN0032698,0
TXN0011240,0
TXN0050914,0
TXN0029492,0
TXN0057539,0
TXN0047192,0
TXN0011639,0
TXN0006816,0
TXN0056372,0
TXN0049437,0
TXN0043472,0
TXN0031655,0
TXN0051875,0
TXN0014140,0
TXN0034228,0
TXN0057942,0
TXN0004493,0
TXN0056363,0
TXN0013074,0
TXN0050683,0
TXN0029304,0
TXN0013686,0
TXN0013947,0
TXN0011002,0
TXN0048200,0
TXN0007230,0
TXN0028365,0
TXN0048454,0
TXN0010412,0
TXN0005075,0
TXN0024264,0
TXN0021778,0
TXN0042409,0
TXN0019330,0
TXN0057732,0
TXN0059172,0
TXN0004088,0
TXN0018351,0
TXN0053909,0
TXN0034518,0
TXN0047717,0
TXN0004249,0
TXN0023383,0
TXN0049575,0
TXN0008472,0
TXN0042864,0
TXN0008787,0
TXN0022010,0
TXN0012109,0
TXN0006142,0
TXN0038429,0
TXN0046738,0
TXN0015037,0
TXN0009031,0
TXN0020980,0
TXN0002659,0
TXN0000141,0
TXN0002597,0
TXN0006701,0
TXN0015223,0
TXN0017761,0
TXN0052826,0
TXN0002454,0
TXN0022746,0
TXN0007418,0
TXN0021125,0
TXN0050290,0
TXN0010449,0
TXN0029516,0
TXN0050939,0
TXN0044898,0
TXN0056995,0
TXN0053798,0
TXN0023952,0
TXN0016843,0
TXN0055267,0
TXN0048781,0
TXN0008179,0
TXN0044333,0
TXN0050100,0
TXN0028276,0
TXN0009528,0
TXN0006370,0
TXN0037396,0
TXN0047246,0
TXN0055077,0
TXN0022424,0
TXN0033209,0
TXN0055811,0
TXN0009794,0
TXN0025215,0
TXN0041814,0
TXN0036598,0
TXN0059256,0
TXN0055296,0
TXN0028795,0
TXN0038547,0
TXN0039112,0
TXN0010693,0
TXN0001958,0
TXN0000155,0
TXN0010487,0
TXN0057851,0
TXN0037346,0
TXN0001089,0
TXN0022433,0
TXN0027516,0
TXN0012576,0
TXN0009122,0
TXN0032602,0
TXN0040718,0
TXN0011101,0
TXN0018058,0
TXN0055915,0
TXN0006980,0
TXN0006416,0
TXN0016021,0
TXN0041855,0
TXN0011439,0
TXN0018710,0
TXN0039864,0
TXN0033866,0
TXN0005433,0
TXN0057879,0
TXN0013230,0
TXN0006450,0
TXN0045096,0
TXN0043553,0
TXN0018099,0
TXN0025556,0
TXN0030112,0
TXN0024765,0
TXN0025817,0
TXN0020215,0
TXN0055451,0
TXN0036116,0
TXN0004079,0
TXN0041945,0
TXN0059185,0
TXN0000587,0
TXN0009346,0
TXN0046037,0
TXN0046305,0
TXN0056736,0
TXN0043732,0
TXN0059442,0
TXN0026475,0
TXN0046443,0
TXN0052142,0
TXN0021953,0
TXN0030090,0
TXN0016299,0
TXN0030930,0
TXN0000645,0
TXN0030129,0
TXN0044517,0
TXN0009587,0
TXN0049416,0
TXN0032220,0
TXN0011739,0
TXN0015036,0
TXN0032994,0
TXN0023172,0
TXN0024217,0
TXN0026515,0
TXN0036632,0
TXN0026819,0
TXN0043360,0
TXN0055426,0
TXN0009752,0
TXN0008004,0
TXN0016154,0
TXN0020095,0
TXN0008438,0
TXN0026170,0
TXN0001529,0
TXN0001125,0
TXN0033691,0
TXN0001283,0
TXN0053516,0
TXN0049821,0
TXN0052756,0
TXN0054260,0
TXN0042870,0
TXN0031852,0
TXN0058663,0
TXN0054400,0
TXN0039951,0
TXN0044918,0
TXN0015149,0
TXN0002591,0
TXN0005906,0
TXN0055661,0
TXN0011205,0
TXN0039901,0
TXN0002307,0
TXN0025188,0
TXN0020074,0
TXN0017071,0
TXN0046971,0
TXN0033380,0
TXN0023551,0
TXN0054262,0
TXN0019584,0
TXN0043936,0
TXN0006629,0
TXN0004135,0
TXN0001898,0
TXN0013937,0
TXN0000282,0
TXN0000258,0
TXN0011116,0
TXN0006530,0
TXN0037711,0
TXN0019206,0
TXN0014721,0
TXN0011531,0
TXN0019909,0
TXN0029139,0
TXN0006971,0
TXN0047657,0
TXN0013521,0
TXN0037991,0
TXN0002285,0
TXN0022447,0
TXN0040846,0
TXN0021038,0
TXN0021384,0
TXN0006710,0
TXN0059153,0
TXN0010403,0
TXN0021800,0
TXN0033243,0
TXN0051707,0
TXN0049159,0
TXN0006411,0
TXN0002551,0
TXN0029450,0
TXN0006852,0
TXN0032658,0
TXN0038314,0
TXN0013489,0
TXN0051578,0
TXN0023128,0
TXN0026390,0
TXN0057149,0
TXN0021253,0
TXN0018658,0
TXN0041971,0
TXN0050729,0
TXN0023648,0
TXN0025643,0
TXN0042951,0
TXN0020354,0
TXN0013565,0
TXN0022263,0
TXN0016280,0
TXN0034881,0
TXN0029118,0
TXN0054128,0
TXN0039961,0
TXN0053019,0
TXN0018489,0
TXN0006823,0
TXN0027624,0
TXN0049050,0
TXN0000781,0
TXN0014939,0
TXN0018133,0
TXN0030798,0
TXN0030932,0
TXN0010983,0
TXN0006519,0
TXN0005774,0
TXN0030933,0
TXN0013171,0
TXN0030573,0
TXN0009283,0
TXN0009369,0
TXN0012819,0
TXN0018708,0
TXN0043039,0
TXN0037823,0
TXN0010800,0
TXN0058680,0
TXN0001727,0
TXN0016994,0
TXN0048777,0
TXN0004666,0
TXN0030651,0
TXN0054565,0
TXN0024487,0
TXN0008535,0
TXN0027733,0
TXN0003750,0
TXN0012924,0
TXN0012722,0
TXN0030575,0
TXN0011407,0
TXN0000097,0
TXN0056137,0
TXN0003137,0
TXN0046136,0
TXN0014357,0
TXN0017921,0
TXN0013140,0
TXN0047945,0
TXN0003648,0
TXN0043617,0
TXN0012485,0
TXN0050669,0
TXN0001633,0
TXN0021008,0
TXN0045232,0
TXN0044629,0
TXN0055718,0
TXN0059772,0
TXN0018474,0
TXN0023481,0
TXN0006171,0
TXN0007521,0
TXN0033340,0
TXN0032316,0
TXN0009879,0
TXN0058765,0
TXN0019446,0
TXN0033365,0
TXN0015352,0
TXN0023017,0
TXN0059307,0
TXN0024259,0
TXN0057017,0
TXN0007345,0
TXN0006304,0
TXN0056994,0
TXN0059328,0
TXN0016376,0
TXN0057246,0
TXN0029055,0
TXN0022360,0
TXN0018322,0
TXN0057636,0
TXN0059109,0
TXN0034521,0
TXN0052822,0
TXN0028228,0
TXN0057002,0
TXN0018745,0
TXN0020644,0
TXN0005432,0
TXN0022669,0
TXN0045951,0
TXN0056729,0
TXN0002539,0
TXN0011929,0
TXN0050601,0
TXN0057914,0
TXN0041903,0
TXN0058332,0
TXN0054743,0
TXN0001171,0
TXN0048330,0
TXN0007927,0
TXN0059062,0
TXN0014289,0
TXN0031358,0
TXN0032262,0
TXN0057207,0
TXN0036768,0
TXN0017073,0
TXN0047299,0
TXN0015892,0
TXN0058905,0
TXN0050026,0
TXN0018681,0
TXN0040785,0
TXN0002643,0
TXN0030314,0
TXN0005347,0
TXN0030508,0
TXN0041800,0
TXN0054827,0
TXN0049733,0
TXN0032972,0
TXN0007896,0
TXN0009833,0
TXN0034782,0
TXN0028047,0
TXN0032591,0
TXN0050057,0
TXN0017015,0
TXN0008461,0
TXN0019675,0
TXN0034742,0
TXN0000162,0
TXN0037766,0
TXN0057375,0
TXN0009557,0
TXN0027037,0
TXN0037481,0
TXN0009067,0
TXN0001431,0
TXN0015261,0
TXN0023252,0
TXN0045603,0
TXN0013975,0
TXN0001619,0
TXN0007710,0
TXN0007736,0
TXN0037051,0
TXN0007531,0
TXN0046907,0
TXN0017069,0
TXN0013493,0
TXN0042821,0
TXN0043619,0
TXN0003384,0
TXN0002839,0
TXN0029312,0
TXN0057167,0
TXN0005105,0
TXN0056614,0
TXN0015078,0
TXN0029309,0
TXN0019715,0
TXN0026201,0
TXN0048709,0
TXN0043363,0
TXN0055556,0
TXN0025279,0
TXN0048201,0
TXN0002096,0
TXN0042963,0
TXN0022436,0
TXN0007999,0
TXN0029252,0
TXN0016370,0
TXN0005017,0
TXN0025122,0
TXN0017833,0
TXN0023284,0
TXN0018994,0
TXN0018284,0
TXN0024570,0
TXN0053072,0
TXN0035525,0
TXN0032373,0
TXN0006397,0
TXN0042845,0
TXN0028272,0
TXN0046698,0
TXN0054220,0
TXN0046850,0
TXN0034865,0
TXN0008329,0
TXN0030268,0
TXN0054776,0
TXN0041796,0
TXN0003471,0
TXN0045657,0
TXN0014472,0
TXN0048998,0
TXN0051323,0
TXN0018509,0
TXN0030254,0
TXN0034501,0
TXN0018394,0
TXN0030447,0
TXN0059852,0
TXN0034051,0
TXN0045253,0
TXN0012448,0
TXN0010028,0
TXN0021621,0
TXN0033787,0
TXN0016184,0
TXN0057790,0
TXN0009518,0
TXN0027386,0
TXN0025051,0
TXN0019194,0
TXN0050288,0
TXN0001651,0
TXN0033598,0
TXN0033937,0
TXN0010720,0
TXN0006256,0
TXN0028854,0
TXN0005469,0
TXN0029411,0
TXN0016044,0
TXN0010258,0
TXN0048831,0
TXN0050019,0
TXN0043934,0
TXN0013428,0
TXN0037861,0
TXN0021817,0
TXN0000541,0
TXN0042092,0
TXN0049815,0
TXN0012693,0
TXN0055506,0
TXN0005997,0
TXN0003390,0
TXN0044848,0
TXN0043922,0
TXN0028731,0
TXN0014226,0
TXN0049745,0
TXN0016029,0
TXNS00802,1
TXN0043543,0
TXN0011005,0
TXN0036727,0
TXN0027523,0
TXN0006643,0
TXN0029750,0
TXN0023225,0
TXN0053583,0
TXN0048868,0
TXN0016087,0
TXN0003586,0
TXN0029197,0
TXN0036060,0
TXN0002563,0
TXN0043590,0
TXN0027766,0
TXN0056774,0
TXN0037804,0
TXN0033848,0
TXN0038659,0
TXN0026661,0
TXN0014537,0
TXN0054118,0
TXN0002023,0
TXN0013109,0
TXN0058631,0
TXN0007909,0
TXN0058201,0
TXN0023705,0
TXN0049378,0
TXN0001013,0
TXN0047639,0
TXN0018313,0
TXN0042003,0
TXN0038019,0
TXN0009596,0
TXN0034947,0
TXN0017081,0
TXN0050276,0
TXN0023762,0
TXN0012087,0
TXN0054341,0
TXN0005110,0
TXN0024286,0
TXN0034546,0
TXN0036751,0
TXN0051786,0
TXN0015379,0
TXN0023928,0
TXN0040372,0
TXN0019873,0
TXN0013944,0
TXN0050189,0
TXN0026832,0
TXN0035851,0
TXN0010805,0
TXN0019033,0
TXN0043241,0
TXN0047701,0
TXN0019363,0
TXN0051699,0
TXN0037900,0
TXN0002159,0
TXN0031656,0
TXN0011329,0
TXN0025498,0
TXN0014042,0
TXN0014566,0
TXN0039213,0
TXN0036735,0
TXN0034196,0
TXN0003081,0
TXN0002520,0
TXN0044522,0
TXN0057792,0
TXN0042815,0
TXN0058050,0
TXN0057236,0
TXN0038787,0
TXN0016832,0
TXN0049666,0
TXN0025860,0
TXN0055147,0
TXN0022656,0
TXN0036495,0
TXN0056505,0
TXN0041321,0
TXN0022663,0
TXN0029806,0
TXN0036068,0
TXN0056447,0
TXN0009496,0
TXN0039019,0
TXN0005926,0
TXN0029725,0
TXN0051612,0
TXN0016406,0
TXN0018450,0
TXN0018037,0
TXN0008894,0
TXN0008706,0
TXN0001376,0
TXN0001724,0
TXN0027044,0
TXN0003754,0
TXN0043285,0
TXN0029739,0
TXN0020567,0
TXN0046486,0
TXN0036850,0
TXN0026062,0
TXN0044638,0
TXN0057734,0
TXN0024858,0
TXN0055731,0
TXN0053710,0
TXN0045268,0
TXN0013057,0
TXN0019921,0
TXN0048908,0
TXN0028444,0
TXN0023387,0
TXN0043541,0
TXN0020714,0
TXN0028927,0
TXN0042719,0
TXN0014571,0
TXN0029334,0
TXN0017030,0
TXN0055533,0
TXN0023911,0
TXN0033069,0
TXN0014215,0
TXN0015997,0
TXN0039933,0
TXN0028044,0
TXN0056909,0
TXN0056849,0
TXN0043950,0
TXN0050408,0
TXN0037643,0
TXN0010736,0
TXN0049190,0
TXN0048758,0
TXN0054493,0
TXN0030841,0
TXN0012258,0
TXN0056183,0
TXN0018544,0
TXN0033453,0
TXN0058326,0
TXN0011435,0
TXN0057746,0
TXN0014291,0
TXN0002461,0
TXN0012275,0
TXN0027413,0
TXN0011889,0
TXN0039896,0
TXN0049145,0
TXN0055419,0
TXN0054093,0
TXN0038714,0
TXN0004583,0
TXN0022168,0
TXN0045000,0
TXN0026806,0
TXN0023953,0
TXN0045838,0
TXN0016905,0
TXN0029921,0
TXN0058544,0
TXN0003983,0
TXN0047454,0
TXN0039071,0
TXN0042676,0
TXN0033548,0
TXN0017153,0
TXN0021991,0
TXN0005978,0
TXN0025227,0
TXN0020131,0
TXN0034964,0
TXN0046857,0
TXN0059989,0
TXN0020669,0
TXN0012504,0
TXN0042600,0
TXN0026189,0
TXN0006979,0
TXN0032125,0
TXN0050979,0
TXN0011824,0
TXN0025538,0
TXN0031182,0
TXN0052161,0
TXN0035144,0
TXN0052991,0
TXN0017630,0
TXN0023888,0
TXN0044251,0
TXN0039279,0
TXN0013279,0
TXN0028270,0
TXN0058883,0
TXN0047241,0
TXN0005439,0
TXN0010759,0
TXN0039261,0
TXN0041732,0
TXN0029956,0
TXN0027065,0
TXN0028138,0
TXN0038278,0
TXN0038098,0
TXN0045454,0
TXN0004531,0
TXN0009866,0
TXN0048355,0
TXN0049517,0
TXN0010142,0
TXN0044857,0
TXN0028903,0
TXN0022804,0
TXN0016531,0
TXN0018052,0
TXN0011280,0
TXN0035479,0
TXN0024034,0
TXN0028082,0
TXN0007788,0
TXN0036224,0
TXN0028758,0
TXN0052423,0
TXN0004940,0
TXN0041991,0
TXN0026724,0
TXN0022614,0
TXN0039851,0
TXN0030111,0
TXN0047684,0
TXN0031186,0
TXN0056492,0
TXN0025431,0
TXN0053078,0
TXN0007099,0
TXN0008080,0
TXN0049230,0
TXN0023472,0
TXN0051399,0
TXN0057376,0
TXN0057951,0
TXN0049927,0
TXN0027425,0
TXN0041674,0
TXN0056603,0
TXN0025364,0
TXN0051431,0
TXN0028671,0
TXN0020281,0
TXN0057035,0
TXN0023561,0
TXN0042080,0
TXN0006172,0
TXN0003631,0
TXN0049723,0
TXN0039040,0
TXN0025000,0
TXN0033160,0
TXN0003191,0
TXN0032784,0
TXN0030911,0
TXN0053352,0
TXN0051824,0
TXN0059479,0
TXN0055316,0
TXN0019877,0
TXN0030620,0
TXN0026035,0
TXN0058214,0
TXN0014056,0
TXN0007394,0
TXN0021223,0
TXN0033361,0
TXN0028411,0
TXN0037487,0
TXN0025121,0
TXN0038595,0
TXN0010749,0
TXN0024345,0
TXN0029300,0
TXN0055039,0
TXN0051507,0
TXN0022420,0
TXN0004798,0
TXN0010634,0
TXN0004795,0
TXN0053744,0
TXN0044002,0
TXN0041424,0
TXN0000163,0
TXN0000671,0
TXN0053420,0
TXN0047076,0
TXN0059834,0
TXN0016052,0
TXN0056532,0
TXN0047596,0
TXN0024817,0
TXN0022740,0
TXN0030784,0
TXN0025476,0
TXN0005542,0
TXN0055159,0
TXN0040761,0
TXN0024022,0
TXN0023177,0
TXN0043668,0
TXN0007758,0
TXN0037605,0
TXN0051445,0
TXN0006548,0
TXN0024282,0
TXN0004481,0
TXN0003716,0
TXN0010837,0
TXN0038908,0
TXN0009956,0
TXN0031174,0
TXN0034317,0
TXN0027605,0
TXN0026715,0
TXN0030874,0
TXN0031238,0
TXN0014818,0
TXN0051196,0
TXN0033535,0
TXN0005693,0
TXN0057022,0
TXN0032371,0
TXN0042468,0
TXN0015422,0
TXN0057009,0
TXN0052454,0
TXN0037285,0
TXN0012411,0
TXN0058773,0
TXN0057076,0
TXN0003292,0
TXN0041779,0
TXN0034171,0
TXN0001382,0
TXN0043108,0
TXN0023312,0
TXN0054823,0
TXN0034406,0
TXN0046851,0
TXN0032003,0
TXN0041568,0
TXN0023291,0
TXN0031823,0
TXN0006406,0
TXN0009074,0
TXN0028141,0
TXN0028861,0
TXN0050331,0
TXN0005448,0
TXN0029794,0
TXN0044936,0
TXN0037846,0
TXN0025032,0
TXN0030158,0
TXN0054327,0
TXN0026526,0
TXN0046332,0
TXN0049841,0
TXN0036618,0
TXN0055677,0
TXN0053889,0
TXN0039256,0
TXN0031497,0
TXN0042913,0
TXN0013828,0
TXN0039922,0
TXN0006430,0
TXN0006610,0
TXN0027286,0
TXN0037947,0
TXN0020733,0
TXN0012330,0
TXN0018268,0
TXN0051871,0
TXN0012677,0
TXN0035262,0
TXN0055099,0
TXN0052188,0
TXN0054929,0
TXN0028179,0
TXN0033613,0
TXN0008734,0
TXN0011916,0
TXN0028763,0
TXN0011871,0
TXN0045183,0
TXN0007967,0
TXN0023563,0
TXN0040108,0
TXN0046659,0
TXN0031822,0
TXN0016920,0
TXN0017347,0
TXN0039905,0
TXN0035732,0
TXN0048519,0
TXN0051681,0
TXN0048244,0
TXN0005772,0
TXN0050200,0
TXN0023429,0
TXN0051112,0
TXN0035298,0
TXN0011138,0
TXN0048563,0
TXN0014716,0
TXN0008429,0
TXN0037685,0
TXN0031055,0
TXN0025709,0
TXN0031552,0
TXN0005901,0
TXN0008286,0
TXN0053411,0
TXN0029984,0
TXN0008984,0
TXN0005656,0
TXN0028937,0
TXN0048895,0
TXN0055249,0
TXN0038675,0
TXN0007373,0
TXN0052130,0
TXN0058430,0
TXN0056154,0
TXN0006721,0
TXN0024226,0
TXN0046484,0
TXN0012686,0
TXN0008264,0
TXN0040461,0
TXN0029619,0
TXN0031750,0
TXN0028495,0
TXN0052290,0
TXN0008325,0
TXN0007629,0
TXN0045033,0
TXN0011421,0
TXN0034594,0
TXN0021932,0
TXN0025169,0
TXN0012329,0
TXN0033328,0
TXN0031982,0
TXN0036875,0
TXN0024819,0
TXN0005435,0
TXN0004437,0
TXN0010382,0
TXN0024981,0
TXN0017826,0
TXN0024837,0
TXN0037174,0
TXN0036035,0
TXN0018073,0
TXN0056726,0
TXN0042685,0
TXN0038067,0
TXN0055114,0
TXN0018880,0
TXN0047864,0
TXN0030682,0
TXN0035585,0
TXN0049492,0
TXN0018792,0
TXN0022641,0
TXN0005782,0
TXN0053728,0
TXN0016163,0
TXN0052877,0
TXN0019169,0
TXN0009715,0
TXN0010699,0
TXN0059257,0
TXN0050164,0
TXN0054432,0
TXN0004895,0
TXN0026342,0
TXN0056273,0
TXN0055701,0
TXN0020421,0
TXN0013395,0
TXN0032916,0
TXN0016669,0
TXN0032376,0
TXN0018752,0
TXN0041323,0
TXN0055251,0
TXN0026116,0
TXN0029301,0
TXN0048231,0
TXN0055922,0
TXN0037211,0
TXN0007446,0
TXN0033004,0
TXN0015901,0
TXN0034447,0
TXN0010754,0
TXN0039891,0
TXN0058748,0
TXN0042891,0
TXN0046479,0
TXN0029328,0
TXN0003083,0
TXN0033400,0
TXN0023197,0
TXN0051645,0
TXN0035433,0
TXN0000207,0
TXN0028982,0
TXN0025592,0
TXN0003374,0
TXN0010526,0
TXN0048604,0
TXN0042828,0
TXN0047556,0
TXN0030137,0
TXN0044843,0
TXN0057764,0
TXN0032007,0
TXN0053363,0
TXN0046877,0
TXN0009686,0
TXN0053026,0
TXN0019201,0
TXN0054443,0
TXN0005249,0
TXN0032581,0
TXN0008533,0
TXN0040194,0
TXN0045113,0
TXN0057997,0
TXN0040747,0
TXN0058969,0
TXN0034503,0
TXN0056549,0
TXN0014484,0
TXN0004255,0
TXN0057421,0
TXN0002475,0
TXN0010756,0
TXN0005051,0
TXN0003713,0
TXN0006704,0
TXN0050956,0
TXN0049859,0
TXN0002472,0
TXN0037957,0
TXN0010106,0
TXN0054624,0
TXN0031367,0
TXN0016456,0
TXN0014210,0
TXN0007843,0
TXN0045408,0
TXN0046820,0
TXN0045799,0
TXN0012323,0
TXN0054253,0
TXN0039532,0
TXN0025766,0
TXN0031007,0
TXN0010793,0
TXN0033893,0
TXN0017625,0
TXN0059769,0
TXN0051501,0
TXN0029371,0
TXN0044311,0
TXN0055754,0
TXN0032496,0
TXN0057355,0
TXN0023164,0
TXN0032117,0
TXN0028482,0
TXN0004358,0
TXN0046882,0
TXN0017727,0
TXN0033537,0
TXN0021400,0
TXN0007421,0
TXN0039420,0
TXN0050252,0
TXN0027213,0
TXN0009160,0
TXN0026122,0
TXN0023711,0
TXN0040390,0
TXN0033755,0
TXN0027042,0
TXN0016014,0
TXN0002852,0
TXN0011695,0
TXN0041621,0
TXN0049104,0
TXN0014996,0
TXN0017014,0
TXN0029344,0
TXN0017633,0
TXN0052331,0
TXN0049634,0
TXN0026160,0
TXN0042422,0
TXN0003040,0
TXN0016035,0
TXN0037778,0
TXN0000145,0
TXN0023384,0
TXN0036041,0
TXN0031910,0
TXN0007227,0
TXN0036451,0
TXN0055826,0
TXN0039575,0
TXN0045105,0
TXN0054851,0
TXN0034084,0
TXN0035993,0
TXN0050224,0
TXN0053967,0
TXN0059797,0
TXN0031401,0
TXN0009852,0
TXN0038520,0
TXN0010617,0
TXN0016393,0
TXN0037384,0
TXN0052249,0
TXN0028552,0
TXN0059314,0
TXN0023253,0
TXN0034068,0
TXN0023669,0
TXN0015222,0
TXN0022668,0
TXN0059388,0
TXN0013673,0
TXN0042668,0
TXN0005495,0
TXN0021675,0
TXN0042368,0
TXN0034566,0
TXN0012149,0
TXN0042435,0
TXN0054355,0
TXN0024611,0
TXN0054199,0
TXN0006441,0
TXN0008636,0
TXN0024489,0
TXN0048368,0
TXN0018743,0
TXN0023486,0
TXN0003654,0
TXN0007052,0
TXN0029734,0
TXN0048713,0
TXN0044139,0
TXN0048478,0
TXN0034054,0
TXN0052682,0
TXN0020829,0
TXN0034905,0
TXN0023171,0
TXN0043596,0
TXN0044976,0
TXN0012289,0
TXN0042641,0
TXN0054691,0
TXN0049257,0
TXN0056463,0
TXN0057480,0
TXN0013467,0
TXN0006894,0
TXN0042652,0
TXN0036378,0
TXN0027117,0
TXN0028211,0
TXN0007151,0
TXN0050115,0
TXN0006012,0
TXN0046413,0
TXN0046881,0
TXN0037650,0
TXN0049292,0
TXN0013076,0
TXN0045379,0
TXN0044814,0
TXN0036914,0
TXN0008906,0
TXN0056088,0
TXN0039310,0
TXN0021627,0
TXN0027764,0
TXN0004431,0
TXN0057570,0
TXN0033174,0
TXN0024596,0
TXN0039338,0
TXN0013178,0
TXN0026987,0
TXN0016173,0
TXN0054597,0
TXN0026966,0
TXN0025519,0
TXN0008234,0
TXN0043790,0
TXN0046819,0
TXN0011563,0
TXN0027598,0
TXN0011556,0
TXN0053551,0
TXN0016353,0
TXN0021636,0
TXN0032779,0
TXN0004760,0
TXN0001177,0
TXN0031348,0
TXN0026523,0
TXN0043461,0
TXN0035631,0
TXN0006471,0
TXN0028441,0
TXN0022612,0
TXN0041986,0
TXN0012040,0
TXN0035757,0
TXN0025537,0
TXN0056269,0
TXN0011207,0
TXN0039778,0
TXN0044298,0
TXN0014437,0
TXN0022443,0
TXN0031010,0
TXN0028144,0
TXN0008927,0
TXN0045360,0
TXN0017824,0
TXN0059783,0
TXN0031324,0
TXN0035643,0
TXN0012178,0
TXN0009108,0
TXN0034958,0
TXN0037574,0
TXN0027723,0
TXN0023616,0
TXN0003726,0
TXN0051924,0
TXN0026200,0
TXN0049606,0
TXN0041781,0
TXN0040957,0
TXN0001367,0
TXN0003712,0
TXN0038218,0
TXN0017772,0
TXN0025426,0
TXN0048406,0
TXN0033768,0
TXN0031116,0
TXN0007761,0
TXN0036321,0
TXN0004114,0
TXN0026213,0
TXN0001667,0
TXN0029165,0
TXN0035941,0
TXN0048508,0
TXN0025923,0
TXN0039882,0
TXN0000488,0
TXN0019614,0
TXN0052980,0
TXN0027208,0
TXN0006924,0
TXN0045743,0
TXN0021592,0
TXN0007848,0
TXN0005704,0
TXN0059631,0
TXN0040901,0
TXN0017087,0
TXN0037873,0
TXN0004033,0
TXN0036059,0
TXN0008125,0
TXN0044633,0
TXN0026984,0
TXN0013380,0
TXN0042287,0
TXN0059615,0
TXN0046733,0
TXN0047055,0
TXN0013598,0
TXN0057780,0
TXN0058681,0
TXN0030659,0
TXN0054061,0
TXN0037208,0
TXN0042823,0
TXN0050138,0
TXN0029259,0
TXN0059417,0
TXN0058412,0
TXN0059020,0
TXN0059247,0
TXN0024089,0
TXN0015504,0
TXN0028625,0
TXN0055409,0
TXN0022473,0
TXN0015577,0
TXN0038006,0
TXN0047414,0
TXN0048320,0
TXN0050350,0
TXN0045141,0
TXN0058760,0
TXN0013669,0
TXN0040287,0
TXN0023196,0
TXN0042759,0
TXN0041974,0
TXN0057472,0
TXN0042324,0
TXN0010225,0
TXN0056327,0
TXN0004470,0
TXN0017275,0
TXN0043753,0
TXN0001969,0
TXN0012595,0
TXN0032556,0
TXN0038525,0
TXN0022911,0
TXN0039062,0
TXN0012115,0
TXN0013605,0
TXN0040363,0
TXN0009110,0
TXN0003249,0
TXN0006570,0
TXN0006638,0
TXN0056503,0
TXN0054494,0
TXN0015398,0
TXN0023857,0
TXN0045272,0
TXN0000125,0
TXN0048938,0
TXN0038138,0
TXN0001239,0
TXN0035057,0
TXN0051892,0
TXN0041235,0
TXN0053737,0
TXN0025611,0
TXN0033997,0
TXN0009200,0
TXN0029856,0
TXN0039748,0
TXN0037946,0
TXN0028404,0
TXN0010724,0
TXN0020677,0
TXN0001058,0
TXN0039030,0
TXN0015360,0
TXN0027420,0
TXN0000281,0
TXN0025619,0
TXN0025892,0
TXN0047614,0
TXN0000968,0
TXN0016001,0
TXN0020337,0
TXN0034707,0
TXN0059773,0
TXN0017658,0
TXN0000619,0
TXN0018309,0
TXN0001742,0
TXN0017774,0
TXN0051355,0
TXN0014135,0
TXN0026155,0
TXN0009847,0
TXN0036336,0
TXN0026928,0
TXN0026788,0
TXN0015563,0
TXN0006116,0
TXN0051886,0
TXN0055204,0
TXN0035946,0
TXN0019576,0
TXN0042267,0
TXN0006099,0
TXN0056181,0
TXN0016959,0
TXN0043320,0
TXN0023040,0
TXN0023499,0
TXN0013994,0
TXN0038663,0
TXN0048403,0
TXN0006276,0
TXN0042240,0
TXN0058626,0
TXN0045917,0
TXN0011083,0
TXN0055049,0
TXN0005724,0
TXN0010831,0
TXN0016653,0
TXN0033397,0
TXN0044738,0
TXN0052233,0
TXN0052618,0
TXN0039198,0
TXN0036142,0
TXN0056214,0
TXN0012588,0
TXN0032419,0
TXN0020939,0
TXN0021927,0
TXN0013760,0
TXN0043006,0
TXN0053508,0
TXN0002113,0
TXN0057371,0
TXN0026616,0
TXN0035984,0
TXN0045893,0
TXN0003814,0
TXN0041089,0
TXN0035923,0
TXN0047064,0
TXN0035046,0
TXN0004599,0
TXN0032781,0
TXN0034414,0
TXN0029052,0
TXN0058828,0
TXN0050677,0
TXN0035133,0
TXN0004648,0
TXN0044965,0
TXN0026916,0
TXN0033142,0
TXN0057848,0
TXN0022861,0
TXN0000525,0
TXN0041899,0
TXN0011561,0
TXN0046678,0
TXN0012765,0
TXN0023279,0
TXN0026723,0
TXN0019975,0
TXN0027490,0
TXN0057056,0
TXN0019342,0
TXN0033297,0
TXN0048364,0
TXN0052866,0
TXN0021116,0
TXN0042229,0
TXN0045241,0
TXN0017778,0
TXN0029426,0
TXN0012201,0
TXN0045350,0
TXN0011171,0
TXN0026017,0
TXN0026958,0
TXN0059954,0
TXN0012003,0
TXN0022015,0
TXN0031585,0
TXN0031860,0
TXN0025849,0
TXN0006563,0
TXN0004703,0
TXN0015282,0
TXN0050864,0
TXN0048689,0
TXN0039063,0
TXN0033723,0
TXN0039443,0
TXN0036221,0
TXN0025963,0
TXN0012803,0
TXN0047908,0
TXN0008595,0
TXN0034839,0
TXN0000956,0
TXN0049310,0
TXN0046804,0
TXN0007005,0
TXN0030027,0
TXN0033120,0
TXN0046286,0
TXN0055230,0
TXN0016309,0
TXN0039004,0
TXN0045500,0
TXN0028706,0
TXN0008946,0
TXN0014025,0
TXN0058581,0
TXNR0192,1
TXN0002920,0
TXN0057655,0
TXN0048479,0
TXN0037412,0
TXN0000661,0
TXN0016082,0
TXN0039825,0
TXN0010181,0
TXN0020049,0
TXN0024363,0
TXN0049458,0
TXN0026911,0
TXN0004790,0
TXN0002356,0
TXN0044662,0
TXN0028380,0
TXN0018311,0
TXN0059652,0
TXN0052579,0
TXN0020022,0
TXN0031890,0
TXN0026745,0
TXN0017650,0
TXN0013612,0
TXN0001560,0
TXN0044555,0
TXN0010326,0
TXN0007179,0
TXN0015349,0
TXN0015313,0
TXN0046026,0
TXN0036877,0
TXN0029545,0
TXN0057019,0
TXN0021288,0
TXN0056446,0
TXN0033282,0
TXN0033662,0
TXN0008601,0
TXN0016405,0
TXN0027961,0
TXNS00900,1
TXN0000899,0
TXN0032975,0
TXN0058627,0
TXN0033226,0
TXN0026630,0
TXN0035198,0
TXN0024826,0
TXN0013629,0
TXN0025683,0
TXN0003389,0
TXN0026289,0
TXN0036679,0
TXN0054535,0
TXN0025291,0
TXN0033320,0
TXN0026015,0
TXN0052296,0
TXN0039685,0
TXN0018440,0
TXN0001925,0
TXN0049786,0
TXN0038850,0
TXN0057660,0
TXN0059074,0
TXN0051047,0
TXN0025003,0
TXN0009078,0
TXN0000105,0
TXN0003041,0
TXN0016369,0
TXN0010361,0
TXN0050861,0
TXN0032857,0
TXN0023398,0
TXN0015525,0
TXN0043201,0
TXN0052326,0
TXN0050069,0
TXN0056985,0
TXN0047219,0
TXN0023116,0
TXN0018333,0
TXN0045004,0
TXN0046824,0
TXN0027424,0
TXN0006368,0
TXN0049153,0
TXN0057184,0
TXN0022431,0
TXN0009127,0
TXN0008905,0
TXN0035488,0
TXN0048787,0
TXN0030811,0
TXN0029781,0
TXN0046389,0
TXN0008783,0
TXN0048590,0
TXN0059881,0
TXN0052269,0
TXN0039499,0
TXN0043408,0
TXN0009768,0
TXN0046167,0
TXN0003762,0
TXN0032981,0
TXN0049930,0
TXN0030087,0
TXN0052648,0
TXN0058364,0
TXN0051195,0
TXN0041688,0
TXN0021804,0
TXN0006154,0
TXN0026143,0
TXN0041125,0
TXN0017773,0
TXN0029009,0
TXN0030015,0
TXN0026589,0
TXN0057617,0
TXN0036935,0
TXN0020172,0
TXN0029759,0
TXN0057738,0
TXN0016967,0
TXNS00401,1
TXN0035201,0
TXN0049268,0
TXN0055796,0
TXN0005109,0
TXN0056251,0
TXN0009208,0
TXN0058588,0
TXN0008712,0
TXN0034531,0
TXN0051027,0
TXN0013547,0
TXN0028541,0
TXN0011536,0
TXN0047837,0
TXN0003224,0
TXN0000526,0
TXN0056877,0
TXN0015251,0
TXN0052098,0
TXN0053625,0
TXN0044859,0
TXN0005655,0
TXN0041652,0
TXN0038827,0
TXN0017343,0
TXN0039110,0
TXN0030707,0
TXN0020017,0
TXN0046765,0
TXN0017434,0
TXN0008782,0
TXN0008711,0
TXN0003380,0
TXN0036444,0
TXN0005776,0
TXN0050136,0
TXN0039341,0
TXN0021563,0
TXN0034375,0
TXN0019994,0
TXN0018639,0
TXN0023019,0
TXN0029863,0
TXN0026385,0
TXN0048651,0
TXN0017175,0
TXN0041752,0
TXN0019440,0
TXN0026431,0
TXN0048290,0
TXN0001980,0
TXN0011425,0
TXN0019982,0
TXN0050085,0
TXN0044923,0
TXN0012857,0
TXN0007424,0
TXN0005626,0
TXN0032196,0
TXN0034450,0
TXN0048901,0
TXN0053331,0
TXN0028602,0
TXN0016335,0
TXN0039214,0
TXN0053268,0
TXN0033756,0
TXN0032347,0
TXN0028087,0
TXN0047851,0
TXN0044413,0
TXN0052048,0
TXN0052930,0
TXN0022042,0
TXN0011722,0
TXN0003093,0
TXN0052307,0
TXN0013261,0
TXN0046766,0
TXN0050975,0
TXN0023411,0
TXN0017482,0
TXN0010396,0
TXN0035612,0
TXN0041846,0
TXN0003342,0
TXN0016422,0
TXN0032232,0
TXN0006540,0
TXN0023650,0
TXN0014288,0
TXN0057859,0
TXN0036124,0
TXN0013025,0
TXN0026029,0
TXN0011745,0
TXN0044569,0
TXN0058562,0
TXN0029241,0
TXN0027082,0
TXN0027570,0
TXN0047182,0
TXN0031598,0
TXN0007813,0
TXN0059757,0
TXN0057372,0
TXN0021510,0
TXN0027083,0
TXN0035196,0
TXN0021427,0
TXN0021730,0
TXN0025338,0
TXN0011939,0
TXN0021195,0
TXN0024860,0
TXN0049838,0
TXN0037567,0
TXN0023821,0
TXN0002353,0
TXN0055505,0
TXN0049146,0
TXN0011383,0
TXN0020953,0
TXN0057365,0
TXN0051904,0
TXN0009077,0
TXN0008073,0
TXN0014859,0
TXN0050192,0
TXN0059440,0
TXN0007491,0
TXN0050417,0
TXN0045539,0
TXN0059066,0
TXN0007059,0
TXN0013507,0
TXN0016661,0
TXN0005084,0
TXN0026660,0
TXN0025821,0
TXN0035150,0
TXN0033339,0
TXN0001435,0
TXN0013281,0
TXN0042207,0
TXN0021736,0
TXN0029257,0
TXN0044486,0
TXN0047517,0
TXN0010706,0
TXN0005445,0
TXN0001007,0
TXN0031575,0
TXN0037311,0
TXN0012987,0
TXN0007009,0
TXN0031966,0
TXN0034832,0
TXN0001136,0
TXN0009882,0
TXN0030220,0
TXN0021727,0
TXN0010177,0
TXN0033062,0
TXN0026123,0
TXN0026588,0
TXN0057932,0
TXN0048845,0
TXN0018787,0
TXN0026705,0
TXN0036766,0
TXN0042534,0
TXN0036509,0
TXN0011700,0
TXN0022890,0
TXN0002719,0
TXN0040329,0
TXN0012713,0
TXN0047638,0
TXN0054302,0
TXN0049138,0
TXN0002808,0
TXN0009017,0
TXN0049708,0
TXN0048874,0
TXN0022534,0
TXN0053947,0
TXN0002469,0
TXN0003738,0
TXN0020670,0
TXN0046249,0
TXN0026292,0
TXN0032088,0
TXN0051756,0
TXN0033130,0
TXN0039692,0
TXN0018088,0
TXN0031290,0
TXN0047456,0
TXN0002139,0
TXN0019623,0
TXN0051535,0
TXN0007314,0
TXN0020695,0
TXN0034080,0
TXN0026572,0
TXN0053082,0
TXN0006183,0
TXN0030561,0
TXN0011303,0
TXN0001591,0
TXN0059246,0
TXN0018546,0
TXN0002396,0
TXN0049469,0
TXN0047327,0
TXN0009516,0
TXN0038001,0
TXN0058494,0
TXN0021452,0
TXN0020420,0
TXN0041755,0
TXN0003020,0
TXN0009903,0
TXN0040996,0
TXN0029125,0
TXN0041873,0
TXN0046681,0
TXN0005295,0
TXN0003972,0
TXN0021754,0
TXN0014663,0
TXN0004133,0
TXN0033742,0
TXN0040059,0
TXN0025559,0
TXN0015585,0
TXN0050106,0
TXN0042520,0
TXN0046542,0
TXN0029192,0
TXN0028841,0
TXN0025931,0
TXN0023265,0
TXN0037784,0
TXN0017602,0
TXN0032284,0
TXN0043642,0
TXN0023874,0
TXN0046007,0
TXN0018024,0
TXN0017674,0
TXN0044641,0
TXN0017764,0
TXN0034701,0
TXN0037443,0
TXN0010222,0
TXN0033660,0
TXN0007287,0
TXN0054028,0
TXN0007906,0
TXN0028831,0
TXN0024578,0
TXN0047319,0
TXN0056464,0
TXN0026685,0
TXN0025425,0
TXN0018850,0
TXN0007657,0
TXN0042874,0
TXN0026172,0
TXN0030448,0
TXN0018297,0
TXN0011362,0
TXN0046600,0
TXN0051888,0
TXN0000726,0
TXN0007214,0
TXN0008245,0
TXN0050948,0
TXN0015876,0
TXN0052997,0
TXN0014199,0
TXN0055554,0
TXN0043513,0
TXN0027376,0
TXN0017320,0
TXN0051417,0
TXN0049976,0
TXN0040042,0
TXN0011593,0
TXN0034157,0
TXN0036332,0
TXN0041844,0
TXN0038197,0
TXN0015934,0
TXN0048988,0
TXN0056979,0
TXN0054842,0
TXN0014899,0
TXN0024262,0
TXN0048280,0
TXN0014561,0
TXN0034636,0
TXN0029757,0
TXN0040970,0
TXN0056638,0
TXN0000806,0
TXN0037573,0
TXN0032123,0
TXN0041898,0
TXN0045028,0
TXN0058882,0
TXNS01111,1
TXN0043194,0
TXN0031883,0
TXN0009155,0
TXN0023895,0
TXN0057208,0
TXN0015152,0
TXN0004494,0
TXN0035400,0
TXN0047054,0
TXN0058490,0
TXN0025280,0
TXN0057775,0
TXN0040600,0
TXN0053540,0
TXN0047037,0
TXN0032913,0
TXN0055619,0
TXN0034801,0
TXN0032413,0
TXN0024951,0
TXN0033933,0
TXN0044460,0
TXN0002050,0
TXN0020144,0
TXN0032733,0
TXN0010816,0
TXN0012676,0
TXN0053587,0
TXN0003430,0
TXN0024574,0
TXN0058270,0
TXN0039837,0
TXN0037129,0
TXN0010616,0
TXN0018155,0
TXN0019895,0
TXN0033039,0
TXN0012984,0
TXN0008436,0
TXN0051184,0
TXN0029629,0
TXN0045084,0
TXN0059816,0
TXN0041773,0
TXN0059667,0
TXN0030586,0
TXN0003810,0
TXN0013919,0
TXN0048543,0
TXN0029969,0
TXN0027788,0
TXN0009996,0
TXN0029430,0
TXN0037114,0
TXN0000545,0
TXN0052393,0
TXN0058082,0
TXN0008502,0
TXN0044481,0
TXN0015229,0
TXN0009323,0
TXN0013737,0
TXNS00510,1
TXN0028687,0
TXN0048288,0
TXN0027345,0
TXN0007564,0
TXN0050072,0
TXN0015317,0
TXN0054620,0
TXN0044547,0
TXN0006640,0
TXN0028535,0
TXN0056846,0
TXN0040998,0
TXN0012651,0
TXN0023510,0
TXN0020662,0
TXN0031705,0
TXN0002983,0
TXN0029866,0
TXN0016514,0
TXN0013409,0
TXN0057132,0
TXN0030907,0
TXN0035435,0
TXN0056290,0
TXN0052375,0
TXN0009374,0
TXN0024077,0
TXN0021776,0
TXN0000614,0
TXN0052713,0
TXN0017850,0
TXN0037265,0
TXN0019426,0
TXN0025510,0
TXN0051571,0
TXN0054237,0
TXN0036062,0
TXN0006737,0
TXN0034268,0
TXN0029398,0
TXN0041786,0
TXN0017905,0
TXN0058832,0
TXN0015023,0
TXN0011122,0
TXN0004232,0
TXN0024070,0
TXN0008820,0
TXN0037198,0
TXN0044813,0
TXN0016774,0
TXN0028921,0
TXN0019541,0
TXN0056276,0
TXN0022297,0
TXN0012182,0
TXN0041360,0
TXN0004806,0
TXN0029711,0
TXN0058579,0
TXN0027935,0
TXN0057390,0
TXN0046617,0
TXN0057196,0
TXN0025064,0
TXN0053145,0
TXN0011918,0
TXN0054539,0
TXN0055761,0
TXN0015896,0
TXN0005319,0
TXN0059925,0
TXN0039887,0
TXN0002421,0
TXN0054756,0
TXN0001750,0
TXN0011344,0
TXN0051860,0
TXN0012254,0
TXN0059743,0
TXN0000338,0
TXN0024791,0
TXN0044623,0
TXN0001341,0
TXN0059478,0
TXN0057134,0
TXN0028470,0
TXN0036408,0
TXN0049481,0
TXN0021520,0
TXN0035772,0
TXN0006960,0
TXN0004090,0
TXN0049082,0
TXN0026212,0
TXN0051474,0
TXN0023051,0
TXN0023393,0
TXN0020581,0
TXN0019933,0
TXN0009650,0
TXN0041131,0
TXN0020587,0
TXN0034020,0
TXN0028145,0
TXN0045186,0
TXN0024354,0
TXN0013350,0
TXN0058645,0
TXN0055337,0
TXN0018023,0
TXN0009130,0
TXN0000060,0
TXN0034008,0
TXN0054912,0
TXN0037904,0
TXN0035111,0
TXN0015048,0
TXN0034888,0
TXN0001524,0
TXN0040385,0
TXN0032921,0
TXN0047304,0
TXN0000481,0
TXN0038890,0
TXN0045420,0
TXN0024058,0
TXN0056253,0
TXN0012112,0
TXN0015850,0
TXN0031987,0
TXN0001762,0
TXN0048594,0
TXN0048275,0
TXN0008942,0
TXN0040483,0
TXN0021792,0
TXN0023863,0
TXN0055364,0
TXN0029077,0
TXN0004853,0
TXN0002711,0
TXN0023150,0
TXN0053302,0
TXN0028769,0
TXN0050485,0
TXN0031463,0
TXN0011046,0
TXN0024762,0
TXN0025712,0
TXN0006819,0
TXN0024063,0
TXN0054567,0
TXN0053002,0
TXN0057492,0
TXN0053276,0
TXN0013081,0
TXN0021874,0
TXN0011555,0
TXN0021172,0
TXN0019250,0
TXN0050538,0
TXN0038709,0
TXN0035835,0
TXN0058743,0
TXN0036397,0
TXN0051833,0
TXN0029373,0
TXN0024027,0
TXN0035796,0
TXN0035737,0
TXN0011664,0
TXN0027529,0
TXN0008646,0
TXN0047924,0
TXN0055288,0
TXN0046828,0
TXN0030987,0
TXN0057953,0
TXN0004263,0
TXN0029402,0
TXN0017029,0
TXN0015646,0
TXN0040760,0
TXN0051226,0
TXN0016725,0
TXN0040809,0
TXN0048756,0
TXN0001622,0
TXN0012875,0
TXN0056293,0
TXN0031896,0
TXN0022180,0
TXN0039952,0
TXN0059156,0
TXN0031653,0
TXN0057384,0
TXN0038243,0
TXN0026665,0
TXN0031889,0
TXN0056133,0
TXN0016458,0
TXN0008996,0
TXN0011372,0
TXN0041401,0
TXN0055961,0
TXN0051203,0
TXN0051693,0
TXN0017685,0
TXN0055029,0
TXN0023752,0
TXN0034072,0
TXN0041196,0
TXN0036801,0
TXN0035367,0
TXN0012808,0
TXN0002573,0
TXN0027856,0
TXN0035954,0
TXN0028529,0
TXN0051920,0
TXN0037599,0
TXN0020607,0
TXN0048854,0
TXN0024557,0
TXN0002106,0
TXN0019063,0
TXN0048285,0
TXN0045648,0
TXN0029975,0
TXN0017771,0
TXN0043861,0
TXN0058539,0
TXN0055138,0
TXN0007083,0
TXN0045960,0
TXN0001279,0
TXN0013221,0
TXN0033572,0
TXN0014596,0
TXN0050707,0
TXN0053643,0
TXN0011382,0
TXN0037334,0
TXN0029378,0
TXN0059675,0
TXN0015358,0
TXN0037609,0
TXN0019978,0
TXN0022419,0
TXN0023236,0
TXN0042880,0
TXN0008705,0
TXN0053329,0
TXN0031419,0
TXN0050460,0
TXN0013859,0
TXN0041874,0
TXN0036220,0
TXN0020079,0
TXN0053394,0
TXN0002198,0
TXN0016032,0
TXN0058118,0
TXN0004425,0
TXN0006150,0
TXN0047057,0
TXN0017327,0
TXN0000822,0
TXN0047838,0
TXN0021389,0
TXN0055764,0
TXN0041124,0
TXN0054771,0
TXN0053699,0
TXN0012175,0
TXN0018922,0
TXN0047917,0
TXN0009503,0
TXN0031821,0
TXN0021591,0
TXN0059432,0
TXN0007970,0
TXN0013575,0
TXN0035822,0
TXN0020059,0
TXN0024160,0
TXN0039986,0
TXN0006722,0
TXN0003300,0
TXN0019694,0
TXN0031480,0
TXN0056373,0
TXN0008519,0
TXN0049148,0
TXN0010682,0
TXN0030678,0
TXN0047063,0
TXN0055106,0
TXN0010998,0
TXN0045368,0
TXN0049984,0
TXN0044039,0
TXN0059854,0
TXN0019846,0
TXN0026399,0
TXN0040411,0
TXN0016438,0
TXN0047190,0
TXN0052603,0
TXN0055457,0
TXN0010093,0
TXN0034249,0
TXN0037641,0
TXN0013087,0
TXN0048770,0
TXN0040806,0
TXN0012342,0
TXN0052487,0
TXN0055168,0
TXN0054078,0
TXN0025522,0
TXN0038565,0
TXN0011485,0
TXN0026737,0
TXN0038000,0
TXN0054235,0
TXN0006645,0
TXN0028865,0
TXN0048302,0
TXN0038258,0
TXN0033536,0
TXN0018449,0
TXN0023570,0
TXN0028071,0
TXN0007311,0
TXN0024861,0
TXN0042460,0
TXN0020908,0
TXN0027952,0
TXN0002717,0
TXN0002079,0
TXN0027965,0
TXN0058066,0
TXN0033719,0
TXN0024442,0
TXN0002482,0
TXN0026838,0
TXN0041949,0
TXN0001759,0
TXN0009984,0
TXN0020806,0
TXN0055856,0
TXN0009916,0
TXN0021566,0
TXN0031195,0
TXN0024917,0
TXN0052853,0
TXN0037011,0
TXN0049840,0
TXN0019816,0
TXN0046163,0
TXN0004944,0
TXN0050118,0
TXN0027696,0
TXN0038356,0
TXN0016241,0
TXN0010395,0
TXN0019097,0
TXN0004757,0
TXN0028734,0
TXN0037148,0
TXN0055472,0
TXN0046240,0
TXN0022359,0
TXN0019956,0
TXN0045765,0
TXN0005299,0
TXN0001990,0
TXN0045080,0
TXN0045719,0
TXN0050357,0
TXN0013490,0
TXN0004971,0
TXN0059755,0
TXN0045994,0
TXN0006783,0
TXN0036368,0
TXN0055642,0
TXN0057761,0
TXN0008666,0
TXN0008070,0
TXN0008577,0
TXN0007973,0
TXN0043082,0
TXN0034393,0
TXN0049688,0
TXN0025150,0
TXN0040738,0
TXN0013224,0
TXN0032409,0
TXN0036980,0
TXN0039224,0
TXN0052659,0
TXN0057545,0
TXN0031880,0
TXN0009524,0
TXN0056264,0
TXN0011694,0
TXN0002708,0
TXN0054183,0
TXN0039282,0
TXN0037430,0
TXN0053173,0
TXN0034622,0
TXN0035840,0
TXN0019256,0
TXN0052182,0
TXN0058549,0
TXN0047523,0
TXN0001645,0
TXN0036185,0
TXN0036244,0
TXN0022116,0
TXN0011053,0
TXN0034560,0
TXN0013718,0
TXN0047882,0
TXN0003797,0
TXN0003368,0
TXN0044327,0
TXN0039964,0
TXN0020530,0
TXN0054261,0
TXN0055176,0
TXN0044409,0
TXN0041563,0
TXN0027632,0
TXN0059104,0
TXN0000126,0
TXN0038727,0
TXN0053028,0
TXN0046403,0
TXN0015343,0
TXN0037219,0
TXN0039915,0
TXN0019915,0
TXN0027306,0
TXN0033595,0
TXN0026215,0
TXN0056942,0
TXN0015328,0
TXN0017368,0
TXN0044241,0
TXN0007783,0
TXN0010380,0
TXN0010457,0
TXN0002443,0
TXN0024938,0
TXN0010541,0
TXN0049497,0
TXN0000814,0
TXN0055318,0
TXN0012999,0
TXN0044165,0
TXN0058771,0
TXN0043879,0
TXN0014153,0
TXN0012298,0
TXN0005779,0
TXN0034884,0
TXN0033561,0
TXN0010147,0
TXN0039666,0
TXN0035442,0
TXN0016478,0
TXN0048538,0
TXN0020609,0
TXN0003756,0
TXN0035659,0
TXN0018755,0
TXN0014382,0
TXN0020103,0
TXN0035996,0
TXN0040631,0
TXN0006359,0
TXN0058965,0
TXN0029486,0
TXN0023710,0
TXN0055180,0
TXN0046197,0
TXN0043872,0
TXN0051017,0
TXN0046714,0
TXN0037380,0
TXN0032265,0
TXN0019029,0
TXN0002243,0
TXN0038141,0
TXN0002336,0
TXN0017334,0
TXN0032154,0
TXN0044028,0
TXN0001120,0
TXN0032184,0
TXN0010789,0
TXN0051356,0
TXN0033187,0
TXN0000922,0
TXN0009446,0
TXN0025053,0
TXN0005408,0
TXN0005788,0
TXN0054894,0
TXN0015374,0
TXN0056819,0
TXN0021951,0
TXN0031273,0
TXN0024519,0
TXN0017586,0
TXN0031110,0
TXN0027202,0
TXN0054917,0
TXN0041157,0
TXN0001970,0
TXN0011302,0
TXN0004018,0
TXN0026727,0
TXN0036455,0
TXN0018381,0
TXN0053185,0
TXN0045558,0
TXN0011246,0
TXN0034016,0
TXN0002192,0
TXN0019096,0
TXN0009184,0
TXN0018574,0
TXN0037438,0
TXN0021526,0
TXN0005984,0
TXN0006565,0
TXN0007804,0
TXN0011954,0
TXN0039711,0
TXN0028173,0
TXN0029287,0
TXN0009510,0
TXN0043303,0
TXN0018520,0
TXN0017449,0
TXN0014060,0
TXN0016984,0
TXN0020611,0
TXN0040345,0
TXN0000077,0
TXN0023930,0
TXN0019282,0
TXN0015524,0
TXN0021204,0
TXN0058658,0
TXN0023325,0
TXN0030523,0
TXN0055565,0
TXN0058596,0
TXN0041832,0
TXN0008007,0
TXN0021852,0
TXN0005951,0
TXN0043925,0
TXN0036159,0
TXN0005415,0
TXN0051712,0
TXN0008162,0
TXN0019019,0
TXN0005256,0
TXN0036298,0
TXN0008567,0
TXN0001908,0
TXN0042929,0
TXN0000235,0
TXN0012219,0
TXN0031037,0
TXN0017988,0
TXN0040752,0
TXN0042078,0
TXN0028253,0
TXN0036258,0
TXN0026614,0
TXN0032293,0
TXN0014231,0
TXN0027534,0
TXN0051146,0
TXN0051976,0
TXN0019216,0
TXN0043336,0
TXN0001342,0
TXN0008512,0
TXN0034387,0
TXN0005287,0
TXN0051212,0
TXN0039809,0
TXN0002219,0
TXN0009865,0
TXN0022422,0
TXN0016644,0
TXN0059216,0
TXN0045745,0
TXN0058245,0
TXN0020128,0
TXN0047362,0
TXN0051178,0
TXN0039756,0
TXN0032254,0
TXN0020618,0
TXN0001917,0
TXN0001828,0
TXN0042533,0
TXN0045375,0
TXN0012941,0
TXN0039001,0
TXN0002048,0
TXN0039051,0
TXN0036976,0
TXN0045587,0
TXN0049376,0
TXN0058067,0
TXN0026386,0
TXN0042101,0
TXN0030105,0
TXN0006469,0
TXN0032043,0
TXN0059287,0
TXN0046514,0
TXN0048153,0
TXN0013703,0
TXN0010954,0
TXN0000846,0
TXN0053441,0
TXN0038328,0
TXN0013234,0
TXN0047077,0
TXN0018935,0
TXN0046685,0
TXN0000117,0
TXN0041605,0
TXN0022350,0
TXN0057347,0
TXN0028746,0
TXN0014043,0
TXN0041427,0
TXN0056641,0
TXN0016389,0
TXN0038110,0
TXN0009111,0
TXN0010787,0
TXN0004324,0
TXN0050215,0
TXN0035358,0
TXN0024818,0
TXN0013046,0
TXN0058504,0
TXN0027446,0
TXN0020119,0
TXN0013918,0
TXN0010589,0
TXN0052669,0
TXN0056138,0
TXN0011613,0
TXN0027139,0
TXN0006767,0
TXN0005622,0
TXN0001605,0
TXN0050885,0
TXN0026900,0
TXN0027285,0
TXN0059179,0
TXN0058656,0
TXN0028024,0
TXN0003812,0
TXN0047045,0
TXN0017260,0
TXN0010554,0
TXN0010167,0
TXN0034529,0
TXN0048447,0
TXN0054553,0
TXN0019123,0
TXN0035240,0
TXN0015913,0
TXN0006738,0
TXN0023275,0
TXN0015728,0
TXN0012199,0
TXN0007943,0
TXN0012910,0
TXN0014369,0
TXN0026069,0
TXN0053358,0
TXN0006371,0
TXN0026734,0
TXN0058513,0
TXN0016616,0
TXN0008258,0
TXN0007561,0
TXN0042563,0
TXN0006168,0
TXN0044243,0
TXN0003596,0
TXN0039056,0
TXN0004632,0
TXN0047915,0
TXN0049277,0
TXN0056793,0
TXN0006229,0
TXN0029926,0
TXN0050448,0
TXN0051128,0
TXN0059382,0
TXN0059323,0
TXN0010267,0
TXN0045540,0
TXN0038518,0
TXN0008152,0
TXN0046271,0
TXN0035854,0
TXN0034674,0
TXN0039650,0
TXN0023333,0
TXN0040441,0
TXN0052497,0
TXN0040940,0
TXN0001531,0
TXN0038638,0
TXN0055658,0
TXN0019181,0
TXN0017302,0
TXN0018030,0
TXN0005122,0
TXN0005126,0
TXN0046391,0
TXN0015034,0
TXN0004621,0
TXN0039577,0
TXN0016748,0
TXN0048513,0
TXN0044247,0
TXN0002125,0
TXN0008150,0
TXN0028699,0
TXN0008717,0
TXN0045781,0
TXN0000055,0
TXN0017022,0
TXN0000302,0
TXN0022195,0
TXN0050428,0
TXN0014178,0
TXN0013568,0
TXN0029721,0
TXN0004432,0
TXN0052796,0
TXN0053295,0
TXN0019262,0
TXN0045162,0
TXN0055645,0
TXN0010478,0
TXN0043221,0
TXN0005240,0
TXN0022574,0
TXN0010488,0
TXN0023321,0
TXN0023624,0
TXN0016282,0
TXN0046892,0
TXN0026329,0
TXN0042928,0
TXN0051745,0
TXN0027693,0
TXN0018777,0
TXN0016907,0
TXN0039144,0
TXN0039749,0
TXN0013716,0
TXN0023061,0
TXN0036668,0
TXN0037545,0
TXN0045659,0
TXN0021969,0
TXN0021508,0
TXN0057108,0
TXN0023954,0
TXN0011314,0
TXN0055929,0
TXN0028732,0
TXN0010161,0
TXN0049823,0
TXN0004188,0
TXN0033434,0
TXN0036034,0
TXN0018271,0
TXN0041240,0
TXN0042679,0
TXN0045415,0
TXN0058243,0
TXN0024071,0
TXN0022415,0
TXN0011637,0
TXN0006090,0
TXN0006238,0
TXN0015183,0
TXN0040118,0
TXN0024214,0
TXN0017144,0
TXN0006254,0
TXN0051058,0
TXN0045002,0
TXN0012015,0
TXN0036586,0
TXN0039037,0
TXN0004300,0
TXN0005569,0
TXN0014388,0
TXN0007941,0
TXN0027169,0
TXN0036932,0
TXN0055123,0
TXN0019963,0
TXN0051984,0
TXN0021833,0
TXN0019856,0
TXN0055479,0
TXN0049289,0
TXN0039811,0
TXN0037660,0
TXN0051332,0
TXN0043088,0
TXN0056882,0
TXN0052329,0
TXN0004854,0
TXN0004637,0
TXN0054267,0
TXN0042318,0
TXN0031703,0
TXN0056800,0
TXN0053413,0
TXN0028920,0
TXN0017715,0
TXN0010209,0
TXN0023386,0
TXN0025934,0
TXN0006941,0
TXN0008017,0
TXN0055393,0
TXN0042289,0
TXN0006949,0
TXN0039649,0
TXN0013051,0
TXN0015781,0
TXN0053682,0
TXN0026698,0
TXN0037441,0
TXN0012173,0
TXN0039764,0
TXN0001252,0
TXN0044238,0
TXN0015254,0
TXN0019758,0
TXN0019198,0
TXN0053871,0
TXN0022928,0
TXN0042808,0
TXN0037626,0
TXN0024285,0
TXN0041348,0
TXN0008427,0
TXN0050229,0
TXN0042944,0
TXN0037131,0
TXN0032049,0
TXN0028538,0
TXN0049922,0
TXN0043125,0
TXN0058017,0
TXN0049401,0
TXN0014489,0
TXN0058918,0
TXN0007239,0
TXN0047198,0
TXN0036187,0
TXN0026657,0
TXN0042783,0
TXN0059565,0
TXN0037744,0
TXN0004544,0
TXN0021949,0
TXN0057091,0
TXN0017100,0
TXN0053932,0
TXN0045106,0
TXN0034816,0
TXN0038765,0
TXN0055752,0
TXN0056397,0
TXN0048212,0
TXN0013456,0
TXN0053330,0
TXN0032201,0
TXN0004809,0
TXN0010916,0
TXN0003636,0
TXN0023524,0
TXN0023574,0
TXN0050612,0
TXN0015106,0
TXN0038757,0
TXN0009860,0
TXNS00711,1
TXN0018384,0
TXN0012763,0
TXN0029189,0
TXN0047926,0
TXN0040943,0
TXN0000404,0
TXN0000384,0
TXN0008702,0
TXN0040034,0
TXN0010344,0
TXN0018017,0
TXN0020384,0
TXN0046540,0
TXN0021168,0
TXN0006938,0
TXN0006970,0
TXN0020309,0
TXN0004158,0
TXN0023833,0
TXN0059408,0
TXN0046318,0
TXN0008415,0
TXN0034961,0
TXN0027712,0
TXN0059168,0
TXN0001015,0
TXN0037892,0
TXN0029548,0
TXN0056570,0
TXN0023793,0
TXN0058141,0
TXN0019255,0
TXN0000009,0
TXN0010136,0
TXN0050990,0
TXN0004804,0
TXN0049407,0
TXN0056178,0
TXN0005713,0
TXN0045445,0
TXN0052476,0
TXN0056866,0
TXN0034349,0
TXN0027532,0
TXN0017308,0
TXN0031471,0
TXN0035547,0
TXN0057043,0
TXN0055284,0
TXN0013216,0
TXN0038088,0
TXN0040080,0
TXN0056254,0
TXN0047605,0
TXN0038810,0
TXN0020159,0
TXN0004835,0
TXN0037732,0
TXN0027355,0
TXN0033307,0
TXN0031921,0
TXN0040251,0
TXN0019129,0
TXN0036487,0
TXN0055971,0
TXN0046427,0
TXN0009337,0
TXN0029703,0
TXN0053620,0
TXN0000667,0
TXN0023959,0
TXN0024933,0
TXN0021447,0
TXN0011023,0
TXN0010975,0
TXN0034121,0
TXN0013323,0
TXN0007114,0
TXN0024504,0
TXN0041430,0
TXN0019087,0
TXN0003330,0
TXN0040821,0
TXN0044597,0
TXN0042356,0
TXN0052736,0
TXN0052638,0
TXN0038413,0
TXN0052528,0
TXN0017640,0
TXN0006190,0
TXN0048529,0
TXN0044472,0
TXN0013843,0
TXN0030354,0
TXN0025826,0
TXN0021732,0
TXN0011003,0
TXN0027860,0
TXN0027509,0
TXN0020559,0
TXN0037678,0
TXN0034620,0
TXN0022700,0
TXN0045740,0
TXN0036395,0
TXN0002105,0
TXN0049285,0
TXN0046196,0
TXN0037797,0
TXN0017312,0
TXN0033591,0
TXN0023960,0
TXN0028016,0
TXN0034299,0
TXN0033982,0
TXN0000504,0
TXN0014683,0
TXN0042956,0
TXN0039298,0
TXN0052224,0
TXN0042918,0
TXN0042344,0
TXN0025470,0
TXN0013116,0
TXN0057799,0
TXN0055771,0
TXN0030355,0
TXN0058425,0
TXN0003709,0
TXN0059544,0
TXN0021233,0
TXN0004748,0
TXN0020652,0
TXN0044482,0
TXN0015485,0
TXN0028710,0
TXN0028178,0
TXN0055129,0
TXN0025289,0
TXN0053338,0
TXN0026790,0
TXN0038069,0
TXN0052075,0
TXN0006588,0
TXN0034578,0
TXN0019870,0
TXN0023803,0
TXN0035909,0
TXN0059171,0
TXN0025731,0
TXN0001324,0
TXN0037080,0
TXN0040262,0
TXN0057854,0
TXN0026256,0
TXN0041459,0
TXN0017749,0
TXN0026432,0
TXN0042348,0
TXN0013807,0
TXN0028295,0
TXN0026962,0
TXN0054693,0
TXN0022556,0
TXN0017924,0
TXN0058561,0
TXN0019065,0
TXN0023322,0
TXN0027569,0
TXN0039081,0
TXN0050343,0
TXN0046732,0
TXN0021677,0
TXN0001542,0
TXN0044261,0
TXN0011516,0
TXN0007056,0
TXN0035307,0
TXN0017337,0
TXN0023625,0
TXN0048136,0
TXN0006731,0
TXN0037614,0
TXN0006801,0
TXN0024394,0
TXN0037098,0
TXN0008924,0
TXN0038102,0
TXN0023714,0
TXN0009348,0
TXN0037497,0
TXN0022925,0
TXN0011174,0
TXN0021689,0
TXN0021545,0
TXN0024244,0
TXN0018540,0
TXN0001062,0
TXN0027192,0
TXN0001167,0
TXN0052788,0
TXN0040419,0
TXN0021972,0
TXN0011130,0
TXN0031667,0
TXN0023576,0
TXN0037259,0
TXN0056418,0
TXN0021364,0
TXN0008335,0
TXN0005486,0
TXN0054098,0
TXN0032307,0
TXN0051934,0
TXN0017101,0
TXN0059163,0
TXN0035270,0
TXN0004360,0
TXN0036939,0
TXN0024466,0
TXN0059804,0
TXN0016779,0
TXN0013923,0
TXN0047280,0
TXN0039954,0
TXN0000698,0
TXN0053644,0
TXN0050517,0
TXN0000728,0
TXN0046959,0
TXN0041555,0
TXN0014397,0
TXN0044912,0
TXN0046352,0
TXN0055069,0
TXN0021352,0
TXN0002914,0
TXN0047320,0
TXN0043286,0
TXN0005644,0
TXN0020150,0
TXN0036208,0
TXN0044811,0
TXN0032479,0
TXN0007357,0
TXN0023190,0
TXN0059031,0
TXN0034911,0
TXN0005104,0
TXN0037841,0
TXN0017955,0
TXN0020463,0
TXN0017506,0
TXN0048816,0
TXN0051938,0
TXN0047295,0
TXN0035735,0
TXN0018888,0
TXN0038756,0
TXN0044425,0
TXN0058019,0
TXN0027384,0
TXN0023548,0
TXN0033496,0
TXN0040355,0
TXN0007543,0
TXN0000412,0
TXN0011338,0
TXN0026092,0
TXN0038513,0
TXN0024052,0
TXN0017209,0
TXN0003267,0
TXN0020358,0
TXN0041576,0
TXN0057458,0
TXN0000417,0
TXN0011261,0
TXN0009817,0
TXN0015305,0
TXN0049049,0
TXN0023132,0
TXN0025351,0
TXN0028761,0
TXN0027472,0
TXN0027350,0
TXN0034850,0
TXN0058097,0
TXN0027122,0
TXN0031996,0
TXN0012161,0
TXN0003373,0
TXN0038494,0
TXN0020491,0
TXN0043404,0
TXN0020764,0
TXN0024107,0
TXN0017450,0
TXN0003913,0
TXN0046247,0
TXN0038304,0
TXN0032320,0
TXN0040770,0
TXN0038155,0
TXN0054884,0
TXN0028074,0
TXN0035506,0
TXN0005052,0
TXN0004000,0
TXN0026144,0
TXN0035195,0
TXN0011938,0
TXN0006833,0
TXN0059275,0
TXN0018071,0
TXN0000851,0
TXN0022687,0
TXN0025471,0
TXN0049115,0
TXN0029168,0
TXN0030977,0
TXN0038646,0
TXN0057679,0
TXN0051991,0
TXN0027663,0
TXN0004611,0
TXN0016364,0
TXN0009540,0
TXN0041975,0
TXN0009823,0
TXN0035257,0
TXN0044690,0
TXN0023289,0
TXN0040158,0
TXN0002849,0
TXN0031843,0
TXN0032580,0
TXN0014069,0
TXN0023049,0
TXN0038649,0
TXN0026646,0
TXN0037220,0
TXN0059101,0
TXN0056573,0
TXN0026211,0
TXN0029222,0
TXN0055636,0
TXN0035247,0
TXN0055769,0
TXN0043225,0
TXN0043919,0
TXN0029899,0
TXN0059733,0
TXN0013245,0
TXN0030445,0
TXN0051293,0
TXN0013296,0
TXN0044078,0
TXN0054340,0
TXN0009435,0
TXN0027932,0
TXN0019128,0
TXN0007253,0
TXN0013284,0
TXN0003506,0
TXN0001679,0
TXN0053401,0
TXN0019531,0
TXN0008130,0
TXN0056156,0
TXN0047893,0
TXN0016964,0
TXN0009662,0
TXN0029375,0
TXN0053222,0
TXN0013500,0
TXN0003343,0
TXN0045952,0
TXN0049012,0
TXN0056556,0
TXN0045543,0
TXN0020056,0
TXN0049711,0
TXN0005237,0
TXN0007805,0
TXN0046175,0
TXN0016896,0
TXN0029305,0
TXN0001081,0
TXN0050816,0
TXN0009204,0
TXN0034699,0
TXN0023944,0
TXN0001150,0
TXN0051990,0
TXN0005949,0
TXN0008308,0
TXN0032217,0
TXN0025316,0
TXN0025945,0
TXN0047030,0
TXN0037945,0
TXN0028251,0
TXN0014098,0
TXN0017214,0
TXN0008311,0
TXN0021136,0
TXN0026258,0
TXN0018077,0
TXN0046185,0
TXN0017019,0
TXN0037233,0
TXN0028940,0
TXN0039567,0
TXN0007987,0
TXN0007079,0
TXN0039734,0
TXN0015202,0
TXN0004142,0
TXN0032093,0
TXN0056179,0
TXN0058335,0
TXN0000876,0
TXN0054021,0
TXN0021699,0
TXN0021606,0
TXN0049156,0
TXN0048747,0
TXN0003051,0
TXN0054843,0
TXN0019508,0
TXN0014599,0
TXN0048096,0
TXN0027236,0
TXN0002491,0
TXN0015338,0
TXN0029749,0
TXN0053006,0
TXN0004777,0
TXN0042675,0
TXN0031024,0
TXN0056661,0
TXN0031289,0
TXN0055609,0
TXN0022677,0
TXN0050300,0
TXN0049726,0
TXN0052921,0
TXN0028312,0
TXN0053298,0
TXN0033621,0
TXN0059326,0
TXN0010966,0
TXN0055071,0
TXN0013121,0
TXN0032097,0
TXN0013403,0
TXN0058510,0
TXN0055766,0
TXN0022386,0
TXN0025547,0
TXN0010893,0
TXN0004495,0
TXN0040941,0
TXN0006655,0
TXN0012039,0
TXN0002368,0
TXN0004780,0
TXN0045091,0
TXN0024376,0
TXN0052102,0
TXN0022009,0
TXN0023355,0
TXN0008716,0
TXN0010647,0
TXN0029592,0
TXN0050993,0
TXN0038754,0
TXN0049689,0
TXN0019190,0
TXN0005801,0
TXN0054748,0
TXN0039974,0
TXN0040111,0
TXN0012533,0
TXN0040328,0
TXN0040864,0
TXN0027751,0
TXN0000784,0
TXN0045017,0
TXN0034177,0
TXN0010729,0
TXN0016538,0
TXN0056958,0
TXN0035777,0
TXN0018070,0
TXN0011093,0
TXN0004014,0
TXN0007455,0
TXN0045681,0
TXN0036631,0
TXN0051885,0
TXN0034663,0
TXN0038210,0
TXN0000569,0
TXN0023093,0
TXN0055006,0
TXN0032745,0
TXN0034584,0
TXN0026641,0
TXN0057471,0
TXN0019778,0
TXN0052479,0
TXN0050336,0
TXN0006102,0
TXN0035743,0
TXN0050132,0
TXN0010492,0
TXN0000190,0
TXN0058483,0
TXN0054240,0
TXN0000699,0
TXN0059803,0
TXN0049758,0
TXN0045236,0
TXN0000301,0
TXN0031216,0
TXN0003420,0
TXN0018711,0
TXN0033828,0
TXN0032635,0
TXN0047202,0
TXN0043525,0
TXN0036212,0
TXN0017453,0
TXN0043484,0
TXN0018589,0
TXN0058587,0
TXN0056491,0
TXN0008208,0
TXN0040447,0
TXN0044080,0
TXN0037410,0
TXN0056835,0
TXN0045714,0
TXN0009007,0
TXN0040764,0
TXN0027643,0
TXN0029124,0
TXN0005600,0
TXN0041919,0
TXN0039790,0
TXN0032352,0
TXN0054045,0
TXN0048404,0
TXN0049377,0
TXN0030746,0
TXN0019738,0
TXN0005895,0
TXN0010677,0
TXN0008754,0
TXN0003436,0
TXN0047333,0
TXN0014373,0
TXN0050845,0
TXN0006893,0
TXN0017429,0
TXN0019830,0
TXN0045525,0
TXN0040818,0
TXN0041914,0
TXN0004555,0
TXN0044064,0
TXN0004735,0
TXN0020880,0
TXN0033986,0
TXN0046214,0
TXN0022399,0
TXN0058871,0
TXN0003987,0
TXN0021295,0
TXN0025876,0
TXN0053645,0
TXN0023328,0
TXN0038467,0
TXN0024736,0
TXN0028643,0
TXN0046760,0
TXN0050108,0
TXN0002869,0
TXN0011969,0
TXN0053585,0
TXN0021357,0
TXN0046975,0
TXN0002961,0
TXN0046940,0
TXN0002200,0
TXN0016482,0
TXN0038360,0
TXN0002557,0
TXN0048354,0
TXN0057597,0
TXN0053351,0
TXN0042405,0
TXN0005539,0
TXN0032711,0
TXN0050800,0
TXN0012874,0
TXN0029299,0
TXN0012183,0
TXN0059040,0
TXN0055349,0
TXN0006295,0
TXN0004499,0
TXN0001154,0
TXN0051407,0
TXN0015151,0
TXN0042642,0
TXN0052322,0
TXN0007400,0
TXN0043016,0
TXN0007158,0
TXN0029855,0
TXN0052260,0
TXN0020932,0
TXN0047357,0
TXN0038191,0
TXN0031616,0
TXN0002049,0
TXN0045936,0
TXN0011835,0
TXN0016371,0
TXN0041976,0
TXN0025199,0
TXN0031065,0
TXN0055439,0
TXN0046843,0
TXN0016646,0
TXN0030306,0
TXN0020445,0
TXN0021918,0
TXN0047254,0
TXN0047025,0
TXN0039384,0
TXN0008120,0
TXN0008155,0
TXN0001802,0
TXN0037504,0
TXN0011111,0
TXN0035153,0
TXN0023078,0
TXN0005759,0
TXN0018343,0
TXN0019360,0
TXN0008680,0
TXN0018227,0
TXN0001734,0
TXN0002911,0
TXN0011411,0
TXN0041106,0
TXN0030206,0
TXN0034754,0
TXN0058713,0
TXN0006546,0
TXN0047011,0
TXN0056250,0
TXN0002811,0
TXN0049811,0
TXN0026370,0
TXN0015708,0
TXN0051663,0
TXN0044357,0
TXN0020666,0
TXN0042107,0
TXN0027848,0
TXN0025184,0
TXN0022671,0
TXN0015087,0
TXN0044542,0
TXN0034698,0
TXN0023509,0
TXN0000197,0
TXN0040545,0
TXN0052083,0
TXN0040772,0
TXN0002327,0
TXN0037157,0
TXN0025342,0
TXN0012688,0
TXN0053370,0
TXN0044215,0
TXN0032970,0
TXN0052662,0
TXN0004931,0
TXN0021919,0
TXN0026309,0
TXN0038559,0
TXN0050859,0
TXN0021556,0
TXN0054401,0
TXN0046717,0
TXN0055680,0
TXN0007392,0
TXN0038623,0
TXN0024548,0
TXN0000854,0
TXN0046645,0
TXN0047323,0
TXN0037505,0
TXN0028673,0
TXN0026736,0
TXN0049850,0
TXN0027728,0
TXN0020080,0
TXN0001636,0
TXN0023664,0
TXN0023938,0
TXN0044417,0
TXN0052733,0
TXN0017675,0
TXN0039353,0
TXN0046576,0
TXN0051005,0
TXN0054384,0
TXN0052915,0
TXN0003304,0
TXN0050647,0
TXN0030303,0
TXN0028021,0
TXN0007994,0
TXN0034766,0
TXN0000663,0
TXN0013545,0
TXN0032562,0
TXN0031968,0
TXN0003748,0
TXN0053565,0
TXN0029320,0
TXN0005530,0
TXN0021959,0
TXN0058053,0
TXN0040294,0
TXN0009474,0
TXN0055016,0
TXN0027251,0
TXN0006776,0
TXN0001306,0
TXN0030080,0
TXN0023776,0
TXN0059581,0
TXN0044262,0
TXN0021976,0
TXN0015707,0
TXN0010230,0
TXN0026105,0
TXN0018047,0
TXN0021834,0
TXN0042941,0
TXN0048925,0
TXN0025939,0
TXN0003627,0
TXN0046699,0
TXN0029723,0
TXN0029467,0
TXN0002693,0
TXN0044020,0
TXN0049080,0
TXN0042557,0
TXN0043689,0
TXN0043585,0
TXN0022299,0
TXN0052309,0
TXN0027890,0
TXN0009914,0
TXN0016198,0
TXN0055820,0
TXN0033827,0
TXN0053788,0
TXN0052394,0
TXN0001678,0
TXN0056044,0
TXN0006374,0
TXN0040342,0
TXN0014820,0
TXN0018141,0
TXN0022403,0
TXN0045151,0
TXN0054268,0
TXN0041523,0
TXN0056560,0
TXN0051942,0
TXN0050015,0
TXN0048702,0
TXN0057010,0
TXN0050636,0
TXN0023419,0
TXN0056873,0
TXN0022361,0
TXN0021518,0
TXN0000206,0
TXN0053640,0
TXN0056090,0
TXN0025446,0
TXN0045453,0
TXN0006910,0
TXN0033270,0
TXN0056537,0
TXN0017412,0
TXN0052992,0
TXN0027266,0
TXN0013773,0
TXN0008110,0
TXN0047716,0
TXN0032482,0
TXN0005056,0
TXN0042530,0
TXN0024538,0
TXN0010965,0
TXN0019115,0
TXN0030818,0
TXN0058148,0
TXN0014039,0
TXN0011837,0
TXN0035222,0
TXN0023599,0
TXN0052256,0
TXN0048033,0
TXN0013067,0
TXN0030535,0
TXN0008392,0
TXN0022662,0
TXN0052251,0
TXN0038952,0
TXN0026854,0
TXN0003561,0
TXN0038660,0
TXN0012666,0
TXN0013986,0
TXN0033159,0
TXN0039504,0
TXN0022002,0
TXN0005258,0
TXN0048190,0
TXN0058839,0
TXN0002695,0
TXN0002027,0
TXN0054615,0
TXN0002568,0
TXN0040774,0
TXN0048984,0
TXN0049216,0
TXN0051214,0
TXN0038044,0
TXN0039976,0
TXN0057836,0
TXN0008571,0
TXN0039099,0
TXN0021243,0
TXN0012185,0
TXN0021271,0
TXN0009268,0
TXN0017262,0
TXN0008529,0
TXN0024300,0
TXN0023247,0
TXN0024276,0
TXN0055591,0
TXN0024253,0
TXN0001016,0
TXN0025851,0
TXN0040397,0
TXN0029127,0
TXN0011534,0
TXN0032606,0
TXN0033763,0
TXN0026557,0
TXN0037065,0
TXN0000161,0
TXN0005675,0
TXN0006873,0
TXN0045758,0
TXN0009692,0
TXN0040757,0
TXN0052995,0
TXN0013417,0
TXN0043573,0
TXN0011653,0
TXN0001021,0
TXN0019457,0
TXN0023939,0
TXN0003943,0
TXN0001585,0
TXN0026531,0
TXN0035920,0
TXN0014541,0
TXN0040994,0
TXN0044974,0
TXN0017159,0
TXN0059900,0
TXN0048555,0
TXN0058822,0
TXN0023483,0
TXN0054638,0
TXN0055387,0
TXN0058707,0
TXN0056193,0
TXN0002612,0
TXN0023897,0
TXN0011016,0
TXN0043001,0
TXN0008433,0
TXN0043021,0
TXN0043323,0
TXN0008792,0
TXN0010627,0
TXN0021777,0
TXN0014502,0
TXN0030740,0
TXN0041606,0
TXN0003890,0
TXN0003556,0
TXN0011394,0
TXN0050680,0
TXN0031551,0
TXN0001267,0
TXN0056886,0
TXN0001899,0
TXN0053810,0
TXN0035773,0
TXN0019118,0
TXN0000189,0
TXN0059150,0
TXN0058319,0
TXN0002747,0
TXN0018431,0
TXN0057001,0
TXN0018942,0
TXN0025658,0
TXN0041434,0
TXN0027480,0
TXN0006396,0
TXN0028693,0
TXN0019769,0
TXN0053707,0
TXN0017568,0
TXN0039188,0
TXN0037819,0
TXN0005311,0
TXN0002433,0
TXN0056101,0
TXN0059735,0
TXN0000769,0
TXN0001685,0
TXN0041090,0
TXN0016023,0
TXN0044131,0
TXN0047191,0
TXN0021962,0
TXN0037194,0
TXN0016850,0
TXN0006265,0
TXN0054886,0
TXN0011284,0
TXN0044732,0
TXN0054343,0
TXN0038158,0
TXN0000860,0
TXN0015795,0
TXN0056422,0
