account_id,customer_name,home_country,account_open_date
ACC100000,Elizabeth Taylor,France,2017-07-26
ACC100001,Thomas Richardson,France,2015-10-28
ACC100002,Kayla Schroeder,United Kingdom,2024-02-12
ACC100003,Dawn Medina,United Kingdom,2024-11-30
ACC100004,Brian Torres,United Kingdom,2023-08-20
ACC100005,Michael Gardner,Germany,2016-06-18
ACC100006,Christopher Ross,Ireland,2016-03-10
ACC100007,Harold Snow,Germany,2024-05-17
ACC100008,William Morales,France,2024-08-14
ACC100009,Shannon Murray,United States,2018-10-19
ACC100010,Anthony Wilkins,Netherlands,2024-12-01
ACC100011,David Rogers,Australia,2024-10-25
ACC100012,Karen Holmes,Netherlands,2015-11-05
ACC100013,Jessica Johnson,Panama,2015-10-17
ACC100014,Brandon King,Netherlands,2017-04-07
ACC100015,Paige Miller,Germany,2017-06-15
ACC100016,Michael Hernandez,Netherlands,2024-09-17
ACC100017,Patricia Anderson,Germany,2018-01-27
ACC100018,Roberta Clark,United Kingdom,2024-09-19
ACC100019,Danny Bush,Spain,2021-05-02
ACC100020,Michael Allen,United Kingdom,2016-01-26
ACC100021,Misty Gillespie,Netherlands,2018-07-03
ACC100022,Amanda Fitzgerald,Ireland,2024-01-17
ACC100023,Jessica Mitchell,Ireland,2020-05-06
ACC100024,Samantha Hammond,Ireland,2022-09-16
ACC100025,Phillip Frazier,France,2019-03-24
ACC100026,Heidi Lee,Canada,2019-02-25
ACC100027,Sabrina Benitez,United Kingdom,2020-02-09
ACC100028,Angela Floyd,Ireland,2020-11-04
ACC100029,Raymond Harper,Spain,2019-11-25
ACC100030,Shannon Palmer,Netherlands,2016-03-30
ACC100031,Bryan Acevedo,United States,2022-02-11
ACC100032,Sierra Anderson,United States,2020-10-26
ACC100033,Thomas Murphy,United States,2023-04-27
ACC100034,Ivan Wilson,France,2016-04-27
ACC100035,Kelly Ford,Canada,2024-09-30
ACC100036,Teresa Marshall MD,Canada,2020-05-03
ACC100037,Matthew Johnson,France,2020-12-15
ACC100038,Lauren Phillips,Netherlands,2024-11-12
ACC100039,Morgan Bishop,Canada,2016-03-03
ACC100040,William Cooley,Canada,2019-08-05
ACC100041,Paul Owen,Ireland,2016-02-08
ACC100042,Ana Brown,United Kingdom,2020-04-07
ACC100043,Michael Smith,Spain,2022-08-01
ACC100044,Caroline Sullivan,Germany,2021-07-25
ACC100045,Andrew Castaneda,Australia,2020-11-26
ACC100046,Victoria Ramirez,United Kingdom,2022-11-08
ACC100047,Michael Riggs,France,2016-12-28
ACC100048,Ronald Weiss,Ireland,2018-09-17
ACC100049,Dennis Smith,Canada,2017-03-14
ACC100050,Kimberly Brock,Spain,2021-10-08
ACC100051,Elizabeth Freeman,France,2023-06-13
ACC100052,Christopher Neal,United Kingdom,2022-08-23
ACC100053,Sarah Crawford,France,2019-09-23
ACC100054,James Christensen,Australia,2022-04-29
ACC100055,Amy Powers,Australia,2019-09-27
ACC100056,Justin Little,Spain,2021-02-07
ACC100057,Vincent Mcmahon,Spain,2021-06-21
ACC100058,Erika Mcconnell,Cyprus,2017-07-26
ACC100059,Sergio Cook,United Kingdom,2017-07-29
ACC100060,Diana Terry,Germany,2018-12-20
ACC100061,John Herrera,United Kingdom,2018-02-07
ACC100062,Elaine Rivera,Germany,2015-01-26
ACC100063,Sheri Kent,United States,2024-02-04
ACC100064,Sarah Greer,France,2024-08-20
ACC100065,Chad Miller,France,2017-02-18
ACC100066,Natasha Conner,Spain,2023-10-09
ACC100067,Kevin Moore,Australia,2015-12-02
ACC100068,Adam Riley,Ireland,2024-07-07
ACC100069,Caitlin Rivas,France,2021-10-15
ACC100070,Jasmine Lopez,France,2023-03-12
ACC100071,Jonathan Pruitt,Netherlands,2016-01-22
ACC100072,Nicole Hanna,United States,2018-07-21
ACC100073,Ricky Cross PhD,Ireland,2016-11-14
ACC100074,Jennifer Love,France,2015-11-23
ACC100075,Justin Stout,United Kingdom,2024-08-22
ACC100076,Angela Edwards,United States,2016-09-22
ACC100077,Ricky Moore,Australia,2015-06-08
ACC100078,Stacy Stark,United Kingdom,2018-07-16
ACC100079,Aaron Hall,Netherlands,2017-07-12
ACC100080,Michael Burnett,Netherlands,2020-11-28
ACC100081,Stacy Torres MD,Netherlands,2023-01-25
ACC100082,Michael Odom,United States,2023-04-21
ACC100083,Michele Stokes,Seychelles,2022-12-05
ACC100084,Brian Smith,Ireland,2020-04-21
ACC100085,Jennifer Rowe,United Kingdom,2016-09-26
ACC100086,Brian Barnett,Canada,2019-07-04
ACC100087,Robin Foley,Ireland,2017-09-30
ACC100088,Cindy Gutierrez,Ireland,2018-06-29
ACC100089,Travis Glenn,Australia,2023-12-27
ACC100090,Alec Rhodes,France,2024-03-29
ACC100091,Zachary Ross,Australia,2023-12-26
ACC100092,Phillip Mccormick,Germany,2016-07-19
ACC100093,Ashley Lee,Spain,2019-06-11
ACC100094,Nicholas Moore,Ireland,2017-11-03
ACC100095,Samuel Perez,France,2018-10-16
ACC100096,Joseph Harris,Netherlands,2023-07-21
ACC100097,Megan Armstrong,France,2018-10-17
ACC100098,Elizabeth Sanchez,Netherlands,2018-04-27
ACC100099,Sergio Perry,Canada,2021-10-25
ACC100100,Robert Dunlap,Spain,2018-11-09
ACC100101,Wesley Webb,United States,2023-05-21
ACC100102,Wyatt Davis,France,2015-06-30
ACC100103,Jeffrey Sandoval,Cayman Islands,2019-10-03
ACC100104,Mary Johnson,Ireland,2018-04-18
ACC100105,John Rose,Spain,2020-11-09
ACC100106,Gary Bennett,Ireland,2020-12-11
ACC100107,Ricardo Walsh,Australia,2021-03-15
ACC100108,Joseph Williams,United Kingdom,2016-09-26
ACC100109,Kevin Jones,Germany,2018-05-07
ACC100110,Henry Coffey,France,2023-03-19
ACC100111,Alyssa Ortiz,Netherlands,2015-01-12
ACC100112,David Stark,Ireland,2020-11-07
ACC100113,Robert Whitaker,Canada,2016-06-10
ACC100114,Kevin Henry,Canada,2017-01-15
ACC100115,Mikayla Vaughan,Australia,2018-05-23
ACC100116,Hannah Aguilar,Ireland,2018-01-14
ACC100117,Brian Kirby,Ireland,2020-08-28
ACC100118,Jose Martin,United Kingdom,2021-09-25
ACC100119,Ian Cook,Ireland,2016-06-11
ACC100120,Jeff Vincent,Spain,2017-11-22
ACC100121,Charles James,Seychelles,2015-06-21
ACC100122,Ms. Sarah Williams,United States,2022-12-01
ACC100123,Ricardo Marshall,Canada,2017-06-27
ACC100124,Rachel Peterson,Netherlands,2023-01-26
ACC100125,Lydia Mccullough,Spain,2020-12-17
ACC100126,Whitney Perez,United States,2024-04-29
ACC100127,Lori Smith MD,United States,2015-03-30
ACC100128,Richard Green,Canada,2016-09-30
ACC100129,Mark Mason,Ireland,2017-05-15
ACC100130,Timothy Wright IV,Ireland,2018-04-25
ACC100131,Jenna Stephens,Canada,2018-08-04
ACC100132,Matthew Cortez,United Kingdom,2018-08-15
ACC100133,William Carroll,Germany,2019-02-03
ACC100134,Bruce Lucas,Canada,2020-07-18
ACC100135,Danny Lewis,Germany,2022-02-16
ACC100136,Richard Franklin,Canada,2016-01-14
ACC100137,Diane Ramos,Australia,2021-01-07
ACC100138,Laura Carr,Australia,2024-12-03
ACC100139,Janice Carpenter,Canada,2023-10-17
ACC100140,Melissa Gomez,France,2023-07-15
ACC100141,Ann Harris,United States,2017-08-01
ACC100142,Kelly Adams,Ireland,2015-04-27
ACC100143,Crystal Villa,Australia,2018-02-11
ACC100144,Wayne Ward,Netherlands,2017-07-19
ACC100145,Kevin Reyes,United States,2023-01-21
ACC100146,Michael Willis,Netherlands,2017-01-17
ACC100147,Brenda Porter,Netherlands,2020-07-18
ACC100148,Michelle Robles,Spain,2024-01-11
ACC100149,Dr. Linda Barnett,Netherlands,2016-10-21
ACC100150,Jason Rodgers,Australia,2015-12-20
ACC100151,Jessica Jones,Germany,2019-09-17
ACC100152,Mark Cooper,United Kingdom,2016-08-30
ACC100153,Joann Butler,Ireland,2024-07-22
ACC100154,Lisa Garrett,United Kingdom,2016-01-29
ACC100155,Sarah Waters,Ireland,2023-08-08
ACC100156,Jordan Brown,Netherlands,2018-05-24
ACC100157,Christopher Reid,Spain,2022-09-11
ACC100158,Richard Cohen,Ireland,2023-02-18
ACC100159,Lori Parker,Ireland,2019-03-19
ACC100160,Karen Miller,Spain,2019-06-02
ACC100161,Mark Saunders,Australia,2018-06-12
ACC100162,Amanda Hall,Canada,2017-05-02
ACC100163,Tony Henderson,France,2021-09-04
ACC100164,Alyssa Christensen,Ireland,2016-03-26
ACC100165,Victoria Lynn,Spain,2022-04-15
ACC100166,Ashley Smith,United Kingdom,2020-02-25
ACC100167,Mrs. Nicole Nguyen,Canada,2017-08-17
ACC100168,Alexandra Hill,Australia,2021-03-25
ACC100169,Martin Guerra,United States,2017-05-02
ACC100170,Heather Hernandez,Malta,2018-09-26
ACC100171,Jason Thomas,Canada,2016-08-07
ACC100172,Miss Katherine Owens DDS,France,2023-04-16
ACC100173,Bonnie Jones,United States,2018-10-22
ACC100174,Charles Ortiz,United States,2022-05-05
ACC100175,Kristy Smith,Seychelles,2021-11-14
ACC100176,Ann Peters,France,2018-05-01
ACC100177,Joseph Tate,France,2016-07-26
ACC100178,Michael Carr,Spain,2015-05-02
ACC100179,Reginald Decker,France,2022-10-21
ACC100180,John Wright,Ireland,2015-04-23
ACC100181,Nicholas Lyons,France,2023-10-21
ACC100182,Sandy Pena,Netherlands,2023-09-19
ACC100183,Robert Gentry DDS,Cyprus,2016-12-02
ACC100184,Laura Osborne,Cayman Islands,2018-11-21
ACC100185,Michael Williams,Malta,2016-10-13
ACC100186,Darlene Alvarez,United Kingdom,2019-08-17
ACC100187,Veronica Carter,United Kingdom,2018-02-02
ACC100188,Jessica Hayes,Germany,2017-03-16
ACC100189,Nathan Stone,Canada,2019-05-26
ACC100190,Joshua Scott,France,2024-02-17
ACC100191,Lisa Rogers,Australia,2024-09-15
ACC100192,Mrs. Angela Evans,Ireland,2020-07-25
ACC100193,Elizabeth Mccarthy MD,United Kingdom,2015-12-24
ACC100194,Joseph Phillips,Canada,2018-02-13
ACC100195,Joshua Jordan,Ireland,2016-03-25
ACC100196,James Lewis,Germany,2015-04-15
ACC100197,Christopher Wong,Netherlands,2019-06-08
ACC100198,Paul Bryan,United Kingdom,2018-10-13
ACC100199,Richard Owens,United Kingdom,2017-01-26
ACC100200,Alicia Welch,Ireland,2020-10-08
ACC100201,Vernon Thompson,Seychelles,2022-02-08
ACC100202,Cathy Mccullough,Australia,2019-07-23
ACC100203,John Chase,Netherlands,2015-09-26
ACC100204,Thomas Adams,Ireland,2019-01-21
ACC100205,Elizabeth Wright,Australia,2017-09-30
ACC100206,Xavier Holland,Germany,2018-01-30
ACC100207,Amy Landry,United States,2020-04-22
ACC100208,Rachel Waller,Netherlands,2024-01-14
ACC100209,Mark Rodriguez,Canada,2019-12-07
ACC100210,Leslie Jackson,Ireland,2018-01-10
ACC100211,Mark Nash,Germany,2015-04-23
ACC100212,Melissa Rich,Seychelles,2015-08-18
ACC100213,Christine Lane,United Kingdom,2023-08-09
ACC100214,David Byrd,Netherlands,2018-03-23
ACC100215,David Weaver,Ireland,2019-03-07
ACC100216,Mario Hernandez,Australia,2016-10-22
ACC100217,Anna Olsen,Spain,2022-05-09
ACC100218,Charles Richards,Spain,2024-04-15
ACC100219,Diana Johnson,Canada,2021-09-08
ACC100220,Kathryn Ortega,Malta,2020-03-27
ACC100221,Joy Graves,Spain,2018-11-27
ACC100222,Ruth Nelson DDS,France,2017-05-18
ACC100223,Tony Barrera,France,2020-11-29
ACC100224,Ashley Tyler,Panama,2017-03-17
ACC100225,Amy Raymond,United Kingdom,2019-05-08
ACC100226,Nathan Carter,Ireland,2015-12-11
ACC100227,Walter Sheppard,United Kingdom,2021-06-24
ACC100228,Amanda Silva,Australia,2019-10-18
ACC100229,Steven Sellers,Netherlands,2019-12-27
ACC100230,Gregory Johnson,United Kingdom,2018-02-25
ACC100231,Aaron Berg,United States,2022-08-02
ACC100232,Gloria Brown,United Kingdom,2021-03-12
ACC100233,Francisco Collins,Cyprus,2024-04-22
ACC100234,Robin Sutton,France,2015-08-03
ACC100235,Joshua King,Malta,2020-04-07
ACC100236,Michele Silva,Germany,2018-02-10
ACC100237,Autumn Sexton,United Kingdom,2021-06-29
ACC100238,Robert Smith MD,United Kingdom,2019-09-30
ACC100239,Gail Martinez,Ireland,2018-06-02
ACC100240,Lindsay Brown,Germany,2015-01-31
ACC100241,Benjamin Jackson,United Kingdom,2016-07-11
ACC100242,Jeffrey Ashley,United States,2024-12-25
ACC100243,Alexander Osborn,United Kingdom,2015-05-20
ACC100244,Mr. Matthew Hinton,Germany,2018-12-17
ACC100245,Taylor Bond,United Kingdom,2024-01-02
ACC100246,Andrew Hicks,Australia,2017-08-22
ACC100247,Tanya Ramos,Spain,2021-08-17
ACC100248,Jacqueline Morris,Canada,2023-05-29
ACC100249,Ashley Stewart,United States,2017-06-18
ACC100250,Teresa Martin,United Kingdom,2023-09-23
ACC100251,Lisa Terry,Netherlands,2023-08-08
ACC100252,Hannah Henry,United States,2023-11-29
ACC100253,Keith Spencer,Canada,2024-09-02
ACC100254,Adam Jimenez,Canada,2015-04-10
ACC100255,Kathryn Smith,Canada,2024-12-08
ACC100256,Kim Flores,Canada,2018-11-29
ACC100257,Janice Bautista,United Kingdom,2015-09-18
ACC100258,Veronica Eaton,United States,2021-02-19
ACC100259,William Case,Cyprus,2021-05-29
ACC100260,Jonathan Green,Canada,2024-07-02
ACC100261,Joseph Osborne DDS,United Kingdom,2015-04-28
ACC100262,Stephen Perry,Netherlands,2019-02-28
ACC100263,Elaine Griffith,Ireland,2015-01-21
ACC100264,Jeffrey Richard,Ireland,2016-03-11
ACC100265,Nicholas Jackson,Canada,2023-07-23
ACC100266,Julie Ramirez,Australia,2016-07-25
ACC100267,Ronald Lloyd,Spain,2016-02-15
ACC100268,Michele Gray,Canada,2023-01-23
ACC100269,Dennis Medina,Germany,2016-04-07
ACC100270,Shannon Moody,Canada,2018-12-29
ACC100271,Rachael Williams,Spain,2018-06-29
ACC100272,Samantha Stephens,Germany,2022-10-31
ACC100273,Debra Bryan,Ireland,2021-07-05
ACC100274,Ralph Powell,United Kingdom,2019-11-21
ACC100275,Anthony Lane,Canada,2018-05-17
ACC100276,Brooke Hicks,United Kingdom,2017-07-05
ACC100277,Richard Wagner,France,2020-03-06
ACC100278,Jesse Miller,Netherlands,2017-04-09
ACC100279,Timothy Moreno,United Kingdom,2016-01-12
ACC100280,George Bass,Ireland,2016-09-10
ACC100281,Tina Walter,Spain,2023-05-01
ACC100282,Sean White,Germany,2023-10-15
ACC100283,Robert Dixon,Germany,2022-12-04
ACC100284,Anthony Jones,Ireland,2017-01-06
ACC100285,Alexandria Olson,Seychelles,2024-05-04
ACC100286,Mary Odom,United States,2016-06-17
ACC100287,Kyle Carey,Australia,2015-04-19
ACC100288,Isaiah Miller,Germany,2016-04-20
ACC100289,Mary Foster,Canada,2022-08-24
ACC100290,Kathryn Singh,Seychelles,2021-07-31
ACC100291,Michael Fritz,United States,2018-08-02
ACC100292,Cindy Wilkinson,United Kingdom,2016-07-15
ACC100293,Laurie Kelly,United States,2023-12-01
ACC100294,Christina Brooks,Germany,2021-02-12
ACC100295,Matthew Wilson,United States,2023-08-28
ACC100296,Nancy Bryant,Germany,2016-12-01
ACC100297,Sheri Jones,Spain,2018-12-08
ACC100298,Kerry Perry,Ireland,2023-04-09
ACC100299,Kristen Banks,France,2017-09-15
ACC100300,Tiffany Dixon,United Kingdom,2023-05-14
ACC100301,Christine Ramirez,Spain,2021-11-24
ACC100302,Zachary Brown,Germany,2017-05-24
ACC100303,David Mendoza,France,2021-05-26
ACC100304,Jessica Jones,Germany,2020-08-20
ACC100305,Justin Johnson,United Kingdom,2020-10-02
ACC100306,Maria Lewis,Canada,2017-01-15
ACC100307,Daniel Cortez,Australia,2018-05-01
ACC100308,Debbie Gregory,Spain,2019-12-06
ACC100309,Douglas Ramirez,Germany,2016-02-08
ACC100310,Robin Mayo,France,2016-04-19
ACC100311,Cody Collier,France,2022-04-13
ACC100312,Kelli Lucas,Canada,2015-10-27
ACC100313,Mark Koch,Germany,2015-11-17
ACC100314,Natalie Estrada MD,Canada,2019-11-10
ACC100315,Thomas Terry,Netherlands,2017-07-14
ACC100316,Amanda Bowen,Germany,2019-07-10
ACC100317,Anthony Gordon,Ireland,2020-05-15
ACC100318,Antonio Walker,United States,2021-05-08
ACC100319,Dylan Anderson,Canada,2022-04-11
ACC100320,Nicole Vasquez,Australia,2021-10-21
ACC100321,Shaun Gentry,Australia,2024-06-05
ACC100322,Anthony Harris,Netherlands,2016-05-15
ACC100323,Andrew Edwards DDS,United Kingdom,2021-12-28
ACC100324,Gregory Lynn,Ireland,2017-05-11
ACC100325,Justin Bowman,Spain,2019-11-14
ACC100326,Amanda Petersen,Ireland,2024-05-11
ACC100327,Debra Andrews,United States,2023-01-13
ACC100328,Cheryl Solis,France,2019-10-17
ACC100329,John Blackwell,Germany,2019-06-05
ACC100330,Sheila Moore,France,2019-01-23
ACC100331,Tanya Mendoza,Germany,2024-06-25
ACC100332,Jeremiah Taylor,Spain,2017-01-14
ACC100333,Sherry Roberts,United States,2017-10-01
ACC100334,Curtis Rojas,United Kingdom,2023-07-08
ACC100335,Virginia Bailey,Australia,2023-06-16
ACC100336,Paul Kim,Netherlands,2022-09-15
ACC100337,Denise Cruz,Australia,2022-08-27
ACC100338,Joseph Dixon,Ireland,2024-04-26
ACC100339,Maria Anderson,United States,2016-07-17
ACC100340,Crystal Frank,United States,2024-06-16
ACC100341,Angela Poole,United Kingdom,2019-01-25
ACC100342,Ryan Mann,France,2024-09-09
ACC100343,Lisa Hill,United States,2015-05-05
ACC100344,Lauren Collier,Canada,2022-01-08
ACC100345,Susan Fisher,France,2023-12-02
ACC100346,Kimberly Kim,United States,2019-08-07
ACC100347,Andrea West,France,2016-01-21
ACC100348,Rebecca Jones,Ireland,2024-10-08
ACC100349,Emily Olson,Malta,2017-02-21
ACC100350,Adam Young,Spain,2024-01-02
ACC100351,Samantha Brown,Netherlands,2018-09-03
ACC100352,William Alvarado,United Kingdom,2019-03-24
ACC100353,Mrs. Taylor Pearson MD,France,2022-08-02
ACC100354,Darren Simpson,Ireland,2020-04-22
ACC100355,Anna Lopez,Canada,2015-05-16
ACC100356,Jeffrey Hamilton,United States,2022-03-27
ACC100357,William Mckenzie,Spain,2023-01-19
ACC100358,Alicia Bennett,Malta,2023-05-02
ACC100359,George Jones,United Kingdom,2021-08-29
ACC100360,Edward Bailey,Australia,2023-12-25
ACC100361,Jill Douglas,Australia,2022-08-21
ACC100362,Jill Huerta,Germany,2016-11-08
ACC100363,Suzanne Lewis,Germany,2017-08-02
ACC100364,Johnny Gonzalez,Ireland,2016-11-07
ACC100365,Todd Ferguson,Australia,2022-10-12
ACC100366,Michelle Medina,United Kingdom,2015-09-03
ACC100367,Jodi Garza,United Kingdom,2017-02-19
ACC100368,Lisa Carroll DDS,Germany,2015-08-22
ACC100369,Deborah Myers,Spain,2020-03-02
ACC100370,Michael Saunders,Cyprus,2019-04-14
ACC100371,Kyle Mcdonald,Ireland,2022-06-11
ACC100372,David Smith,Spain,2016-11-27
ACC100373,Paul Brown,United Kingdom,2020-02-10
ACC100374,Michael Mcdonald,Ireland,2024-11-30
ACC100375,Joseph Jones,United States,2019-06-10
ACC100376,Alan Herman,Germany,2015-01-08
ACC100377,Joshua Fernandez,United Kingdom,2020-02-17
ACC100378,Kimberly Oconnor,Seychelles,2019-09-28
ACC100379,Frank Williams,Cyprus,2019-02-14
ACC100380,Nathaniel Mata,Ireland,2018-12-29
ACC100381,Joshua Lee,Netherlands,2015-07-01
ACC100382,Amanda Mckinney,Cyprus,2020-03-25
ACC100383,Caitlin Jones,United Kingdom,2018-04-21
ACC100384,Gary Chavez,Ireland,2022-02-22
ACC100385,Jordan Miller,United Kingdom,2018-11-16
ACC100386,Christopher Black,Spain,2021-04-19
ACC100387,Lisa Bray,Germany,2015-07-31
ACC100388,Kevin Jackson,Spain,2022-02-26
ACC100389,Lori Wilson,France,2021-09-28
ACC100390,Jennifer Ferguson,United States,2019-12-21
ACC100391,Kevin Arroyo,Spain,2023-08-04
ACC100392,Zachary Martin,United Kingdom,2023-06-08
ACC100393,Rebecca Shaw,Malta,2020-04-20
ACC100394,Hannah Wiley,Canada,2018-04-20
ACC100395,Carl Phillips,Germany,2018-10-07
ACC100396,Jessica Gilbert,Germany,2020-01-07
ACC100397,William Long,United States,2023-06-08
ACC100398,Amber Harris,Netherlands,2018-10-19
ACC100399,Gregory Gordon,Ireland,2015-12-17
ACC100400,Micheal Henry,Australia,2017-06-28
ACC100401,Marissa Johnston,Australia,2015-12-04
ACC100402,Brian Krause,Germany,2017-05-31
ACC100403,Laura Stevens,France,2016-01-09
ACC100404,James Walton,United States,2022-08-25
ACC100405,Frank Curtis,Australia,2020-05-06
ACC100406,Jessica Chambers,Spain,2016-05-08
ACC100407,Charles Clayton,Australia,2020-08-07
ACC100408,Veronica Johnson,United States,2023-12-05
ACC100409,Christopher Ferguson,Canada,2015-07-18
ACC100410,Casey Roberts,Germany,2021-06-10
ACC100411,Maria Armstrong,Canada,2020-08-23
ACC100412,Kristina Garcia,Ireland,2016-11-08
ACC100413,Dana Banks,United Kingdom,2019-10-05
ACC100414,Anthony Hicks,United Kingdom,2022-02-23
ACC100415,Vanessa Savage,Australia,2017-02-07
ACC100416,Colleen Velasquez,Netherlands,2018-07-12
ACC100417,Wesley Sanders,France,2020-04-02
ACC100418,Tony Mills,Canada,2022-05-11
ACC100419,Jessica Wilson,United Kingdom,2023-01-21
ACC100420,Justin Mays,United States,2024-03-18
ACC100421,Alexis Foster,Australia,2018-04-14
ACC100422,Steven Shannon,France,2023-01-27
ACC100423,Keith Curry,United Kingdom,2021-12-27
ACC100424,Gary Aguilar,Germany,2021-11-20
ACC100425,Teresa Bryan,United Kingdom,2015-08-05
ACC100426,Eric Brown,Ireland,2016-01-21
ACC100427,Joshua White,Germany,2016-01-26
ACC100428,Alexis Tate,Australia,2020-10-07
ACC100429,Kyle Ball,France,2020-09-12
ACC100430,Michael Howell,Cyprus,2015-09-28
ACC100431,Dr. Ryan Turner,Germany,2020-05-20
ACC100432,Elizabeth Bradley,Australia,2020-01-23
ACC100433,Christian Sloan,United Kingdom,2016-02-10
ACC100434,Daniel Baxter,United Kingdom,2018-12-24
ACC100435,Brian Shea,United States,2022-12-04
ACC100436,Christopher Garcia,Australia,2021-07-29
ACC100437,Joseph Grimes DDS,Canada,2022-04-25
ACC100438,Benjamin Cook,Canada,2017-04-04
ACC100439,Nathan Coleman,Australia,2018-02-10
ACC100440,Richard Cook,United Kingdom,2020-02-28
ACC100441,Laurie Hancock,Canada,2017-07-29
ACC100442,Cynthia Hicks,Netherlands,2020-07-29
ACC100443,Ashley Myers,Australia,2022-11-03
ACC100444,Claudia Hughes,France,2016-05-05
ACC100445,Sandra Copeland,Ireland,2021-08-30
ACC100446,Michael Porter,Canada,2019-03-17
ACC100447,Jill Jones,France,2015-07-30
ACC100448,Gregory Malone,Ireland,2024-04-07
ACC100449,Louis Payne,France,2022-04-04
ACC100450,Zachary Moreno,Australia,2016-03-24
ACC100451,Andrew Duffy,Germany,2016-06-06
ACC100452,Angela Moran,United States,2022-03-01
ACC100453,Lisa Thomas,Ireland,2022-08-09
ACC100454,Brian Hess,United States,2017-04-06
ACC100455,Becky Benson,France,2018-12-30
ACC100456,Michelle Hill,Canada,2017-01-22
ACC100457,Donald Hodge,Canada,2020-01-01
ACC100458,Andrew Rose,Germany,2024-08-23
ACC100459,Steven Ruiz,Germany,2019-04-28
ACC100460,Daniel Buckley,Spain,2018-05-22
ACC100461,Kayla Stephens,Ireland,2018-02-28
ACC100462,Richard Reynolds,Germany,2017-08-10
ACC100463,Connie Levy,Germany,2024-11-02
ACC100464,Dustin Alvarez,United States,2016-02-07
ACC100465,David Elliott,France,2019-03-09
ACC100466,Deborah Page DDS,Ireland,2018-12-08
ACC100467,Kristin Medina,Spain,2016-09-16
ACC100468,Amy Berg,Spain,2015-08-19
ACC100469,Alan Smith,United Kingdom,2023-01-29
ACC100470,Brett Thompson,Australia,2018-12-07
ACC100471,Michael Smith,Canada,2021-05-12
ACC100472,Richard Brown,United Kingdom,2019-12-30
ACC100473,Donald Wright,Germany,2015-11-10
ACC100474,Steven Mejia,United States,2024-12-02
ACC100475,Samantha Clarke,United States,2016-04-11
ACC100476,George Gross,France,2018-01-09
ACC100477,Samuel Meza,Ireland,2019-06-04
ACC100478,Joshua Anderson,Canada,2015-02-09
ACC100479,Jeremy Mueller,United Kingdom,2020-12-12
ACC100480,Donald Bray,Germany,2021-04-10
ACC100481,Jared Day,France,2015-10-02
ACC100482,Richard Herrera,United States,2019-05-03
ACC100483,Timothy Ross,United Kingdom,2018-06-18
ACC100484,Roger Bond,Canada,2020-07-26
ACC100485,Nicholas Frederick,France,2021-04-29
ACC100486,Michael Long,United States,2020-04-23
ACC100487,Jessica Castaneda,United Kingdom,2015-07-15
ACC100488,Sheila Serrano,Canada,2024-04-28
ACC100489,Susan Lane,Ireland,2021-12-11
ACC100490,Joe Johnson,United Kingdom,2021-09-22
ACC100491,Kenneth Dominguez,Spain,2017-08-18
ACC100492,Casey Richardson,Spain,2016-07-20
ACC100493,Timothy Frazier,Spain,2021-10-07
ACC100494,Maureen Stafford,Spain,2021-12-21
ACC100495,James Orozco,Cayman Islands,2020-03-26
ACC100496,Melinda Estrada DVM,France,2015-11-16
ACC100497,Nathaniel Wells,Germany,2024-08-21
ACC100498,Stephanie Fischer,Australia,2022-01-17
ACC100499,Lawrence Willis,France,2021-03-10
ACC100500,Christopher Schultz,Spain,2021-08-24
ACC100501,Marc Clark,Spain,2018-06-19
ACC100502,Matthew Dunn,Australia,2022-05-21
ACC100503,David Small,Australia,2022-03-18
ACC100504,Debra Spencer,United States,2016-07-16
ACC100505,Charles Hoffman,France,2021-03-16
ACC100506,Melissa Adams,Ireland,2017-10-07
ACC100507,Christine Maxwell,United States,2015-11-18
ACC100508,Gregory Pierce,Netherlands,2021-10-01
ACC100509,Stephanie Gomez,United Kingdom,2021-04-23
ACC100510,Eric Hale,Spain,2017-12-02
ACC100511,Alexander Young,United States,2019-10-27
ACC100512,Melissa Evans,United States,2017-12-03
ACC100513,Angel Knox,Australia,2016-11-07
ACC100514,Melissa Stevenson,France,2018-05-11
ACC100515,Jason Murphy,Germany,2015-09-28
ACC100516,Laura Brown,Panama,2023-03-19
ACC100517,Daniel Keller,Germany,2021-08-07
ACC100518,Tiffany Collier,United Kingdom,2017-09-22
ACC100519,Adrienne Brown,Spain,2018-10-11
ACC100520,Stephanie Gordon DVM,Netherlands,2018-05-03
ACC100521,Brian Williams,Canada,2018-02-10
ACC100522,Terry Hubbard,Netherlands,2015-09-17
ACC100523,Duane Moore,France,2023-10-24
ACC100524,Brittney Rosales,United States,2021-02-10
ACC100525,Alyssa Poole,United States,2019-03-16
ACC100526,Kevin Peters,Malta,2018-04-11
ACC100527,Andrew Obrien,United Kingdom,2024-07-26
ACC100528,Jason Sparks,Canada,2015-08-25
ACC100529,Brian Mejia,Spain,2020-07-07
ACC100530,Megan Conway,United States,2022-10-02
ACC100531,Barbara Velez,Netherlands,2020-03-17
ACC100532,James Perkins,Spain,2020-03-30
ACC100533,Diane Davis,Netherlands,2022-03-30
ACC100534,George Cook,France,2021-04-02
ACC100535,Leonard Walsh,Ireland,2022-06-16
ACC100536,Julie James,United States,2015-01-22
ACC100537,Peter Case,Netherlands,2023-04-30
ACC100538,Kristin Hardy,Ireland,2022-08-08
ACC100539,Elizabeth Scott,Canada,2022-10-18
ACC100540,Mark Paul,Canada,2023-01-19
ACC100541,George Jackson,France,2016-02-22
ACC100542,David Wong,United States,2022-04-29
ACC100543,Kevin Thomas,France,2022-07-09
ACC100544,Richard Bell,Ireland,2015-09-11
ACC100545,Amber Smith,United Kingdom,2017-03-20
ACC100546,Heather Walker,United Kingdom,2020-05-03
ACC100547,Sylvia Castaneda,Canada,2023-09-14
ACC100548,Vanessa Kirk,United Kingdom,2023-07-29
ACC100549,Jason Shelton,Australia,2017-04-26
ACC100550,Ashley Carrillo,United Kingdom,2016-02-17
ACC100551,John Davis,Seychelles,2016-11-11
ACC100552,Matthew Frank,United States,2023-05-15
ACC100553,Stephanie Martinez,Germany,2017-10-22
ACC100554,Lance Martinez,Spain,2018-10-06
ACC100555,Maria Clark,United Kingdom,2020-12-20
ACC100556,Teresa Baxter,Netherlands,2019-04-17
ACC100557,Vincent Turner,United States,2019-09-05
ACC100558,Stephanie Thompson,Australia,2022-10-06
ACC100559,Shane White,United States,2023-07-18
ACC100560,Cynthia Rodriguez,Cyprus,2023-03-03
ACC100561,Mark Mayo,United States,2019-06-22
ACC100562,Harold Padilla,Netherlands,2019-01-15
ACC100563,Lisa Leblanc,France,2015-08-17
ACC100564,Travis Jones,United States,2021-11-12
ACC100565,Robert Bryant,United States,2019-09-25
ACC100566,Andrea Bernard,Spain,2021-05-30
ACC100567,Thomas Snyder,United States,2019-07-01
ACC100568,Sara Howard,United States,2024-01-11
ACC100569,Benjamin Moore,United Kingdom,2021-02-13
ACC100570,Melissa Wolfe,Malta,2022-09-16
ACC100571,Natasha Tran,Netherlands,2024-11-13
ACC100572,Edward Wright,Spain,2016-10-12
ACC100573,Rebecca Smith,Germany,2024-02-11
ACC100574,Jason Ortiz,Netherlands,2021-09-15
ACC100575,Bryan Gutierrez,Spain,2021-04-27
ACC100576,Angela Harris,Germany,2021-04-11
ACC100577,Scott Martinez,Netherlands,2021-02-16
ACC100578,Karen Watts,France,2016-05-20
ACC100579,Jacob Gutierrez,Ireland,2018-01-03
ACC100580,Amy Howell,Netherlands,2015-10-28
ACC100581,Robert Hernandez,Germany,2023-10-12
ACC100582,Tony Rodriguez,Germany,2024-12-19
ACC100583,Adam Moody,Australia,2020-04-26
ACC100584,Jodi Hoffman,Spain,2015-07-29
ACC100585,Sarah Snow,Germany,2019-12-14
ACC100586,Thomas Lewis,Netherlands,2022-05-09
ACC100587,Christian Stewart,France,2021-03-12
ACC100588,Julie Lam,Australia,2017-03-31
ACC100589,Steven Ray,Ireland,2015-10-11
ACC100590,Linda Lawrence,United Kingdom,2015-01-17
ACC100591,Carl Thomas,Netherlands,2020-03-02
ACC100592,Matthew Hughes,United States,2021-01-28
ACC100593,Timothy Anderson,Netherlands,2022-01-11
ACC100594,Tyler Flores,Netherlands,2017-04-10
ACC100595,Jennifer Smith,United States,2023-01-29
ACC100596,Andrew Kelley,United States,2015-03-29
ACC100597,Robert Taylor,Australia,2019-02-22
ACC100598,Stephen Perez,Spain,2022-09-02
ACC100599,Anthony Newman,United Kingdom,2017-06-18
ACC100600,Christian Davis,Australia,2019-08-04
ACC100601,Karen Tate,France,2019-06-30
ACC100602,Bryan Flores,Malta,2015-12-15
ACC100603,Amanda Terry,Spain,2024-07-26
ACC100604,Tammy Ross,Australia,2024-11-03
ACC100605,Sarah Cruz,Ireland,2023-10-22
ACC100606,Jillian Parker,Spain,2019-03-25
ACC100607,Breanna Robles,United States,2015-01-03
ACC100608,Nicole Evans,United Kingdom,2024-01-16
ACC100609,Tammy Cobb,United Kingdom,2018-02-27
ACC100610,Autumn Johnson,Germany,2015-12-29
ACC100611,Joann Sanchez,Australia,2016-10-13
ACC100612,Jessica Cobb,United Kingdom,2024-05-16
ACC100613,Matthew Welch,Spain,2018-05-10
ACC100614,Mr. Eric Williams,United States,2018-05-24
ACC100615,Chad Jackson,Ireland,2023-08-17
ACC100616,Ralph Lee,Spain,2022-01-24
ACC100617,Carlos Horton,Canada,2017-12-21
ACC100618,Thomas Morris,Ireland,2016-02-01
ACC100619,Christopher Baker,Germany,2015-10-29
ACC100620,Rachel Sandoval,Seychelles,2023-02-17
ACC100621,Ian Martinez,Spain,2015-02-09
ACC100622,Michael Campbell,France,2022-06-06
ACC100623,Heidi Johnson,Canada,2022-12-01
ACC100624,Kyle Blair,United Kingdom,2022-09-12
ACC100625,Rodney Lopez,United States,2016-10-16
ACC100626,Marcus Hoover,Germany,2015-08-30
ACC100627,Rebecca Charles,United States,2019-06-25
ACC100628,James Wilson,Spain,2019-07-11
ACC100629,Richard Williams,Netherlands,2022-06-02
ACC100630,Samantha Anthony,Spain,2023-11-26
ACC100631,Mark Jordan,Malta,2020-01-11
ACC100632,Daniel Perkins,Spain,2018-09-10
ACC100633,John Patterson,United Kingdom,2023-08-20
ACC100634,Michael Rodriguez,United Kingdom,2019-06-06
ACC100635,Crystal Walker,Australia,2018-06-14
ACC100636,Diana Reid,Australia,2020-07-24
ACC100637,April Macias,United States,2021-08-12
ACC100638,Steven Harrison,France,2019-01-26
ACC100639,Stacy Wade,France,2024-02-15
ACC100640,Julie Turner,Ireland,2024-01-11
ACC100641,Sarah Harper,Spain,2015-06-14
ACC100642,Jennifer Jackson,Ireland,2018-12-23
ACC100643,Austin Gonzales,Netherlands,2020-03-27
ACC100644,Christina Powers,Canada,2021-08-30
ACC100645,Kathleen Lopez,Netherlands,2016-04-28
ACC100646,Courtney Anderson,Netherlands,2017-12-01
ACC100647,Kelly Roberts,United States,2015-06-17
ACC100648,Alicia Huerta,United States,2017-10-02
ACC100649,Traci Martinez,France,2017-05-31
ACC100650,Richard Summers,Spain,2015-07-11
ACC100651,Robert Johnson,United Kingdom,2015-09-22
ACC100652,Kristen Fields,Spain,2015-10-18
ACC100653,Donna Brown,United Kingdom,2021-03-08
ACC100654,Ralph Jimenez,United States,2024-01-31
ACC100655,Susan Rodriguez,Australia,2016-02-14
ACC100656,Janet Richardson,Australia,2021-07-13
ACC100657,Nicole Dougherty,United States,2018-07-02
ACC100658,Michael Ruiz,United States,2015-07-30
ACC100659,Alexander Evans,United Kingdom,2016-06-27
ACC100660,Karen Huber,Canada,2019-11-21
ACC100661,Jenna Clayton,Ireland,2017-04-04
ACC100662,Toni Howard,United Kingdom,2018-06-27
ACC100663,Nathaniel Walker III,Germany,2020-09-22
ACC100664,Brian Evans,France,2015-05-10
ACC100665,Joshua Taylor,France,2019-10-22
ACC100666,Matthew Thomas,United Kingdom,2021-04-05
ACC100667,Christine King,Australia,2023-07-28
ACC100668,Amanda Medina,Ireland,2019-11-23
ACC100669,Timothy Campos,Netherlands,2015-07-12
ACC100670,Kelly Day,Canada,2015-07-14
ACC100671,Joseph Scott,Ireland,2016-09-02
ACC100672,Ronald Sanchez,France,2015-10-26
ACC100673,Jesus Stone,Netherlands,2018-09-07
ACC100674,Joseph Ortega,Spain,2016-07-18
ACC100675,Logan Sandoval,Netherlands,2019-11-20
ACC100676,Lori Gibson,United States,2015-01-09
ACC100677,Michael Johnson,Ireland,2019-11-27
ACC100678,Jill Baldwin,Canada,2015-12-02
ACC100679,Melissa Perry,United Kingdom,2023-05-08
ACC100680,Andrea Hicks,United Kingdom,2018-02-20
ACC100681,Nicole Scott,Malta,2020-11-27
ACC100682,Jenna Gray,Cyprus,2023-10-06
ACC100683,Kristen Anderson,Germany,2017-09-14
ACC100684,Kathleen Phillips,Germany,2018-08-27
ACC100685,Annette Boyd,Australia,2018-12-09
ACC100686,Brianna Wallace,Ireland,2016-11-14
ACC100687,Destiny Ward,Australia,2016-05-17
ACC100688,Tracy Harding,Ireland,2024-07-19
ACC100689,Sheila Peterson,Canada,2020-07-22
ACC100690,Frank Herring,France,2021-10-29
ACC100691,Megan Patel,Australia,2016-06-19
ACC100692,John Snow,France,2015-06-06
ACC100693,Alexandra Hernandez,France,2020-02-27
ACC100694,Rebecca Sweeney,Germany,2024-04-09
ACC100695,Melissa Ford,Ireland,2021-06-14
ACC100696,Charles Sanders,Cayman Islands,2018-12-22
ACC100697,Rachel Matthews,Australia,2017-02-27
ACC100698,Jimmy Simmons,Netherlands,2015-07-30
ACC100699,Cory Brown,France,2020-07-22
ACC100700,Jessica Thomas,Ireland,2022-08-30
ACC100701,Barry Howard,Spain,2020-07-02
ACC100702,Donna Jones,United States,2022-06-19
ACC100703,Samuel Baker,Spain,2019-05-18
ACC100704,Jamie Cortez,Netherlands,2017-02-22
ACC100705,Patrick Friedman,France,2019-01-18
ACC100706,Adrian Franco,Ireland,2019-07-21
ACC100707,Leslie Hall,Germany,2017-08-18
ACC100708,Samuel Doyle,Spain,2019-03-19
ACC100709,Mark Scott,Spain,2023-11-19
ACC100710,Sean Martin,France,2019-01-07
ACC100711,Dylan Berger,France,2018-03-22
ACC100712,Jason Price,Germany,2016-09-24
ACC100713,Betty Davenport,United States,2016-09-23
ACC100714,Harold Allison,United States,2017-07-27
ACC100715,Michelle Pruitt,Cayman Islands,2020-02-21
ACC100716,Lauren Patterson,Spain,2022-05-26
ACC100717,Kristen Tucker,Germany,2016-11-10
ACC100718,Ashley Randall,Spain,2016-10-26
ACC100719,Andrea Cole,Germany,2021-08-10
ACC100720,Kayla Gonzalez,Ireland,2015-03-20
ACC100721,Sabrina Watts,France,2022-06-05
ACC100722,Reginald Duran,Spain,2023-07-07
ACC100723,Kevin Bryant,Panama,2020-01-15
ACC100724,Dana Baker,Ireland,2017-05-31
ACC100725,Sherry Bailey,Germany,2021-11-19
ACC100726,Amanda Warren,United Kingdom,2019-02-14
ACC100727,Mary Odom,Australia,2022-04-26
ACC100728,Yvonne Hall,Spain,2024-12-29
ACC100729,Kathy Payne,Canada,2022-03-01
ACC100730,Joseph Webb,Canada,2024-12-06
ACC100731,Bruce Hebert,Australia,2018-02-01
ACC100732,Michael Mejia,Spain,2022-09-21
ACC100733,Jacob Fields,Ireland,2019-06-03
ACC100734,Travis Santos,Netherlands,2016-08-31
ACC100735,Jacqueline Lawrence,Australia,2019-02-15
ACC100736,Walter Bowman,Canada,2017-08-30
ACC100737,Christine Murillo,Germany,2022-03-17
ACC100738,Patrick Krueger,Ireland,2015-05-03
ACC100739,Kenneth Rogers,Netherlands,2021-12-18
ACC100740,Joshua Montoya Jr.,Ireland,2018-02-11
ACC100741,Diana Middleton,Australia,2020-07-31
ACC100742,Alexandria Huynh,Canada,2021-08-12
ACC100743,Gary Bond,Canada,2016-10-23
ACC100744,Christopher Edwards,United Kingdom,2024-03-30
ACC100745,Thomas Martinez,Germany,2018-05-26
ACC100746,Isaiah Castaneda,Ireland,2016-09-20
ACC100747,David Lee,Canada,2022-10-09
ACC100748,Olivia Lyons,Netherlands,2023-02-04
ACC100749,Anita Ferguson,Ireland,2021-04-17
ACC100750,Lindsay Peters DDS,Ireland,2021-12-24
ACC100751,Brent Smith,Spain,2022-10-10
ACC100752,Allison Miller,United States,2018-02-16
ACC100753,Anthony Harris,France,2017-01-30
ACC100754,Lisa Cline,Spain,2021-01-17
ACC100755,Nicole Robbins,Spain,2019-04-18
ACC100756,Patrick Terry,Germany,2021-10-19
ACC100757,Greg Adams,United Kingdom,2016-04-12
ACC100758,Henry Hays,France,2022-02-26
ACC100759,Scott Wood,Netherlands,2020-12-28
ACC100760,Abigail Berry,Netherlands,2016-11-09
ACC100761,Erin Nash,Germany,2021-10-24
ACC100762,Deborah Curry,Australia,2023-12-20
ACC100763,Anthony Reed,Malta,2021-09-01
ACC100764,Judy Foley,Ireland,2017-10-19
ACC100765,Kim Anderson,United States,2016-03-04
ACC100766,Jaime Tran,Canada,2018-04-15
ACC100767,Matthew Banks,Ireland,2024-07-24
ACC100768,Diana Young,Spain,2017-06-27
ACC100769,Cynthia Barr,France,2022-01-12
ACC100770,Linda Cisneros,Ireland,2020-01-03
ACC100771,John Lopez,Canada,2017-02-16
ACC100772,Justin Rice,Canada,2022-12-26
ACC100773,Bryce Lynn,France,2018-12-02
ACC100774,Patrick Hernandez,Germany,2021-05-26
ACC100775,Daniel Harmon,Spain,2022-04-01
ACC100776,Kaitlin Moreno,Spain,2023-03-12
ACC100777,Tamara Taylor,United Kingdom,2019-10-14
ACC100778,James Avila,France,2020-02-19
ACC100779,David Thomas,France,2023-04-02
ACC100780,Ashley Mcclain,Ireland,2016-06-14
ACC100781,John Mcdonald,Spain,2021-03-02
ACC100782,Rebecca Strong,United States,2020-02-27
ACC100783,Jason Martinez,Australia,2015-12-21
ACC100784,Ricky Carr,United Kingdom,2024-08-09
ACC100785,Christy Wallace,Australia,2017-05-22
ACC100786,Brittany Washington,Ireland,2020-11-14
ACC100787,Michelle Roth,Netherlands,2015-04-04
ACC100788,Patrick Ramirez,Spain,2018-07-27
ACC100789,Jonathan Campos,Australia,2019-12-26
ACC100790,Bradley Morgan,Germany,2016-09-22
ACC100791,Madeline Tucker,Netherlands,2018-12-22
ACC100792,Patrick Pena,United States,2022-09-09
ACC100793,Cameron Hernandez,France,2017-08-06
ACC100794,Jenna Solomon,United States,2021-11-05
ACC100795,Ashley Bowman,Canada,2017-11-09
ACC100796,Crystal Donovan,Netherlands,2016-07-15
ACC100797,Ashley Vaughn,Spain,2024-05-01
ACC100798,Mrs. Nicole Quinn,Canada,2020-01-20
ACC100799,Shannon Thompson,United States,2018-08-17
ACC100800,Molly Sherman,Ireland,2022-06-18
ACC100801,Autumn Williams,Spain,2016-12-27
ACC100802,Justin Williams,Netherlands,2019-07-02
ACC100803,Oscar Jones,France,2017-05-15
ACC100804,Daniel Taylor,Ireland,2024-06-24
ACC100805,Randy Stein,United Kingdom,2022-12-12
ACC100806,Courtney Rhodes,Australia,2023-05-12
ACC100807,Kevin Fisher,Germany,2017-10-19
ACC100808,Timothy Bradley,Netherlands,2015-02-11
ACC100809,Nancy David,United States,2020-06-15
ACC100810,Aaron Vargas,Ireland,2024-07-27
ACC100811,Angela Estrada,Ireland,2020-01-19
ACC100812,Kimberly Adams,Canada,2021-05-18
ACC100813,Michael Brown,Ireland,2016-04-13
ACC100814,Kimberly Casey,United States,2021-02-17
ACC100815,Sara Miller,Netherlands,2015-06-27
ACC100816,Alex Price,United Kingdom,2015-10-13
ACC100817,Eric Bishop,Spain,2020-08-15
ACC100818,Matthew Lopez,Canada,2016-08-06
ACC100819,Matthew Cole,Ireland,2023-03-31
ACC100820,Danielle Roberts,Canada,2017-06-16
ACC100821,Ronald Holland,United Kingdom,2022-01-26
ACC100822,Thomas Watts,Netherlands,2020-10-05
ACC100823,Nancy Anderson,United Kingdom,2021-03-25
ACC100824,Benjamin Gibbs,France,2023-12-10
ACC100825,Lori Lewis,Netherlands,2018-08-02
ACC100826,Crystal Martin,Germany,2020-10-25
ACC100827,Matthew Molina,France,2024-06-04
ACC100828,James Gonzalez,United Kingdom,2019-12-02
ACC100829,Alicia May,Germany,2023-05-26
ACC100830,Mariah Davis,France,2023-07-28
ACC100831,Kevin Fischer,Cayman Islands,2023-08-13
ACC100832,Larry Lucas,France,2018-06-18
ACC100833,Amy Lynch,Spain,2017-01-02
ACC100834,Nicholas Shaw,France,2020-05-24
ACC100835,Angela Conner,Spain,2017-03-03
ACC100836,David Conrad,Netherlands,2016-06-28
ACC100837,Debbie Rogers,Canada,2015-09-06
ACC100838,Timothy Melendez,France,2024-06-06
ACC100839,Arthur Gonzales,Australia,2024-04-12
ACC100840,David Craig,Netherlands,2021-10-12
ACC100841,Richard Norris,Germany,2015-02-08
ACC100842,Brian Wilson,United Kingdom,2023-01-30
ACC100843,Rodney Hernandez,Netherlands,2016-01-09
ACC100844,Amanda Baker,Canada,2024-04-01
ACC100845,Joy Smith,Netherlands,2017-07-02
ACC100846,Rebecca Coleman,Netherlands,2016-05-30
ACC100847,Brittney Rogers,Germany,2022-10-16
ACC100848,Kristin Wiley,Netherlands,2017-12-16
ACC100849,William Morris,United Kingdom,2018-01-31
ACC100850,David Munoz,Australia,2022-03-04
ACC100851,Jason Davis,Canada,2015-03-25
ACC100852,Gregory Rivera,France,2017-05-11
ACC100853,Mark Fox,Canada,2024-07-24
ACC100854,Timothy Guerrero,Spain,2020-02-20
ACC100855,Jeffery Krueger,United States,2015-08-01
ACC100856,Martha Wade,Germany,2022-04-30
ACC100857,Stephanie Soto,Netherlands,2024-11-02
ACC100858,John Spencer,Australia,2015-12-06
ACC100859,Kevin Woodard,Ireland,2023-11-19
ACC100860,Lindsey Wilson,United Kingdom,2017-01-08
ACC100861,Amanda Chapman,Canada,2022-03-01
ACC100862,Laura Cook,Netherlands,2021-11-19
ACC100863,Laura Woods,Ireland,2015-03-29
ACC100864,Robert Scott,Spain,2017-08-22
ACC100865,Cynthia Werner,Ireland,2022-01-06
ACC100866,Debra Price,Netherlands,2016-05-30
ACC100867,Sarah Foster,Spain,2018-08-12
ACC100868,Richard Martinez,Australia,2015-04-07
ACC100869,Trevor Leblanc,Ireland,2015-02-27
ACC100870,Mary Matthews,Spain,2017-01-26
ACC100871,Sarah Johnson,Cayman Islands,2016-07-01
ACC100872,Juan Clayton,Germany,2017-01-24
ACC100873,Brittney Jackson,United States,2015-04-21
ACC100874,Kristen Campbell,Germany,2024-09-05
ACC100875,Michael Copeland,Germany,2018-03-10
ACC100876,Dr. Krystal Young,Australia,2021-03-23
ACC100877,John Garcia,Canada,2017-06-18
ACC100878,Bonnie Rogers,Spain,2016-06-07
ACC100879,Christopher Chen,Germany,2024-06-26
ACC100880,Melody Haynes,Spain,2022-11-01
ACC100881,Rhonda Underwood,Spain,2019-04-28
ACC100882,Ralph Williams,Australia,2015-11-24
ACC100883,Madison Rojas,Spain,2015-03-12
ACC100884,Alyssa Mccoy,United Kingdom,2016-05-10
ACC100885,Lauren Morris,France,2020-04-25
ACC100886,Maurice Bell,Spain,2017-10-28
ACC100887,George Friedman,Cyprus,2023-04-10
ACC100888,Stephanie Nelson,Netherlands,2020-05-19
ACC100889,Mary Jordan,France,2024-10-12
ACC100890,Jorge Robinson,Spain,2022-12-29
ACC100891,Jill Stephenson,Spain,2017-06-19
ACC100892,Jessica Stevens,Malta,2016-12-26
ACC100893,Jessica Shaw,France,2017-10-16
ACC100894,Jennifer Dawson,Netherlands,2022-02-10
ACC100895,Haley Robertson,Ireland,2022-09-14
ACC100896,Luis Rivera,Australia,2024-08-23
ACC100897,Jake Mitchell,France,2019-10-06
ACC100898,Devon Gay,United Kingdom,2020-08-25
ACC100899,Mr. Kevin Jones PhD,Australia,2015-04-07
ACC100900,Bruce Townsend,Canada,2020-04-01
ACC100901,John Stein,Netherlands,2019-03-10
ACC100902,Patricia Stevenson,France,2021-05-26
ACC100903,Robert Adams,Netherlands,2018-12-27
ACC100904,Paul Austin,Canada,2019-10-27
ACC100905,Sara Taylor,Spain,2020-06-20
ACC100906,Nicole Reynolds,Germany,2022-03-10
ACC100907,Charles Walker,United States,2015-09-20
ACC100908,Regina Martinez,Germany,2017-05-24
ACC100909,Tina Anderson,Canada,2024-09-23
ACC100910,Kari Anderson,United States,2024-04-27
ACC100911,Brandon Murillo,Spain,2023-07-04
ACC100912,Jessica Garza,France,2016-06-12
ACC100913,Jennifer Barker,Netherlands,2023-04-01
ACC100914,Adrian Johnson,Canada,2018-05-30
ACC100915,Mr. Anthony Mullen,Canada,2018-12-25
ACC100916,Judy Smith,Germany,2015-12-24
ACC100917,Christopher Arnold,Spain,2022-12-01
ACC100918,Victor Long,Spain,2019-05-02
ACC100919,Matthew Pugh,Netherlands,2015-02-28
ACC100920,Kelly Everett,Canada,2022-10-27
ACC100921,Kelly Mullins,Netherlands,2024-02-14
ACC100922,Ronald Montoya,Canada,2016-01-25
ACC100923,Kurt Yoder,Germany,2024-11-10
ACC100924,Mr. Kevin Castillo Jr.,Ireland,2019-06-01
ACC100925,Joseph Jenkins,Australia,2023-11-17
ACC100926,Jason Young,France,2023-08-12
ACC100927,John Holmes,Netherlands,2018-03-21
ACC100928,Timothy Summers,Germany,2016-07-26
ACC100929,Kimberly Dyer,United States,2019-12-06
ACC100930,Veronica Steele,France,2024-08-08
ACC100931,Jacob Griffin,France,2023-10-19
ACC100932,Carol Martinez,Australia,2019-03-11
ACC100933,Kristen Gonzalez,United Kingdom,2023-05-24
ACC100934,Sarah Cook,France,2016-10-21
ACC100935,Sandra Hall,France,2022-11-19
ACC100936,Jimmy Garcia,Canada,2017-08-28
ACC100937,Matthew Marsh,Germany,2015-07-08
ACC100938,Lisa Henderson,France,2023-11-02
ACC100939,Anthony Williams,Netherlands,2016-08-07
ACC100940,Michelle Olsen,United Kingdom,2024-08-14
ACC100941,Amanda Munoz,Ireland,2024-08-25
ACC100942,Aaron Rivas,Germany,2019-10-05
ACC100943,Melissa Everett,Ireland,2022-08-08
ACC100944,Jason Holland,Canada,2017-03-24
ACC100945,Jeremy Lewis,Germany,2015-08-24
ACC100946,Brandon Campbell,France,2018-01-28
ACC100947,Ralph Matthews,France,2015-06-20
ACC100948,Bob Rocha,United Kingdom,2024-06-25
ACC100949,Jacqueline Butler,France,2022-10-18
ACC100950,Cheyenne Wood,Ireland,2016-02-03
ACC100951,Tiffany Knight,Australia,2021-10-05
ACC100952,Emily Scott,Australia,2016-07-12
ACC100953,Brian Green,Germany,2024-08-08
ACC100954,Jennifer Valentine,Germany,2016-07-11
ACC100955,Lindsey Pacheco MD,Cyprus,2023-08-14
ACC100956,Elizabeth Robles,France,2022-08-17
ACC100957,Melissa Williams MD,Australia,2021-04-23
ACC100958,Jason Ho,Malta,2018-10-09
ACC100959,David Harper,United States,2019-05-09
ACC100960,Jessica Martinez,Australia,2016-01-04
ACC100961,Jacob Williamson,Australia,2015-06-22
ACC100962,Alexis Brown,Canada,2015-10-20
ACC100963,Jeffrey Herrera,Germany,2023-09-25
ACC100964,Candice Spence,Spain,2023-03-23
ACC100965,Sheila Harding,United Kingdom,2017-06-18
ACC100966,Katie Grant,Germany,2015-02-05
ACC100967,Jessica Barrett,Australia,2020-01-31
ACC100968,Megan Moore,Netherlands,2022-07-05
ACC100969,Daniel Lozano,Canada,2016-10-17
ACC100970,Andrew Wolfe,Ireland,2021-04-28
ACC100971,Jonathan Hurley,Germany,2017-02-10
ACC100972,Louis Brown,France,2021-06-17
ACC100973,Albert Acosta,United States,2019-01-21
ACC100974,Jeffery Johnson,Canada,2015-03-20
ACC100975,Steven Black,Ireland,2018-04-27
ACC100976,Brittany Wade,Canada,2017-09-02
ACC100977,Cassandra Franco,Australia,2018-10-02
ACC100978,Christopher Gallegos,United Kingdom,2021-05-07
ACC100979,Elizabeth Castro,Australia,2017-05-18
ACC100980,Steven Watson,Canada,2016-08-25
ACC100981,Rachel Wilkins,Australia,2021-07-20
ACC100982,Joshua Bailey,Canada,2016-04-11
ACC100983,Nicole Salazar,Ireland,2020-10-12
ACC100984,Eric Ellis,France,2018-12-24
ACC100985,Charles Mitchell,Ireland,2021-03-24
ACC100986,Zachary Powell,United States,2018-10-09
ACC100987,Stephen Barrett,Spain,2018-01-24
ACC100988,Valerie Smith,Spain,2024-05-31
ACC100989,Joseph Forbes,Australia,2022-06-20
ACC100990,Daniel Brady,Australia,2019-07-14
ACC100991,Gina Collins,France,2019-03-14
ACC100992,Jose Malone,United States,2019-08-12
ACC100993,Alicia Downs,Netherlands,2020-01-17
ACC100994,Tammy Taylor,France,2017-11-08
ACC100995,Thomas Contreras,Germany,2016-11-09
ACC100996,Stacy Anderson,Germany,2023-03-17
ACC100997,Joanna Lee,United States,2023-09-26
ACC100998,Richard Rivas,United Kingdom,2018-08-05
ACC100999,Nicholas Mcintosh,Netherlands,2019-11-14
ACC101000,Donna Wright,United States,2018-06-06
ACC101001,Nicole Chen,Malta,2022-05-08
ACC101002,Cynthia Gentry,Cayman Islands,2019-01-23
ACC101003,Trevor Bryant,Australia,2016-08-29
ACC101004,Colin Calhoun,France,2022-01-26
ACC101005,Kenneth Li,Australia,2015-12-24
ACC101006,Emily Barajas,Canada,2019-12-29
ACC101007,Sarah Bailey,United States,2015-04-10
ACC101008,Corey Smith,Ireland,2023-08-22
ACC101009,Jesse Hughes,France,2017-05-20
ACC101010,David Doyle,Ireland,2023-12-17
ACC101011,Natalie Ramirez,Germany,2021-02-15
ACC101012,Jessica Smith,Ireland,2021-12-16
ACC101013,Heather Henderson,Germany,2024-09-20
ACC101014,William Riley,United States,2018-01-24
ACC101015,Ashley Reese,Ireland,2018-12-02
ACC101016,Jaime Wolf,Spain,2018-05-07
ACC101017,Melissa Bennett,Netherlands,2016-06-27
ACC101018,Kenneth Rodriguez,Australia,2023-06-06
ACC101019,Robert Lewis,Canada,2017-12-25
ACC101020,John Baldwin,United States,2018-04-09
ACC101021,Leah Hopkins,Netherlands,2018-06-10
ACC101022,Brian Barnes,United Kingdom,2023-11-03
ACC101023,Matthew Cain,France,2015-12-11
ACC101024,Kenneth Ferrell,Ireland,2020-11-30
ACC101025,Christopher Montgomery,France,2023-05-22
ACC101026,Melanie Cross,United Kingdom,2021-12-19
ACC101027,April Leonard,Australia,2023-02-09
ACC101028,Justin Alvarado,United States,2019-07-13
ACC101029,Shannon Terry,Germany,2024-07-31
ACC101030,Maria Oliver,Canada,2021-03-31
ACC101031,James Ali,United Kingdom,2021-04-25
ACC101032,Cheryl Nguyen,Netherlands,2015-01-29
ACC101033,Judith Olson,France,2022-08-01
ACC101034,Virginia Brooks,Malta,2016-03-19
ACC101035,Rose Perry,United States,2019-03-01
ACC101036,Philip Ford,Canada,2020-06-17
ACC101037,David Smith,Canada,2021-06-27
ACC101038,Erik Wise,Netherlands,2016-01-16
ACC101039,Amy Freeman,Germany,2016-10-31
ACC101040,Ashley French,Australia,2023-06-02
ACC101041,Zachary Kelly,Ireland,2015-06-09
ACC101042,Casey Pierce,Ireland,2024-02-21
ACC101043,Justin Miller,United States,2019-02-22
ACC101044,Daniel Anderson,Malta,2018-10-22
ACC101045,Eric Sweeney,Netherlands,2017-11-09
ACC101046,Brian Rollins,United Kingdom,2019-04-06
ACC101047,Maria Davenport,Netherlands,2015-07-06
ACC101048,Brian Graham,United Kingdom,2018-04-27
ACC101049,Kayla Harris,Germany,2024-10-22
ACC101050,Steven Robinson,Ireland,2019-01-21
ACC101051,Jennifer Matthews,Spain,2016-10-01
ACC101052,Jeffrey Frank,France,2016-08-06
ACC101053,Michele Walker,Spain,2015-10-08
ACC101054,Rachael Gonzalez,Germany,2022-11-28
ACC101055,Martin Shepard,Ireland,2023-07-09
ACC101056,Cameron Reed,Canada,2016-11-14
ACC101057,Kristina Matthews,United States,2021-11-25
ACC101058,Kevin Snyder,Australia,2024-03-19
ACC101059,Arthur Liu,Netherlands,2018-11-11
ACC101060,Samantha Perez,United States,2024-09-29
ACC101061,Sarah Flores,Ireland,2021-09-30
ACC101062,Mia Tyler,United States,2015-04-26
ACC101063,Robert Moreno,Australia,2021-08-12
ACC101064,Billy Brown,Spain,2023-12-11
ACC101065,Noah Richardson,United Kingdom,2015-11-19
ACC101066,William Smith,Canada,2020-10-04
ACC101067,Kyle Daugherty,France,2020-09-13
ACC101068,Albert Morse,Spain,2024-08-08
ACC101069,Dr. Robert Adams,Canada,2020-06-15
ACC101070,Andrew Meyers,Canada,2024-07-18
ACC101071,Robert Gardner,United Kingdom,2023-10-20
ACC101072,Linda Jones,United States,2021-01-05
ACC101073,Maria Reyes,Germany,2022-03-08
ACC101074,Scott Davis,Spain,2015-03-13
ACC101075,Cheryl Walker,France,2024-01-12
ACC101076,Maxwell Case,United States,2020-07-08
ACC101077,Jacob Howard,Ireland,2023-08-03
ACC101078,Kurt Williams,Spain,2018-11-02
ACC101079,Jose Austin,United States,2021-10-03
ACC101080,Aimee Santana,Canada,2022-09-20
ACC101081,Jonathan Quinn,Netherlands,2015-09-08
ACC101082,Cody Bauer,United Kingdom,2019-07-10
ACC101083,Alexander Phillips,Australia,2019-08-27
ACC101084,Sheena Bailey MD,Netherlands,2015-08-11
ACC101085,William Bryan,Netherlands,2019-04-07
ACC101086,Michael Chan,United States,2015-03-26
ACC101087,Valerie Nguyen,Ireland,2015-09-02
ACC101088,Frances Nelson,Germany,2020-03-12
ACC101089,Nicole Nelson,France,2017-11-03
ACC101090,Matthew Hodges,United States,2023-09-28
ACC101091,Patrick Foster,Australia,2016-06-08
ACC101092,Jordan Garcia,Ireland,2024-01-31
ACC101093,Julie Ray,Australia,2022-06-26
ACC101094,Ethan Buck,United States,2017-03-27
ACC101095,Mrs. Shelby Jackson DVM,Australia,2021-12-01
ACC101096,Scott Preston,Netherlands,2019-08-31
ACC101097,Andrew Smith,Germany,2016-06-29
ACC101098,Brian Rowland,Spain,2019-11-20
ACC101099,John Jackson,Canada,2024-09-12
ACC101100,April Mendez,Germany,2021-07-30
ACC101101,Jason Greene,United States,2021-03-29
ACC101102,Jorge Madden,Ireland,2024-04-28
ACC101103,Michael Dalton,Germany,2023-02-17
ACC101104,Jay Miller,Ireland,2020-04-13
ACC101105,David Greene,United Kingdom,2020-09-04
ACC101106,Edward Moore,Germany,2023-09-20
ACC101107,Kelsey Mccarthy,Netherlands,2024-12-18
ACC101108,Daniel Taylor,France,2020-12-31
ACC101109,Joshua Cobb,United States,2019-01-22
ACC101110,Tina Burton,France,2020-07-15
ACC101111,Kathy Byrd,Ireland,2019-11-05
ACC101112,Paul Benjamin,Australia,2018-09-05
ACC101113,Bill Hodges,Germany,2015-05-16
ACC101114,Anna Curtis,United States,2016-02-20
ACC101115,Samuel Graham,Netherlands,2020-12-02
ACC101116,Tracey Higgins,Ireland,2016-01-21
ACC101117,Casey Garcia,Ireland,2022-06-26
ACC101118,Kevin Parker,France,2016-11-09
ACC101119,Victoria Hamilton,Ireland,2017-08-18
ACC101120,Kaitlin Johnson,France,2020-12-30
ACC101121,Jose Hall,United States,2018-06-12
ACC101122,Angela Mitchell,Netherlands,2019-09-16
ACC101123,Victor Allen,Canada,2023-10-23
ACC101124,Jane Roman,United Kingdom,2023-02-01
ACC101125,Jason Guerrero,Germany,2017-03-01
ACC101126,James Gardner,France,2016-10-04
ACC101127,Pamela Shaw,United Kingdom,2024-05-10
ACC101128,Kathy Fields,Netherlands,2023-06-21
ACC101129,Denise Brown,France,2024-09-24
ACC101130,Emily Davis,United States,2019-10-02
ACC101131,Michael Hahn,Australia,2016-11-20
ACC101132,Martin Cameron,France,2022-09-11
ACC101133,Denise Moreno,Spain,2019-11-25
ACC101134,Walter Gutierrez,Spain,2019-12-26
ACC101135,Alexander Donovan,France,2023-12-14
ACC101136,Sherry Weaver,Netherlands,2021-07-17
ACC101137,Matthew Hernandez,Spain,2015-02-12
ACC101138,Austin Turner,Canada,2023-07-02
ACC101139,Steven Wyatt,France,2020-02-08
ACC101140,Jordan Hughes,United States,2020-03-04
ACC101141,Lynn Davis,Canada,2022-05-31
ACC101142,Sierra Avila,Netherlands,2024-11-22
ACC101143,Eric Smith,Germany,2020-08-13
ACC101144,Bryan Guerrero,France,2019-02-16
ACC101145,John Ortiz,Cyprus,2018-06-23
ACC101146,Kimberly Franklin,Malta,2015-03-08
ACC101147,Eric Casey,United Kingdom,2019-05-14
ACC101148,Maria Villanueva,Netherlands,2023-06-18
ACC101149,Timothy Evans,Germany,2024-02-16
ACC101150,John Wilson,Canada,2024-02-29
ACC101151,Sandra Bird,Netherlands,2022-06-09
ACC101152,Laura Hardin,Ireland,2023-10-20
ACC101153,Austin Cantrell,Spain,2022-04-26
ACC101154,Jordan Valentine,France,2021-01-31
ACC101155,Kimberly Thompson,United Kingdom,2020-12-21
ACC101156,Wyatt Huynh,Ireland,2015-03-06
ACC101157,Samuel Jones,Spain,2023-12-08
ACC101158,Veronica Lee,Germany,2021-12-19
ACC101159,Shawn Evans,France,2021-10-27
ACC101160,Jeffrey Cunningham,Spain,2024-10-07
ACC101161,Crystal Welch,United States,2018-03-15
ACC101162,David Sherman,Cyprus,2023-04-13
ACC101163,Mary Robertson,France,2024-12-28
ACC101164,James Bailey,France,2024-01-08
ACC101165,Stephen Parker,Canada,2016-07-27
ACC101166,Michael Cole,United States,2020-05-30
ACC101167,Christopher Anderson,France,2016-04-11
ACC101168,Jason Williams,Canada,2023-09-21
ACC101169,Austin Thompson,United States,2020-01-07
ACC101170,Ana White,Spain,2023-08-29
ACC101171,Joann Butler,Australia,2022-02-28
ACC101172,Derek Hughes,Netherlands,2023-12-01
ACC101173,Rebecca Medina,Germany,2023-09-15
ACC101174,Kathy Kelly,United States,2018-03-14
ACC101175,Melissa Cowan,France,2016-01-09
ACC101176,Emily Douglas,Netherlands,2016-10-24
ACC101177,Linda Stout,France,2015-09-20
ACC101178,Ryan Cordova,Spain,2015-03-08
ACC101179,Lisa Hicks,Canada,2020-03-21
ACC101180,Amy Johnson,Spain,2024-05-28
ACC101181,Tyler Johnson,United Kingdom,2020-03-06
ACC101182,David Rodriguez,France,2016-09-04
ACC101183,Madison Day,Netherlands,2015-07-03
ACC101184,Frank Jones,United States,2023-06-21
ACC101185,Thomas Davis,Canada,2024-08-24
ACC101186,Charles Duffy,Germany,2024-01-16
ACC101187,Jeffrey Bradley,Ireland,2017-06-12
ACC101188,Lindsey Edwards,Netherlands,2021-12-29
ACC101189,Donald Mitchell,Netherlands,2017-06-22
ACC101190,Michael Black,United States,2023-09-01
ACC101191,John Marks,United States,2016-09-14
ACC101192,Pamela Huff,United Kingdom,2023-11-21
ACC101193,Ernest Davis,Ireland,2022-12-15
ACC101194,Daniel Ramirez,Netherlands,2016-01-21
ACC101195,Adam Mays,Spain,2024-11-05
ACC101196,David Owens,France,2019-01-20
ACC101197,Jennifer Pierce,France,2017-11-18
ACC101198,Meghan Barnes,United Kingdom,2016-09-09
ACC101199,Richard Vasquez,Australia,2024-11-27
ACC101200,Kevin Rollins,United Kingdom,2018-04-05
ACC101201,Sergio Carr,Ireland,2021-07-24
ACC101202,Jennifer Guerrero,United Kingdom,2018-09-29
ACC101203,Laura Alvarado,Australia,2024-11-29
ACC101204,Jeffrey Acosta,Canada,2015-09-30
ACC101205,Scott Fleming,Ireland,2019-01-20
ACC101206,Jennifer Li,Germany,2015-10-01
ACC101207,Kelsey Anderson,United States,2024-12-26
ACC101208,Jenna Nelson,Australia,2020-05-10
ACC101209,Tony Pena,United Kingdom,2022-10-01
ACC101210,William Gardner,Germany,2019-04-15
ACC101211,Linda Pennington,Cyprus,2023-06-07
ACC101212,Morgan Berger,Panama,2016-02-24
ACC101213,John Copeland,Germany,2021-08-19
ACC101214,Darrell Burton DVM,Spain,2024-12-12
ACC101215,Michele Taylor,Germany,2020-04-05
ACC101216,Nicole Cook,France,2023-03-29
ACC101217,Patricia Martin,United Kingdom,2019-02-21
ACC101218,Sarah Reeves MD,United Kingdom,2017-11-21
ACC101219,Jill Jones,France,2018-03-05
ACC101220,Dominique Hicks,United Kingdom,2019-12-12
ACC101221,Susan Hernandez,France,2021-03-05
ACC101222,Jennifer Day,United States,2024-01-30
ACC101223,Antonio Cabrera,Australia,2020-09-18
ACC101224,John Santos,France,2016-02-11
ACC101225,Ms. Kathryn Waller,Cyprus,2022-03-08
ACC101226,Matthew Walker,Canada,2020-12-22
ACC101227,Amy Nicholson,Netherlands,2021-08-03
ACC101228,Amy Moore,United States,2019-10-29
ACC101229,Amber Smith,France,2022-05-30
ACC101230,Michael Murphy,United Kingdom,2015-06-07
ACC101231,Joshua Savage,France,2017-08-26
ACC101232,Dawn Smith,Germany,2017-03-17
ACC101233,Victoria Shepard,United Kingdom,2019-08-03
ACC101234,Kelly Shaw,Netherlands,2017-03-05
ACC101235,Nicholas Stevenson,Netherlands,2022-12-12
ACC101236,Mark Larson,Canada,2019-02-01
ACC101237,Luis Estes,United States,2021-01-01
ACC101238,Cindy Velasquez,Germany,2021-11-22
ACC101239,Michael Brown,France,2024-11-17
ACC101240,Mr. Kenneth Sullivan,United States,2023-02-05
ACC101241,Alan Stevens,Ireland,2018-11-13
ACC101242,Michael Pierce,Australia,2017-03-24
ACC101243,Sarah Carter,Australia,2019-06-09
ACC101244,Michelle Smith,Netherlands,2022-06-29
ACC101245,Melissa Brown,Netherlands,2021-04-05
ACC101246,Robert Lee,Netherlands,2021-11-16
ACC101247,Dr. Leonard Mccarthy,Netherlands,2018-08-13
ACC101248,Crystal Smith MD,United States,2017-02-01
ACC101249,Ricardo Rangel,Spain,2016-07-22
ACC101250,Robin Brown,Netherlands,2019-08-08
ACC101251,Kayla Mason,Spain,2021-07-19
ACC101252,Mandy Booth,United Kingdom,2024-08-28
ACC101253,David Thomas,United States,2015-04-04
ACC101254,Sara Gray,France,2016-06-18
ACC101255,Amy Christensen,Spain,2018-12-09
ACC101256,Miranda Clark,France,2016-11-08
ACC101257,Mackenzie Sanchez,United Kingdom,2021-02-24
ACC101258,Austin Hess,Canada,2020-01-20
ACC101259,Brian Perez,United States,2020-04-18
ACC101260,Steven Petty,United Kingdom,2019-11-29
ACC101261,Benjamin Young,United States,2021-10-15
ACC101262,Pamela Reid,Germany,2021-11-11
ACC101263,Maureen Moore,Canada,2022-11-26
ACC101264,Erin Pham,Canada,2017-04-01
ACC101265,Brad Morgan,Australia,2018-01-01
ACC101266,Robert Hawkins,United Kingdom,2020-12-23
ACC101267,Jonathan Poole,Australia,2015-06-06
ACC101268,Doris Jackson,Spain,2022-11-14
ACC101269,Brian Green,Germany,2021-10-24
ACC101270,Justin Hurley,France,2016-08-30
ACC101271,Michael Flores,United States,2016-12-17
ACC101272,Emily Fuller,Germany,2018-09-24
ACC101273,Bridget Hogan,Spain,2015-09-09
ACC101274,Kerry Mckinney,France,2017-10-03
ACC101275,Natasha Shepard,Ireland,2020-02-27
ACC101276,Evan Hooper,United States,2015-09-01
ACC101277,Patricia Benton,Netherlands,2018-01-21
ACC101278,Ashley Moore,Netherlands,2018-11-15
ACC101279,Catherine York,Netherlands,2023-11-11
ACC101280,Sara Ross,Germany,2022-05-26
ACC101281,Diana Hunt,Spain,2024-10-14
ACC101282,Derrick Barton,France,2015-01-07
ACC101283,Jeffrey Warren,United States,2019-11-15
ACC101284,Kenneth Lewis,Australia,2024-12-14
ACC101285,Ashley Rodriguez,Netherlands,2015-10-22
ACC101286,Joseph Hughes,Panama,2016-11-21
ACC101287,Kimberly Phillips,United Kingdom,2020-06-02
ACC101288,Matthew Jefferson,United States,2020-11-17
ACC101289,Michael Landry,Canada,2016-06-19
ACC101290,Eugene Johnson,France,2021-09-11
ACC101291,Patricia Cooper,Seychelles,2018-10-04
ACC101292,Dr. Jennifer Smith,Germany,2016-07-12
ACC101293,Rebecca Lyons,France,2022-03-19
ACC101294,John French DDS,Ireland,2020-10-15
ACC101295,Caroline Randolph,Spain,2022-09-14
ACC101296,Jerome Fernandez,Ireland,2018-07-03
ACC101297,Jennifer Farley,Ireland,2023-09-16
ACC101298,Michael Gibbs,Canada,2017-03-04
ACC101299,James Cameron,Ireland,2018-03-22
ACC101300,Peggy Johnson,United Kingdom,2024-07-06
ACC101301,Mckenzie Gutierrez,Germany,2024-04-18
ACC101302,Stacy Harris,United States,2019-01-06
ACC101303,Christopher Fleming,Netherlands,2019-04-01
ACC101304,Michael Peterson,Cyprus,2017-11-10
ACC101305,Sarah Hudson,France,2022-01-01
ACC101306,Jessica Edwards,United Kingdom,2020-04-13
ACC101307,Kim Hubbard,United States,2023-04-11
ACC101308,Cheyenne Pierce,Spain,2019-01-18
ACC101309,Carrie Smith,Spain,2015-02-06
ACC101310,Andrew Johns,Ireland,2022-07-28
ACC101311,Allison Young,United States,2020-12-23
ACC101312,Megan Garcia,Spain,2017-04-08
ACC101313,Donna Clayton,Australia,2017-05-31
ACC101314,Erica Young,Netherlands,2019-02-05
ACC101315,Derek Adams,France,2017-01-03
ACC101316,Jennifer West,Netherlands,2017-11-17
ACC101317,Scott Mitchell,Spain,2017-08-19
ACC101318,Carrie Hill,Netherlands,2022-11-05
ACC101319,Emily Gonzalez,Canada,2021-11-28
ACC101320,Shelley Castaneda,Canada,2016-12-12
ACC101321,Shane Maxwell,Spain,2015-03-18
ACC101322,Amy Shah,France,2018-07-06
ACC101323,Michael Elliott,United Kingdom,2019-10-12
ACC101324,Don Simon,Germany,2016-11-18
ACC101325,Laura Walsh,Spain,2022-08-15
ACC101326,Tanya Hernandez,Cyprus,2017-09-29
ACC101327,Anna Pugh,France,2022-12-22
ACC101328,Jennifer Baker,Netherlands,2019-12-04
ACC101329,Daniel Wilson,United States,2016-03-22
ACC101330,Lori Thompson,United Kingdom,2022-12-21
ACC101331,Ricardo Green,Seychelles,2023-04-05
ACC101332,Richard Hodges,United Kingdom,2020-08-23
ACC101333,William Davenport,Panama,2024-08-03
ACC101334,Christopher Guerra,Germany,2023-04-26
ACC101335,Greg Gibson,Cyprus,2023-04-23
ACC101336,Justin Greene,United States,2024-03-28
ACC101337,Jill Morris,France,2021-02-10
ACC101338,Kimberly Campbell,Australia,2019-11-12
ACC101339,Kimberly Gonzales,Netherlands,2019-04-12
ACC101340,David Doyle,Spain,2016-04-30
ACC101341,Jesse Anderson,United States,2015-06-21
ACC101342,Julie Lee,United Kingdom,2021-09-22
ACC101343,Joshua Parsons,Canada,2020-01-16
ACC101344,David Ellis,France,2023-12-09
ACC101345,Margaret Keith,Canada,2017-11-12
ACC101346,Amy Long,United Kingdom,2020-04-12
ACC101347,Hunter Ashley,Spain,2020-07-22
ACC101348,Mr. Jason Hicks PhD,France,2021-01-22
ACC101349,Charlotte Meyers,France,2021-04-08
ACC101350,Steven Smith,United States,2021-04-13
ACC101351,Benjamin Mckinney,Canada,2019-04-25
ACC101352,Charles Waller,Germany,2015-09-14
ACC101353,Jessica Morgan,United States,2021-11-10
ACC101354,Norma Wright,Australia,2018-09-06
ACC101355,Megan Hamilton,Ireland,2023-07-01
ACC101356,Gregory Harrison,Spain,2020-02-05
ACC101357,Charles Lopez,Netherlands,2016-05-13
ACC101358,Joshua Cunningham,United States,2018-11-14
ACC101359,Patricia Cox,United States,2022-07-16
ACC101360,Megan Bush,Netherlands,2021-10-30
ACC101361,David Gonzales,United Kingdom,2015-09-06
ACC101362,Heather Ho,Australia,2023-02-26
ACC101363,John Tran,United States,2021-05-03
ACC101364,Stacey Carter,United Kingdom,2023-09-13
ACC101365,Richard Harper,Ireland,2019-10-27
ACC101366,Rebekah Mccormick,United Kingdom,2015-12-10
ACC101367,Ariel Wilson,Ireland,2022-03-02
ACC101368,Michelle James,Australia,2016-01-25
ACC101369,Robert Taylor,Ireland,2017-12-31
ACC101370,Amanda Schaefer,Australia,2017-10-18
ACC101371,Dr. David Coleman,France,2015-01-27
ACC101372,Kristina Harrell,Ireland,2024-08-01
ACC101373,Joseph Davis,Spain,2024-08-27
ACC101374,Sarah Bennett,United States,2016-06-12
ACC101375,Dr. Russell Morales,Netherlands,2023-10-17
ACC101376,Kathleen Hall,Ireland,2024-02-05
ACC101377,Carly Riggs,Australia,2017-08-17
ACC101378,Christopher Avery,Panama,2016-05-21
ACC101379,Erin Pierce,Canada,2016-01-08
ACC101380,Tammy Phelps,Spain,2020-08-22
ACC101381,Thomas Hoffman,Netherlands,2020-01-20
ACC101382,Kenneth Allen,Netherlands,2022-03-01
ACC101383,Cindy Becker,Australia,2023-03-07
ACC101384,Chris Johnson,Spain,2017-04-30
ACC101385,Jerry Obrien,Germany,2020-11-03
ACC101386,Jenna Newton,Ireland,2015-06-23
ACC101387,Beverly Kelly,Canada,2018-10-14
ACC101388,Charles Thomas,Spain,2022-08-11
ACC101389,Anita Ward,Spain,2017-07-01
ACC101390,Christine Bennett,Spain,2021-04-30
ACC101391,Justin Alexander,Netherlands,2022-01-31
ACC101392,Amy Taylor,France,2019-02-01
ACC101393,Jodi Guzman,Netherlands,2021-09-28
ACC101394,Tina Rangel,Germany,2018-11-13
ACC101395,Timothy Wise,United States,2018-06-14
ACC101396,Amanda White,Netherlands,2016-11-28
ACC101397,Robert Griffith,Germany,2019-04-25
ACC101398,Tara Barton MD,Spain,2018-03-11
ACC101399,Bonnie Martin,Ireland,2019-04-13
ACC101400,Jesus Taylor,Spain,2018-11-11
ACC101401,Hannah Hodges,Netherlands,2018-11-08
ACC101402,Jessica Copeland,Netherlands,2016-12-03
ACC101403,Anita Torres,Spain,2024-08-23
ACC101404,Shannon Vasquez,United Kingdom,2021-12-10
ACC101405,Curtis Dunn,Spain,2022-06-24
ACC101406,Edward Collins,United States,2023-07-24
ACC101407,Philip Johnson,Netherlands,2016-12-13
ACC101408,Curtis Bell,Netherlands,2023-10-07
ACC101409,Linda Davis,United Kingdom,2021-09-01
ACC101410,James Young,Netherlands,2018-04-05
ACC101411,April Reed,Netherlands,2016-08-01
ACC101412,Richard Gardner,United States,2015-12-24
ACC101413,Eric Gray,France,2015-10-21
ACC101414,Holly Alvarez,France,2015-04-05
ACC101415,Willie Oconnell,Spain,2018-08-17
ACC101416,Samantha Stewart,Ireland,2017-01-18
ACC101417,Nicholas Nelson,Spain,2022-03-31
ACC101418,John Diaz,Australia,2016-06-28
ACC101419,John Parrish,Netherlands,2018-06-06
ACC101420,Heather Mata,Netherlands,2021-01-12
ACC101421,Steven Peterson,United States,2020-10-22
ACC101422,Shannon Bryant,Canada,2015-03-14
ACC101423,Tammie Jordan,Canada,2017-02-01
ACC101424,Robert Peterson,Germany,2023-09-24
ACC101425,Isaac Davidson,Spain,2021-01-27
ACC101426,Sarah Lester,Spain,2015-09-28
ACC101427,James Downs,Canada,2021-01-05
ACC101428,Tanya Campbell,United Kingdom,2024-05-03
ACC101429,Janet Knight,France,2016-12-02
ACC101430,Alison Frank,United Kingdom,2019-02-15
ACC101431,Courtney Jones,Germany,2018-04-15
ACC101432,Ashley Brandt,Spain,2015-05-13
ACC101433,Joshua Wells,Canada,2024-11-21
ACC101434,Shelly Henry,Ireland,2015-05-11
ACC101435,Robert Carlson,Ireland,2016-04-03
ACC101436,Phillip Mccormick,Canada,2018-02-25
ACC101437,Richard Vance,United States,2019-12-08
ACC101438,Andrea Cooper,Australia,2021-06-24
ACC101439,Dana Stewart,Canada,2019-04-05
ACC101440,Sandra Bennett,Netherlands,2019-07-28
ACC101441,April Moody,Australia,2015-03-27
ACC101442,Nicole Guerrero,United Kingdom,2017-07-26
ACC101443,Jeffrey Patel,Ireland,2023-03-27
ACC101444,Connor Stone,Australia,2015-08-09
ACC101445,Debra Simpson,United Kingdom,2021-09-05
ACC101446,Todd Wright,Canada,2017-09-10
ACC101447,Mrs. Patricia Pratt,Spain,2022-08-19
ACC101448,April Stevenson,France,2023-10-18
ACC101449,Nicholas Wagner,United Kingdom,2020-08-08
ACC101450,Elizabeth Jenkins,Ireland,2020-04-18
ACC101451,Nathan Nichols,Australia,2015-09-29
ACC101452,Amy Mullins,United States,2021-02-21
ACC101453,Cody Morris,Spain,2020-08-21
ACC101454,Amanda Gibson,Netherlands,2021-08-07
ACC101455,Michelle Oliver,Australia,2020-05-07
ACC101456,James Baker,United Kingdom,2024-11-07
ACC101457,David Reynolds,Ireland,2018-11-09
ACC101458,Christine Edwards,United Kingdom,2022-10-25
ACC101459,Theresa Allen,Australia,2015-10-09
ACC101460,Brandon Jordan,Netherlands,2017-06-11
ACC101461,Heather Anderson,Germany,2019-08-26
ACC101462,Thomas Henderson,United Kingdom,2019-06-17
ACC101463,Dana Armstrong,France,2024-10-03
ACC101464,James Ross,Ireland,2017-05-14
ACC101465,Matthew King,Seychelles,2015-07-31
ACC101466,Jennifer Miller,Australia,2016-08-14
ACC101467,Tara Garcia,Australia,2022-04-02
ACC101468,Allison Johnson,Netherlands,2016-09-07
ACC101469,Tracy Saunders,France,2019-10-16
ACC101470,Alicia Walton,Canada,2019-01-19
ACC101471,Johnny Mack,Australia,2017-05-27
ACC101472,Tammy Ramos,Spain,2020-03-03
ACC101473,Kristin Frazier,Cyprus,2020-10-23
ACC101474,Miss Sandra Bowen DVM,Spain,2023-08-29
ACC101475,Michael Duke,Australia,2019-03-04
ACC101476,Martin Stone,France,2024-05-15
ACC101477,Ryan Gay,Spain,2020-09-09
ACC101478,Ashley Johnson,United Kingdom,2020-09-26
ACC101479,Mia Bennett,Spain,2023-03-11
ACC101480,Kendra Ward,Ireland,2019-02-21
ACC101481,Janice Fisher,Canada,2020-12-10
ACC101482,Heidi Ayers,United States,2018-06-30
ACC101483,Angel Richardson,United Kingdom,2022-09-16
ACC101484,Timothy Gonzalez,France,2021-09-27
ACC101485,Jeanette Madden,Netherlands,2020-02-23
ACC101486,Kimberly Mason,Australia,2024-12-25
ACC101487,Denise Jenkins,United Kingdom,2020-02-17
ACC101488,David Spears,Spain,2019-04-16
ACC101489,Debra Jones,Spain,2024-05-18
ACC101490,Megan Munoz,Spain,2020-10-16
ACC101491,Amy Hester,United Kingdom,2018-03-28
ACC101492,Jacob Edwards,Netherlands,2016-05-12
ACC101493,Ryan Boyer,Netherlands,2020-03-05
ACC101494,Danny Lloyd,Netherlands,2022-12-17
ACC101495,Michelle Bond,France,2022-04-15
ACC101496,Colin Smith,Spain,2016-02-25
ACC101497,Eric Rice,Canada,2020-06-06
ACC101498,David Proctor,Australia,2019-09-11
ACC101499,Krista Byrd,Australia,2024-04-18
ACC101500,Valerie Park,United Kingdom,2017-10-19
ACC101501,Steven Brown,Netherlands,2019-01-12
ACC101502,Mark Thomas,Spain,2018-09-18
ACC101503,Elizabeth Hanson,United Kingdom,2022-08-15
ACC101504,Olivia Ellis,United States,2019-10-23
ACC101505,George Obrien,Australia,2016-09-10
ACC101506,Andre Johnson,United States,2015-12-19
ACC101507,William Jones,Cyprus,2015-10-29
ACC101508,Manuel Diaz,United Kingdom,2024-10-15
ACC101509,Jonathan Carson,France,2017-04-29
ACC101510,Joshua Mccall,United Kingdom,2019-08-09
ACC101511,Rose Hernandez,Netherlands,2015-04-04
ACC101512,Jeremiah Phillips,Spain,2015-06-21
ACC101513,Cesar Lee,United States,2020-07-23
ACC101514,Jennifer Johnson,Australia,2015-06-18
ACC101515,Logan Anthony,Spain,2021-11-23
ACC101516,Matthew Johnson,Netherlands,2020-09-29
ACC101517,Aaron Morales,United States,2022-01-18
ACC101518,Matthew Gray,Canada,2016-06-25
ACC101519,Eric Martinez,Netherlands,2020-09-09
ACC101520,Michaela Cooper,Canada,2021-10-18
ACC101521,Emily Hanson,Germany,2022-11-19
ACC101522,Jonathan Martinez,Australia,2015-06-09
ACC101523,Joseph Carpenter,Australia,2024-08-06
ACC101524,Pamela Stevenson,Spain,2020-05-01
ACC101525,Shannon Brooks,United Kingdom,2020-08-07
ACC101526,Darlene White,United States,2015-04-26
ACC101527,Richard Johnson,United States,2017-06-05
ACC101528,Jason Walters,Ireland,2016-07-12
ACC101529,Rhonda Valentine,France,2021-02-25
ACC101530,Tina Newman,France,2024-03-01
ACC101531,Debbie Simpson,Spain,2024-06-10
ACC101532,Mr. James Johnston,United States,2024-10-12
ACC101533,Bryan Ross,France,2019-05-22
ACC101534,Amber Smith,Canada,2023-02-15
ACC101535,Jesse Schmidt,Canada,2020-04-05
ACC101536,Ronald Copeland,Spain,2024-05-07
ACC101537,Michelle Mayer,Panama,2022-09-16
ACC101538,Gary Ward,Netherlands,2021-02-23
ACC101539,Katrina Moore,Ireland,2019-08-30
ACC101540,Richard Stewart,United States,2015-02-26
ACC101541,David Norton,Netherlands,2016-09-12
ACC101542,James Ruiz,Spain,2021-03-02
ACC101543,Justin Turner,United States,2018-11-18
ACC101544,Jimmy Garcia,France,2016-07-12
ACC101545,Lawrence Manning,Australia,2017-04-13
ACC101546,Tracy Cochran,United States,2024-03-29
ACC101547,Timothy Sanchez,Ireland,2024-06-12
ACC101548,Aaron Garcia,Canada,2019-05-30
ACC101549,Tammy Little,Australia,2021-03-21
ACC101550,Jennifer Nguyen,Spain,2018-01-07
ACC101551,Jennifer Gaines,Australia,2017-10-04
ACC101552,Sara Keller,Ireland,2020-12-19
ACC101553,Erik Foley,Canada,2019-02-16
ACC101554,Claudia Hogan,Ireland,2023-06-28
ACC101555,Samantha Williams,Germany,2020-11-08
ACC101556,Jeremy Walsh,Australia,2021-08-14
ACC101557,Jeremy Mitchell,Ireland,2020-07-05
ACC101558,Angela Jones,Canada,2015-06-14
ACC101559,Jennifer Wright,United States,2015-04-06
ACC101560,Jessica Young,United Kingdom,2021-11-02
ACC101561,Taylor Taylor,Spain,2020-12-19
ACC101562,Connie Gordon,United Kingdom,2024-08-06
ACC101563,Chelsea Harris,France,2021-05-22
ACC101564,Albert Thornton,Australia,2018-10-24
ACC101565,Lisa Bryant,United Kingdom,2015-05-10
ACC101566,Eric Wilkinson,Germany,2022-05-19
ACC101567,Diane Pierce,Germany,2021-01-10
ACC101568,Tony Butler,United States,2022-03-29
ACC101569,Scott Rivera,Spain,2020-01-29
ACC101570,Jennifer Davis,Australia,2023-06-26
ACC101571,Stephanie Rodriguez,Germany,2024-09-08
ACC101572,Jason Newman,Canada,2023-02-14
ACC101573,Justin Wolf,Australia,2019-07-19
ACC101574,Kathleen Bright,Australia,2017-04-28
ACC101575,Emily Hunt,Canada,2019-10-22
ACC101576,Oscar Yang,United Kingdom,2015-01-25
ACC101577,Troy Cisneros,Ireland,2019-04-01
ACC101578,Melissa Diaz,United States,2022-09-16
ACC101579,Steven Reed,United States,2015-11-20
ACC101580,Mark Schultz,Australia,2018-07-27
ACC101581,Anna Cook,Australia,2021-02-17
ACC101582,Margaret Smith,United Kingdom,2022-06-21
ACC101583,Crystal Little,United States,2017-05-18
ACC101584,Clifford Guerrero,Seychelles,2020-01-24
ACC101585,Amanda Brennan,Spain,2016-11-24
ACC101586,Mariah Hall,United States,2015-02-28
ACC101587,Jose Hernandez,United States,2020-02-24
ACC101588,Lisa Myers,United States,2020-12-25
ACC101589,Lori Wong,United Kingdom,2017-11-14
ACC101590,Ryan Burns,Ireland,2021-10-03
ACC101591,Darlene Cortez,United Kingdom,2020-10-10
ACC101592,Donald Stewart,Spain,2021-09-30
ACC101593,Jessica Davis,Australia,2015-07-24
ACC101594,Samantha Brown,Netherlands,2018-06-05
ACC101595,Laura Sosa,Canada,2015-04-06
ACC101596,Jason Martinez MD,United Kingdom,2023-08-03
ACC101597,Sharon Stevens,Netherlands,2024-10-11
ACC101598,Kathleen Valenzuela,Ireland,2016-10-13
ACC101599,Kristi Randolph,Spain,2015-10-28
ACC101600,Nathan Dominguez,Cayman Islands,2020-05-20
ACC101601,Tammy Brown,United Kingdom,2016-11-16
ACC101602,Caroline Cruz,United States,2023-04-17
ACC101603,Jonathan Barton,Malta,2023-12-09
ACC101604,Jared Hayden,Ireland,2018-01-17
ACC101605,John Wheeler,Germany,2024-03-12
ACC101606,Latasha Zuniga,United States,2024-04-12
ACC101607,Margaret Oliver,Ireland,2016-11-29
ACC101608,Leslie Martinez,Ireland,2023-06-11
ACC101609,Dana Nguyen,Cyprus,2016-04-25
ACC101610,Laura Medina,France,2018-08-29
ACC101611,Brianna Jones,Australia,2018-10-23
ACC101612,Michael Acosta,Spain,2019-08-24
ACC101613,Pamela Davis,Spain,2015-04-05
ACC101614,Troy Thomas,Germany,2016-03-04
ACC101615,Barbara Haney,Malta,2018-05-05
ACC101616,Lisa Hall,Ireland,2021-12-10
ACC101617,Bryan Smith,Canada,2021-03-03
ACC101618,Justin Webster,Germany,2020-07-16
ACC101619,Michael Ford,Spain,2022-09-20
ACC101620,Rhonda Perkins,Netherlands,2024-05-03
ACC101621,Victoria Martinez,France,2021-12-24
ACC101622,Alicia Hendricks,Cayman Islands,2019-07-27
ACC101623,Stephanie Hoover,France,2020-05-31
ACC101624,John Cole,Netherlands,2021-07-07
ACC101625,Kathy Marks,Malta,2021-08-02
ACC101626,John Knapp,Canada,2021-12-22
ACC101627,Cheryl Miller,Canada,2015-02-02
ACC101628,Linda Sanchez,Germany,2023-07-11
ACC101629,Christina Matthews,Australia,2019-05-02
ACC101630,Brittany Martinez,Spain,2021-05-31
ACC101631,Jennifer Soto,Cayman Islands,2018-05-17
ACC101632,Monica Mayo,Spain,2016-06-23
ACC101633,Gregory Martin,Canada,2015-07-29
ACC101634,Caleb Lopez,Australia,2015-11-04
ACC101635,Samantha Lyons,France,2024-07-02
ACC101636,Christopher Drake,France,2022-07-12
ACC101637,Gary Carter,Netherlands,2020-05-15
ACC101638,Kendra Griffith,Ireland,2024-10-29
ACC101639,Billy Stone,United Kingdom,2023-01-03
ACC101640,Jessica Allen,Ireland,2024-04-16
ACC101641,Janice Johnson,Seychelles,2018-12-27
ACC101642,Cheyenne Small,Canada,2021-06-12
ACC101643,Kimberly Cook,France,2016-02-03
ACC101644,Shelly Alvarado,France,2023-12-15
ACC101645,Monica Johnson,Germany,2020-06-24
ACC101646,Jamie Blair,United Kingdom,2024-03-28
ACC101647,Amber Chang,Spain,2019-07-05
ACC101648,Terry Williams,Germany,2023-01-19
ACC101649,Stacey Frank,Australia,2020-12-01
ACC101650,Brandon Burns,Ireland,2023-02-09
ACC101651,Peter Flores,Netherlands,2017-06-01
ACC101652,Andrea Snyder,United Kingdom,2023-12-30
ACC101653,Kayla Cohen,France,2018-06-26
ACC101654,Tyler Oconnor,Ireland,2021-03-22
ACC101655,William Day,Germany,2017-12-06
ACC101656,Gregory Gordon,United States,2022-10-31
ACC101657,Leslie Young,United States,2015-09-26
ACC101658,Jessica Frederick,France,2021-02-25
ACC101659,Angela Henson,Canada,2022-04-13
ACC101660,Lauren Gray,United States,2017-08-13
ACC101661,Jason Nelson,Spain,2021-05-20
ACC101662,Kelsey Osborne,United Kingdom,2021-01-25
ACC101663,Teresa Phillips,Spain,2023-11-22
ACC101664,Renee Walton,Ireland,2022-09-14
ACC101665,James Adams,Spain,2019-09-05
ACC101666,Pamela Rivas,France,2022-08-04
ACC101667,Edward Ballard,Spain,2022-08-23
ACC101668,Luis Vargas,Netherlands,2017-12-20
ACC101669,Jesus Lewis,Canada,2017-07-20
ACC101670,Timothy Pacheco,United Kingdom,2017-03-22
ACC101671,Gary Wilson,France,2023-11-10
ACC101672,Jennifer Perry,Spain,2021-04-22
ACC101673,Brittney Franklin,Ireland,2021-06-26
ACC101674,Ruben Wilson,Germany,2024-06-18
ACC101675,Garrett Pugh,United States,2024-09-15
ACC101676,Donna Webb,Germany,2018-01-13
ACC101677,Jasmine Watkins,Germany,2024-04-07
ACC101678,Hannah Garza,Germany,2020-07-06
ACC101679,Holly Thomas,Germany,2019-07-08
ACC101680,Kristina Kirby,Canada,2016-07-21
ACC101681,William Thornton,Ireland,2023-05-24
ACC101682,Kendra Peterson,Australia,2018-06-07
ACC101683,Jessica Wagner,United States,2019-12-10
ACC101684,Joshua Jackson,Netherlands,2021-04-28
ACC101685,Stephen Gray,Australia,2022-07-12
ACC101686,Lisa Williams,France,2015-09-17
ACC101687,Justin Miller,Spain,2020-01-09
ACC101688,David Valenzuela,Malta,2022-05-01
ACC101689,Kimberly Gardner,Spain,2019-05-15
ACC101690,Kenneth Kelly,France,2021-07-22
ACC101691,Christian Valenzuela,Australia,2017-03-15
ACC101692,Kristin Pitts,Australia,2018-04-05
ACC101693,Robin Leon,Panama,2024-11-14
ACC101694,Cody Hansen,France,2018-06-16
ACC101695,Christopher Beasley,France,2016-03-15
ACC101696,Kevin Marshall,United Kingdom,2022-07-31
ACC101697,Nicole Douglas,France,2023-12-12
ACC101698,Dwayne Hudson,France,2015-06-09
ACC101699,Michelle Mccarthy,United States,2024-08-02
ACC101700,Sharon Ferguson,Ireland,2022-11-11
ACC101701,Daniel Howard,Spain,2022-06-02
ACC101702,Blake West,France,2023-01-21
ACC101703,Karen Moore,United States,2016-02-09
ACC101704,Joseph Macias,Ireland,2023-05-11
ACC101705,Anthony Brown,United States,2015-03-01
ACC101706,Maria Williams,Spain,2018-05-29
ACC101707,Emma Hernandez,France,2015-09-10
ACC101708,Joel Martinez,Australia,2020-01-01
ACC101709,Kevin Mack,Netherlands,2021-08-04
ACC101710,Craig Lopez,Canada,2017-01-03
ACC101711,Melanie Black,United Kingdom,2016-04-24
ACC101712,Willie Sosa,Netherlands,2015-04-07
ACC101713,Nathan Zhang,United Kingdom,2016-07-02
ACC101714,Mr. Michael Banks,Canada,2018-09-01
ACC101715,Bonnie Sherman,Netherlands,2015-12-08
ACC101716,Julia Rodriguez,Canada,2018-05-26
ACC101717,Reginald Armstrong,Spain,2023-03-19
ACC101718,Kristy Long,Australia,2024-05-12
ACC101719,Donald Reed,Spain,2022-02-09
ACC101720,Dana Smith,Canada,2017-05-21
ACC101721,Kenneth Howard,Seychelles,2015-11-08
ACC101722,Jacob Roberson,Australia,2017-06-23
ACC101723,Andrew Collins,France,2018-03-28
ACC101724,Melissa Krause,Ireland,2015-02-07
ACC101725,Sandra Fox,United States,2024-03-02
ACC101726,Monica Rodriguez,Germany,2019-06-19
ACC101727,Miss Lisa Russell,United Kingdom,2021-07-12
ACC101728,Patrick Ward,Germany,2020-01-31
ACC101729,Jason Hall,Netherlands,2023-09-11
ACC101730,Crystal Cross,Australia,2015-11-14
ACC101731,Nicholas Roberts,Germany,2019-03-25
ACC101732,Lauren Lang,Australia,2022-06-02
ACC101733,Cynthia Gardner,Australia,2019-05-17
ACC101734,Donald Smith,Germany,2017-03-29
ACC101735,Brent Mccoy,United Kingdom,2024-02-18
ACC101736,Anita Gibson,Spain,2022-11-24
ACC101737,Hannah Best,Spain,2024-12-06
ACC101738,Richard Ramsey,United States,2020-10-24
ACC101739,Andrew Trevino,United States,2024-06-17
ACC101740,Shari Trujillo,Spain,2020-05-06
ACC101741,Kathleen Moore,United Kingdom,2016-02-25
ACC101742,Katherine Dunn,France,2024-08-11
ACC101743,Brandy Ward,Canada,2015-08-08
ACC101744,David Robertson,Germany,2022-06-21
ACC101745,Nicholas Carter,Germany,2018-07-24
ACC101746,Justin Nguyen,Canada,2022-09-25
ACC101747,Alexandra Goodwin,France,2022-07-27
ACC101748,Suzanne Schwartz,United States,2018-06-16
ACC101749,Jamie Holt,United Kingdom,2022-05-19
ACC101750,Stacey Allen,Australia,2017-02-12
ACC101751,Christopher Hutchinson,United Kingdom,2016-03-22
ACC101752,Richard Bowen,Canada,2023-06-17
ACC101753,Justin Allen,United States,2024-07-18
ACC101754,Daniel Rice,Spain,2017-10-16
ACC101755,Charles Weiss,Ireland,2020-01-07
ACC101756,Courtney Thompson,Canada,2024-02-03
ACC101757,Ralph Graves,Canada,2017-06-24
ACC101758,Matthew Howell,Canada,2018-07-09
ACC101759,Amanda Rodriguez,Ireland,2022-12-03
ACC101760,Robert Esparza,United Kingdom,2016-07-22
ACC101761,Michael Kaufman,Australia,2022-01-20
ACC101762,Jessica Nichols,Germany,2019-05-20
ACC101763,Brett Beck,Spain,2022-07-12
ACC101764,Mrs. Victoria Kennedy,Spain,2017-08-20
ACC101765,Michael Gallagher,Australia,2017-04-08
ACC101766,Jason Mcdonald,United Kingdom,2022-08-05
ACC101767,Bradley Braun,Germany,2018-12-16
ACC101768,Kimberly Smith,Australia,2020-06-03
ACC101769,David Wise,Spain,2017-08-14
ACC101770,Loretta Reed,Germany,2019-05-23
ACC101771,Larry Patel,France,2018-08-26
ACC101772,Hannah Munoz,United States,2018-12-05
ACC101773,Brandi Hicks,France,2015-07-24
ACC101774,Jonathan Smith,France,2017-08-27
ACC101775,Tracey Carlson MD,Spain,2018-10-19
ACC101776,Brian Clark,Spain,2016-08-04
ACC101777,April Johnson,United States,2017-07-14
ACC101778,Thomas Freeman Jr.,Spain,2022-04-25
ACC101779,Anthony Carter,France,2021-10-30
ACC101780,Jennifer Perez,United States,2020-12-26
ACC101781,Jodi Simpson,United States,2018-07-31
ACC101782,Vincent Little,Seychelles,2023-12-02
ACC101783,Mark Gilbert,Ireland,2019-12-12
ACC101784,Alfred Gonzalez,Ireland,2015-04-21
ACC101785,Anthony White,Canada,2023-06-13
ACC101786,Karen Smith,Australia,2016-07-31
ACC101787,Angel Ross,United States,2019-10-06
ACC101788,Randall Lee,Australia,2024-12-07
ACC101789,Cathy Black,Netherlands,2016-07-03
ACC101790,Stephanie Dawson,United States,2023-01-02
ACC101791,Scott Green,Germany,2018-11-12
ACC101792,Kathryn Fisher,Netherlands,2020-02-07
ACC101793,Scott Munoz,United Kingdom,2016-09-17
ACC101794,Sheila Baldwin,Malta,2020-11-09
ACC101795,Matthew Hernandez,United States,2017-08-03
ACC101796,Andrew Wolf,Spain,2015-11-08
ACC101797,Timothy Ali,United States,2020-12-16
ACC101798,Bonnie Carr,Ireland,2019-03-18
ACC101799,Kristie Nixon,France,2021-03-12
ACC101800,Ronnie French,United States,2020-01-28
ACC101801,Anthony Smith,Canada,2024-07-06
ACC101802,Kyle Ward,Ireland,2024-05-20
ACC101803,David Mcdonald,United States,2017-09-29
ACC101804,Thomas Chandler,Netherlands,2022-11-07
ACC101805,Shaun Wilson Jr.,United Kingdom,2015-09-04
ACC101806,Kelly Hooper,Ireland,2016-08-27
ACC101807,Kaitlin Gray,France,2017-03-31
ACC101808,William Floyd,France,2021-01-01
ACC101809,Karen Garcia,United Kingdom,2017-10-15
ACC101810,Mrs. Erin Johnson,France,2016-07-13
ACC101811,Barbara Fitzgerald,France,2023-03-04
ACC101812,Ashley Jackson,Germany,2019-06-12
ACC101813,Kerry Best,United Kingdom,2019-01-23
ACC101814,Katherine Smith,United States,2023-06-10
ACC101815,Trevor Rivera,Germany,2024-03-15
ACC101816,Emily Jensen,United States,2022-12-16
ACC101817,Lawrence Hernandez,Germany,2024-09-01
ACC101818,Jennifer Nunez,Netherlands,2023-08-16
ACC101819,Vickie Brown,Germany,2018-05-13
ACC101820,Glenn Price,Germany,2024-06-12
ACC101821,Tiffany Lane,United States,2017-02-28
ACC101822,Henry Smith,Australia,2024-02-06
ACC101823,Kevin Chan,Ireland,2016-08-13
ACC101824,Kevin Brown,United Kingdom,2015-11-30
ACC101825,Cynthia Sherman,Ireland,2024-09-14
ACC101826,Shawn Higgins,United States,2018-11-25
ACC101827,Amanda Wright,United Kingdom,2017-11-30
ACC101828,Lisa Berry,United States,2019-06-30
ACC101829,Sarah Taylor,Seychelles,2022-03-19
ACC101830,Jessica Weaver,France,2023-10-25
ACC101831,Joseph Lopez,United States,2024-09-10
ACC101832,Ricardo Taylor,Australia,2016-06-07
ACC101833,Melissa Johns,Spain,2018-09-14
ACC101834,Amanda Washington,Germany,2023-09-23
ACC101835,Oscar Gonzalez,Spain,2016-01-22
ACC101836,Lauren Moss,Canada,2016-03-29
ACC101837,Anthony Thomas,Netherlands,2016-09-01
ACC101838,Sabrina Harris,United Kingdom,2017-12-21
ACC101839,Nicole Yoder,Canada,2020-10-26
ACC101840,Tamara Randolph,United Kingdom,2022-11-09
ACC101841,Sean Walker,Netherlands,2018-02-09
ACC101842,Pamela Mann,United Kingdom,2022-01-03
ACC101843,Jason Schwartz,Canada,2015-07-20
ACC101844,Raven Scott,United Kingdom,2019-03-02
ACC101845,Alejandro Mora,United States,2023-09-13
ACC101846,Jermaine Mejia,Spain,2017-07-28
ACC101847,Meagan Hernandez,Canada,2017-05-22
ACC101848,Amy Moore,United States,2018-09-26
ACC101849,Jasmine Hamilton,Spain,2016-02-20
ACC101850,Matthew Sanchez PhD,Seychelles,2023-02-28
ACC101851,Scott Fitzgerald,United Kingdom,2023-12-10
ACC101852,George Carroll,Canada,2016-03-04
ACC101853,Jodi Mills,Canada,2016-01-25
ACC101854,Lisa Hartman,United States,2015-11-09
ACC101855,Jeffrey Jennings,Canada,2021-12-31
ACC101856,Erin Valencia,United Kingdom,2020-12-09
ACC101857,Natalie Cordova,Netherlands,2023-05-19
ACC101858,Erin Harding,Spain,2023-06-11
ACC101859,Jennifer Gordon PhD,United States,2020-02-26
ACC101860,Kevin Larson,Australia,2022-12-06
ACC101861,Daniel Spencer,Canada,2017-10-20
ACC101862,Tristan Ramirez,Ireland,2023-09-23
ACC101863,Jamie Williams,Germany,2024-01-17
ACC101864,April Bates,Spain,2016-12-20
ACC101865,Jacob Matthews,United Kingdom,2019-04-15
ACC101866,Lauren Brown,Canada,2018-12-13
ACC101867,Amy Coffey,Germany,2024-12-30
ACC101868,Anna Armstrong,Ireland,2019-01-10
ACC101869,Molly Nielsen,Australia,2024-10-12
ACC101870,Daniel Sullivan,Australia,2015-11-08
ACC101871,Jon Fox,France,2021-09-19
ACC101872,Matthew Mills,Canada,2020-10-30
ACC101873,Latasha Stein,Canada,2021-11-29
ACC101874,Kevin Hill,Australia,2018-11-19
ACC101875,David Jackson,Spain,2020-10-11
ACC101876,Teresa Martinez,Spain,2022-04-04
ACC101877,Jon Martinez,Canada,2015-01-28
ACC101878,Regina Welch,Germany,2015-04-12
ACC101879,Jason Davis,Australia,2023-02-01
ACC101880,Brenda Hanson,France,2020-02-04
ACC101881,Courtney Schroeder,Ireland,2020-09-15
ACC101882,Paul Mcintosh,Netherlands,2016-05-31
ACC101883,Heather Clark,France,2022-12-05
ACC101884,Beth Flowers,Netherlands,2019-12-21
ACC101885,Pamela Conway,France,2019-08-11
ACC101886,Tracey Aguilar,United States,2022-07-09
ACC101887,Benjamin Bates,France,2024-02-27
ACC101888,Michael Ryan,Canada,2017-01-20
ACC101889,Chelsea Bean,Germany,2015-09-16
ACC101890,Mary Bennett,France,2018-02-17
ACC101891,Robin Blair,France,2020-08-29
ACC101892,Joshua Carroll,Cyprus,2021-03-01
ACC101893,Elizabeth Herring,United States,2020-12-24
ACC101894,Ryan Ramsey,Australia,2021-09-16
ACC101895,Ann Jones,Germany,2020-06-02
ACC101896,Daniel Powell,Cyprus,2023-08-15
ACC101897,Lisa Smith,Canada,2018-03-23
ACC101898,Kevin Cooper,Australia,2017-10-04
ACC101899,Sherry Scott,France,2015-02-26
ACC101900,Monica Torres,United Kingdom,2017-12-25
ACC101901,Justin Gregory,United Kingdom,2019-03-08
ACC101902,Sean Scott,Ireland,2019-04-08
ACC101903,Bryan Brooks,Spain,2016-09-19
ACC101904,Janet Hernandez,Cayman Islands,2023-09-29
ACC101905,Sara Garcia,Spain,2017-04-19
ACC101906,Kellie Richardson,Australia,2019-04-24
ACC101907,Gabriel Khan,Spain,2016-04-16
ACC101908,Stacy Fields,Ireland,2020-08-19
ACC101909,Patricia Jones,Ireland,2020-01-13
ACC101910,Michael Bell,France,2021-05-24
ACC101911,Cathy Riley,Australia,2016-01-06
ACC101912,Carla Lewis,Australia,2023-06-23
ACC101913,Amy Scott,Ireland,2015-04-22
ACC101914,Jennifer Turner,United Kingdom,2017-01-09
ACC101915,Scott Nichols,Netherlands,2022-08-14
ACC101916,Donald Smith,Germany,2023-09-20
ACC101917,Angel Pittman,Australia,2022-10-22
ACC101918,Emily Miller,United Kingdom,2020-07-13
ACC101919,Matthew Fox,Ireland,2015-02-13
ACC101920,Emily Kelley,Australia,2019-08-14
ACC101921,Andre Elliott,United States,2024-12-29
ACC101922,Ashlee Rodriguez,Australia,2023-08-23
ACC101923,Jennifer Johnson,United Kingdom,2021-09-03
ACC101924,Evan Harrell,United States,2019-10-12
ACC101925,Amanda Harris,Netherlands,2019-02-11
ACC101926,Jennifer Cunningham,Germany,2024-04-05
ACC101927,Christian Ali,United Kingdom,2024-04-29
ACC101928,Anne Howard,Panama,2016-06-07
ACC101929,Maureen Vargas,Canada,2021-06-22
ACC101930,Natasha Hooper,Ireland,2021-02-16
ACC101931,Shane Wallace,Spain,2019-09-21
ACC101932,Jeffrey Howe,France,2024-10-13
ACC101933,Thomas Bright MD,Ireland,2015-10-28
ACC101934,Eric Lee,Canada,2020-11-27
ACC101935,Michael Swanson,Australia,2018-06-01
ACC101936,John Rodriguez,Ireland,2016-01-19
ACC101937,Brittany Spears,United States,2023-11-09
ACC101938,Frederick Richardson,United States,2020-04-22
ACC101939,Ricky Mcdaniel,Australia,2024-12-28
ACC101940,Jesus Peterson,Germany,2021-07-07
ACC101941,Mrs. Julie Huang,Canada,2021-02-15
ACC101942,James Mercado,Cyprus,2018-03-08
ACC101943,Robert Wood,Germany,2023-01-28
ACC101944,Robert Hernandez,United States,2020-06-16
ACC101945,Nicholas Chapman,Australia,2021-11-09
ACC101946,Erica Short,United States,2019-06-05
ACC101947,Charles Brown,France,2020-06-09
ACC101948,Benjamin Johnson,France,2023-01-15
ACC101949,Christine Escobar,Germany,2018-06-21
ACC101950,Brett Anderson,Australia,2022-08-29
ACC101951,Garrett Perez,Ireland,2021-12-11
ACC101952,Kristi Solis,Netherlands,2020-05-09
ACC101953,James Gonzalez,United Kingdom,2019-09-30
ACC101954,Melissa Glass,Canada,2022-12-31
ACC101955,Kevin Monroe,Spain,2022-01-02
ACC101956,Jessica Lopez,Canada,2019-09-08
ACC101957,David Simpson,France,2021-09-23
ACC101958,Hannah Smith,Ireland,2019-11-27
ACC101959,Linda Francis,Australia,2017-01-22
ACC101960,Michael Marquez,Germany,2015-03-14
ACC101961,John Morgan,United Kingdom,2024-08-20
ACC101962,Paul Giles,Germany,2021-02-13
ACC101963,Brandy Harris,Germany,2019-02-21
ACC101964,Amanda Page,Australia,2024-05-01
ACC101965,Cynthia Mayer,United Kingdom,2022-01-08
ACC101966,Melvin Silva,Canada,2016-11-22
ACC101967,John Olson,Australia,2017-10-27
ACC101968,Laura Potter,Spain,2017-01-02
ACC101969,Regina Watts,Canada,2021-09-17
ACC101970,Bradley Suarez,Canada,2020-10-24
ACC101971,Rebecca Coleman,France,2023-07-03
ACC101972,Shane Baldwin,Canada,2020-12-13
ACC101973,Cheryl Barr,Australia,2017-06-10
ACC101974,Jeremy Maynard,Netherlands,2023-11-13
ACC101975,Elizabeth Neal,France,2019-11-30
ACC101976,Anthony Shelton,United States,2020-10-05
ACC101977,Christopher Stevens,Spain,2022-01-11
ACC101978,Sarah Christensen,United Kingdom,2015-01-20
ACC101979,Dustin Castro,Australia,2019-01-03
ACC101980,Megan Garcia,Netherlands,2021-11-13
ACC101981,David Bruce,Germany,2019-08-29
ACC101982,Joanne Lara,Canada,2017-04-03
ACC101983,Lori Vega,United States,2019-01-23
ACC101984,Michael Allison,Ireland,2019-10-23
ACC101985,Rachel Johnson,Australia,2021-06-25
ACC101986,Ryan Zimmerman,Australia,2017-03-26
ACC101987,Krista Johnson,Spain,2021-07-16
ACC101988,Keith West,Netherlands,2019-09-06
ACC101989,Jeffrey Mendoza,Spain,2023-08-30
ACC101990,Natalie Marquez,Germany,2018-08-17
ACC101991,Martha Blake,Australia,2020-04-05
ACC101992,Mary Miller,United Kingdom,2024-09-05
ACC101993,Deborah Holder,Panama,2016-05-03
ACC101994,Becky Taylor,France,2023-10-20
ACC101995,Wendy Boyer,United Kingdom,2020-07-13
ACC101996,Kevin Velasquez,Germany,2022-10-15
ACC101997,Rebecca Friedman,Netherlands,2017-05-12
ACC101998,Kerry Reed,Ireland,2023-07-25
ACC101999,Cynthia Rodriguez,United Kingdom,2022-08-01
ACC102000,Margaret Bautista,Netherlands,2015-07-20
ACC102001,Sandra Figueroa DDS,United Kingdom,2022-12-15
ACC102002,Mrs. Courtney Schwartz,United States,2018-10-26
ACC102003,John Caldwell,Germany,2020-10-14
ACC102004,Benjamin Cohen,Malta,2024-01-11
ACC102005,Stacey Jones,Netherlands,2018-09-15
ACC102006,Nancy Yang,Netherlands,2018-07-22
ACC102007,Andrea Mejia,Germany,2024-10-28
ACC102008,Bethany Jones,Netherlands,2015-07-09
ACC102009,Amanda Fisher,Germany,2017-12-11
ACC102010,Hannah Murphy,United Kingdom,2023-08-02
ACC102011,Alexander Gordon,Germany,2021-05-15
ACC102012,Kimberly Mcknight,United Kingdom,2019-08-28
ACC102013,Dawn Hopkins,Spain,2024-12-13
ACC102014,Sarah Riley,United States,2021-08-22
ACC102015,Mrs. Cindy Barnett,Ireland,2021-12-16
ACC102016,Ashley Keller,Germany,2015-12-07
ACC102017,Sherry Miller,Canada,2024-01-16
ACC102018,Andre Jimenez,France,2019-04-14
ACC102019,Daniel Harrell,United Kingdom,2023-02-17
ACC102020,Brianna Smith,Netherlands,2022-05-04
ACC102021,Scott Francis,Ireland,2022-09-26
ACC102022,Mark Tapia,United States,2018-03-26
ACC102023,Andrew Cross,United States,2017-10-25
ACC102024,Lisa Dixon,Germany,2018-04-21
ACC102025,Adam Warner,United Kingdom,2023-10-13
ACC102026,Laura Brandt,United Kingdom,2018-05-13
ACC102027,Diana Wright,Canada,2018-05-07
ACC102028,Jessica Brown MD,Canada,2018-06-04
ACC102029,Kelsey Cunningham,Netherlands,2020-01-15
ACC102030,Ms. Sandra Villa MD,Canada,2015-05-23
ACC102031,Haley Thomas,Australia,2015-04-09
ACC102032,Randall Delgado,United Kingdom,2018-07-01
ACC102033,Robert Thompson,France,2024-02-24
ACC102034,Angela Schroeder,Germany,2021-01-17
ACC102035,Lorraine Sullivan,Netherlands,2024-08-14
ACC102036,Kristina Coleman,Netherlands,2021-01-12
ACC102037,Jacob Guzman,Germany,2015-10-02
ACC102038,Michelle Torres,Spain,2021-01-16
ACC102039,Thomas Mccormick,France,2015-07-02
ACC102040,Sarah Howell,Canada,2022-09-28
ACC102041,Emily Schultz,Canada,2020-10-31
ACC102042,Mark Rich,United States,2017-08-14
ACC102043,Brittany Rodriguez,France,2023-01-07
ACC102044,Lauren Ryan,Ireland,2016-05-29
ACC102045,Mackenzie Lopez,Australia,2020-06-02
ACC102046,Isaac Willis,Ireland,2017-03-08
ACC102047,Felicia Hansen,Australia,2023-12-27
ACC102048,Kylie Brown,Netherlands,2023-08-23
ACC102049,Jenna Best,France,2021-01-07
ACC102050,Michael Reyes,Germany,2015-05-12
ACC102051,Heather Figueroa,Australia,2018-04-14
ACC102052,Paul Santiago,Spain,2023-10-30
ACC102053,Sarah Richard,Ireland,2021-07-15
ACC102054,Andrew Yates,United States,2022-06-06
ACC102055,Fernando Martin,United States,2015-03-22
ACC102056,Maria Flores,United States,2024-12-16
ACC102057,Theresa Ibarra,Netherlands,2015-06-21
ACC102058,Dalton Mcbride,United Kingdom,2016-06-18
ACC102059,Sarah Miller,Ireland,2015-09-26
ACC102060,Michael Soto,United States,2024-09-29
ACC102061,Kevin Mcdonald,Netherlands,2016-03-17
ACC102062,Samantha Jordan,Australia,2020-10-04
ACC102063,Laura Ellis,Netherlands,2022-11-09
ACC102064,Charles Ward,Ireland,2018-07-02
ACC102065,Sarah Edwards,United Kingdom,2018-06-24
ACC102066,Marcus Day,Australia,2021-07-05
ACC102067,Jason Davies,Australia,2016-09-01
ACC102068,Christina Hill,Netherlands,2017-02-23
ACC102069,Micheal Castro,Australia,2022-06-27
ACC102070,Sara Hill,Ireland,2024-12-17
ACC102071,Belinda Holmes,Australia,2022-06-24
ACC102072,Sara Rivera,Canada,2024-09-12
ACC102073,Gloria Smith,Spain,2015-12-01
ACC102074,Jennifer Barrett,Australia,2017-11-15
ACC102075,Brian Vega,France,2019-01-29
ACC102076,Cindy Russell,Spain,2022-12-27
ACC102077,Richard Henry,Spain,2023-01-10
ACC102078,Carol Edwards,Netherlands,2017-01-05
ACC102079,Christopher Garner,Australia,2021-06-29
ACC102080,Jessica Martinez,United Kingdom,2019-01-22
ACC102081,Heather Rangel,Canada,2018-11-22
ACC102082,Angela Ramirez,United Kingdom,2024-08-18
ACC102083,Anthony Mullins,Canada,2018-10-24
ACC102084,Jesse French II,Netherlands,2015-08-26
ACC102085,Kristen Brown,Germany,2018-05-28
ACC102086,Jonathan Snyder,Canada,2015-08-25
ACC102087,Amanda Knight,Ireland,2021-11-02
ACC102088,Gregory Smith,Germany,2018-09-26
ACC102089,Michael Mclean,Canada,2015-10-02
ACC102090,David Walker,Australia,2024-10-31
ACC102091,Karen Brown,Australia,2019-06-22
ACC102092,Mary Mendez,United Kingdom,2022-12-17
ACC102093,Daniel Collins,United Kingdom,2016-10-07
ACC102094,Andrew Proctor,Canada,2016-08-23
ACC102095,Mariah Haynes,United States,2024-01-01
ACC102096,Rebecca Hansen,United States,2023-09-18
ACC102097,Gabrielle Harrison,France,2023-09-03
ACC102098,Marcus Mcclain,Canada,2021-06-29
ACC102099,Jessica Dunn,Australia,2015-01-15
ACC102100,Julian Gonzalez,United Kingdom,2015-07-04
ACC102101,Amanda Medina,Netherlands,2016-06-16
ACC102102,Jonathan Brown,Ireland,2024-02-22
ACC102103,Rebecca Munoz,United Kingdom,2015-12-04
ACC102104,John Robinson,Spain,2019-12-13
ACC102105,Nicole Cain,Ireland,2015-02-17
ACC102106,Kelly Nelson,Netherlands,2018-07-19
ACC102107,Alex Daniel,United Kingdom,2023-08-17
ACC102108,Deborah Cameron,Canada,2022-10-16
ACC102109,Tina King,United States,2018-07-11
ACC102110,Melissa Spencer,Spain,2016-11-17
ACC102111,Stephen Walker,Netherlands,2016-06-20
ACC102112,Carolyn Fernandez,Netherlands,2020-12-30
ACC102113,Kathleen Brown,Spain,2016-06-29
ACC102114,Stephen Oconnell,Spain,2016-09-22
ACC102115,Joe Wilson,United Kingdom,2019-08-30
ACC102116,Megan Mcdonald,Germany,2020-01-12
ACC102117,Antonio Allen,United States,2024-10-20
ACC102118,Mario Allen,Panama,2018-04-08
ACC102119,Catherine Silva,United Kingdom,2016-04-11
ACC102120,Ashley Blair,United Kingdom,2018-08-22
ACC102121,Deborah Powell,Ireland,2022-10-02
ACC102122,Denise Adams,Cayman Islands,2024-10-09
ACC102123,Mary Cruz,Spain,2016-05-10
ACC102124,Beverly Adams,Australia,2016-01-02
ACC102125,Jeffrey Thompson,Spain,2015-07-10
ACC102126,Kristen Keith,Spain,2017-04-19
ACC102127,Larry Higgins,Australia,2022-04-30
ACC102128,Kimberly Knapp,Canada,2015-12-07
ACC102129,James Long,United States,2019-12-28
ACC102130,David Jones,Ireland,2017-04-13
ACC102131,Kayla Romero,Germany,2020-02-11
ACC102132,Lori Mcgee,Canada,2015-06-26
ACC102133,David Avila,France,2016-08-11
ACC102134,Jon Valdez,United States,2017-10-09
ACC102135,Laura Morris,Panama,2023-01-20
ACC102136,Melanie Rodriguez,Canada,2020-07-18
ACC102137,Christina Sullivan,Germany,2019-04-01
ACC102138,Curtis Bowman,United Kingdom,2024-02-25
ACC102139,Brian Santana,United Kingdom,2018-12-05
ACC102140,Stephanie Rodgers,Netherlands,2021-01-26
ACC102141,Gregory Jimenez,Australia,2020-08-04
ACC102142,Alexander Miller,United Kingdom,2019-01-23
ACC102143,Elizabeth Mccoy,Australia,2016-05-07
ACC102144,Victoria Harris,Netherlands,2016-10-13
ACC102145,Christian Reeves,United Kingdom,2020-05-03
ACC102146,Valerie Miranda,Ireland,2020-09-24
ACC102147,Natalie Garcia,France,2024-02-21
ACC102148,Stacie Mata,United States,2022-10-17
ACC102149,Mrs. Jennifer Nguyen,United States,2024-01-13
ACC102150,Tony Wood,United Kingdom,2024-02-28
ACC102151,Michael Dennis,Germany,2021-12-07
ACC102152,Denise Byrd,Australia,2023-10-29
ACC102153,Glenn Castro,Spain,2016-07-11
ACC102154,Nicole Fuentes,Spain,2018-09-16
ACC102155,Paige Foster,Germany,2015-03-26
ACC102156,Ian Ross,Spain,2022-05-04
ACC102157,Lisa Smith,Spain,2017-12-31
ACC102158,Stacey Rowe,Netherlands,2017-10-31
ACC102159,Patricia King,Spain,2019-11-02
ACC102160,Perry Barnes,Canada,2019-03-25
ACC102161,Julie Bennett,France,2015-06-21
ACC102162,Austin Hodges,United Kingdom,2018-07-24
ACC102163,Joseph Cline,Spain,2017-06-01
ACC102164,Renee Gonzalez,Spain,2016-02-27
ACC102165,Mary Munoz,Spain,2020-03-03
ACC102166,Ashley Bell,United Kingdom,2016-02-20
ACC102167,Mary Graham,Netherlands,2016-04-01
ACC102168,Michael Cooper,France,2017-06-02
ACC102169,Martha Knapp,Netherlands,2023-05-26
ACC102170,Amy Williams,Spain,2023-09-06
ACC102171,Zachary Prince,Spain,2019-08-27
ACC102172,Kristen Lozano,Australia,2022-08-28
ACC102173,John Kirk,United States,2016-09-13
ACC102174,Kenneth Brown Jr.,Germany,2021-09-19
ACC102175,Abigail Flores,France,2017-12-12
ACC102176,Linda Murphy,Ireland,2016-08-12
ACC102177,Vanessa Harding,Australia,2022-11-02
ACC102178,Daniel Ramirez,France,2018-07-04
ACC102179,Catherine Wilson,United Kingdom,2018-11-06
ACC102180,Matthew Mcdonald,United States,2018-07-21
ACC102181,Scott Roth,Canada,2020-09-16
ACC102182,David Ho,Germany,2015-03-02
ACC102183,Alicia Baker MD,Canada,2016-03-27
ACC102184,Amanda Collins,Australia,2017-09-08
ACC102185,David Smith,Canada,2024-12-26
ACC102186,Latasha Goodman,Germany,2019-06-23
ACC102187,Sarah Cruz,United States,2017-06-11
ACC102188,Scott Woods,Ireland,2015-12-22
ACC102189,Adam Sanders,France,2016-07-06
ACC102190,Madison Powell,Netherlands,2018-10-19
ACC102191,Timothy Johnson,United Kingdom,2020-01-13
ACC102192,Joshua Howe,United Kingdom,2017-03-19
ACC102193,Nicholas Campbell,Australia,2021-01-17
ACC102194,Stephen Williams,France,2017-12-31
ACC102195,Nathan Mullen,United States,2019-04-13
ACC102196,Sherri Matthews,France,2017-10-29
ACC102197,Tyler Jones,Ireland,2016-11-23
ACC102198,Chelsea Hall,Australia,2017-10-27
ACC102199,Joshua Beck,Germany,2021-06-24
ACC102200,Lindsay Huynh MD,Australia,2015-07-06
ACC102201,Sabrina Murphy,Germany,2018-04-20
ACC102202,Margaret Cobb,Australia,2021-07-15
ACC102203,Carol Hall,Australia,2019-02-05
ACC102204,Michael Irwin,Spain,2023-01-10
ACC102205,Bryan George,Germany,2015-02-16
ACC102206,Amy Green,United Kingdom,2021-06-03
ACC102207,Haley Knight,Canada,2018-12-30
ACC102208,Meghan Chung,Germany,2023-01-15
ACC102209,Michelle Gordon,Ireland,2016-12-20
ACC102210,Sabrina Hernandez,United States,2024-06-12
ACC102211,Brian Sullivan,Spain,2016-08-05
ACC102212,Ronald Smith,France,2023-04-02
ACC102213,Elizabeth Figueroa,Ireland,2017-12-16
ACC102214,Patrick Garcia,Australia,2022-03-31
ACC102215,Mark Pineda,Ireland,2017-01-05
ACC102216,Mark Mercer,United States,2019-07-12
ACC102217,Teresa Jenkins,France,2022-12-25
ACC102218,Troy Dawson,Germany,2020-10-04
ACC102219,Renee Booker,Netherlands,2016-03-20
ACC102220,Duane Cantu,Ireland,2023-03-27
ACC102221,Heather Wright,Canada,2024-07-29
ACC102222,Travis Montes,Netherlands,2021-05-26
ACC102223,Janet Garrett,United States,2022-05-07
ACC102224,Benjamin Contreras,Ireland,2019-01-29
ACC102225,Megan Graham,Ireland,2023-09-08
ACC102226,Sandra Hensley,Australia,2018-08-12
ACC102227,Janet Sims,United Kingdom,2023-02-14
ACC102228,Michelle Martin,Germany,2022-11-04
ACC102229,Kayla Hayes,Canada,2017-03-29
ACC102230,Andrea Moore,United Kingdom,2022-09-15
ACC102231,Nicole Wilkins,Netherlands,2016-08-31
ACC102232,Melissa Walker,United States,2021-02-22
ACC102233,Sheila Hammond,United Kingdom,2023-01-30
ACC102234,Marc Ward,Ireland,2018-01-23
ACC102235,Andrew Henry,Ireland,2023-10-03
ACC102236,James Jones,Australia,2023-01-01
ACC102237,Joseph Bridges,Spain,2015-07-20
ACC102238,Adam Bonilla,Netherlands,2018-12-25
ACC102239,Jacqueline Hansen,Canada,2017-05-15
ACC102240,Michael Watson,Spain,2017-06-20
ACC102241,Emily Mejia,France,2020-06-23
ACC102242,Michael Ochoa,Spain,2021-04-03
ACC102243,Christopher Serrano,Spain,2018-02-03
ACC102244,Matthew Jones,Spain,2015-04-08
ACC102245,Michael Garza,Netherlands,2016-05-24
ACC102246,Michael Ross,Ireland,2015-08-12
ACC102247,Larry Rodriguez,Germany,2017-05-22
ACC102248,Kelly Ramirez,Canada,2020-03-06
ACC102249,Michele Parsons,Canada,2024-12-03
ACC102250,Aaron Mitchell,United States,2016-02-16
ACC102251,Zachary Martinez,France,2017-10-23
ACC102252,Anthony Gomez,United Kingdom,2023-03-28
ACC102253,Tammy Holt,Germany,2023-02-12
ACC102254,Carl Bryant,France,2023-05-16
ACC102255,Kristina Morrison MD,Spain,2018-08-12
ACC102256,Jerry Lang,Netherlands,2018-09-06
ACC102257,Julia Thompson,United States,2023-01-02
ACC102258,Mitchell Jimenez,United States,2022-10-08
ACC102259,Michael Lee,Germany,2020-06-22
ACC102260,Michael Morgan,United Kingdom,2018-01-07
ACC102261,Monica Bailey,France,2015-05-23
ACC102262,Isaiah Sanchez,Netherlands,2017-10-04
ACC102263,Taylor Sims,Germany,2015-01-01
ACC102264,Kenneth Singh,United States,2019-05-22
ACC102265,John Day,Netherlands,2023-01-30
ACC102266,Brittney Poole,Netherlands,2021-07-29
ACC102267,Barbara Washington,United States,2019-02-03
ACC102268,Elizabeth Perez,Netherlands,2019-08-29
ACC102269,Lori Perkins,Cyprus,2017-07-15
ACC102270,Alan Gallegos,Australia,2023-11-19
ACC102271,Mr. Joshua Mercado,United States,2020-06-18
ACC102272,Carrie Brown,Australia,2015-12-20
ACC102273,Cheryl Orr,United States,2022-03-12
ACC102274,Tiffany Drake,United States,2024-12-17
ACC102275,Daniel Lam,Canada,2021-12-16
ACC102276,Lisa Scott,Germany,2024-09-12
ACC102277,Paul Thomas,Spain,2017-07-25
ACC102278,Scott Adkins,Cyprus,2019-07-30
ACC102279,Roy Harris MD,Malta,2021-12-08
ACC102280,Benjamin Williams,United Kingdom,2022-05-30
ACC102281,Mr. John Keller,Australia,2016-10-08
ACC102282,Bryan Turner,Malta,2019-12-05
ACC102283,Paula Wright,United Kingdom,2017-12-24
ACC102284,Karen Marsh,Australia,2022-02-23
ACC102285,Lawrence Schmitt,United Kingdom,2021-05-30
ACC102286,Michelle Martinez,Canada,2023-09-22
ACC102287,Matthew Carney,Netherlands,2022-08-05
ACC102288,Logan Gardner,Germany,2024-01-09
ACC102289,Katherine Christian,Netherlands,2021-04-15
ACC102290,Angel Parker,Australia,2024-07-01
ACC102291,Caroline Phillips,United States,2016-04-17
ACC102292,Rebecca Dodson,Netherlands,2019-04-24
ACC102293,Monica Reynolds,Netherlands,2018-02-01
ACC102294,Clayton Thompson,Australia,2019-05-08
ACC102295,Dr. Joshua Davis DVM,Spain,2022-01-04
ACC102296,Alexandria Morton,France,2023-11-30
ACC102297,Benjamin Anderson,Germany,2016-04-01
ACC102298,Donna Brown,Spain,2015-12-21
ACC102299,Jane Schmitt,Netherlands,2023-01-09
ACC102300,Phillip Coleman,United States,2020-07-31
ACC102301,Teresa Mcguire MD,Canada,2015-03-01
ACC102302,Stephanie Hill,Ireland,2020-10-13
ACC102303,Kimberly Wilson,Spain,2018-01-25
ACC102304,Francisco Frank,Ireland,2020-07-07
ACC102305,Joshua Brennan,Canada,2018-12-18
ACC102306,Lisa Cardenas,Panama,2016-07-06
ACC102307,Kelly Williams,Cyprus,2018-07-11
ACC102308,Ashley Brown,Netherlands,2021-10-28
ACC102309,Billy Greene,Cyprus,2018-12-15
ACC102310,Heather Smith,France,2021-02-12
ACC102311,Wendy Fitzgerald,France,2023-05-30
ACC102312,Devon Wright,Canada,2017-03-03
ACC102313,Timothy Morse,Seychelles,2018-08-28
ACC102314,Dale Johnson,Australia,2016-12-03
ACC102315,Michelle Gross,United Kingdom,2017-04-25
ACC102316,Cathy Harris,Australia,2022-02-27
ACC102317,Elizabeth Taylor,Spain,2022-12-27
ACC102318,Maria Kelly,Netherlands,2020-08-25
ACC102319,Don Parker,Netherlands,2021-01-19
ACC102320,Matthew Scott,France,2022-06-09
ACC102321,Kristin Perry,Germany,2023-03-13
ACC102322,Kenneth Smith,Spain,2017-09-27
ACC102323,Christopher Turner,France,2016-12-28
ACC102324,Daniel Stark,Cyprus,2019-12-21
ACC102325,Daniel Downs,Canada,2018-06-21
ACC102326,Tyler Lee,Netherlands,2018-05-04
ACC102327,Justin Silva,France,2020-02-13
ACC102328,Raymond Moreno,Spain,2017-10-12
ACC102329,Brandon Long,Canada,2022-09-27
ACC102330,Jimmy Hayes,Australia,2015-10-11
ACC102331,Lisa Walsh,United States,2015-04-04
ACC102332,Heather Cruz,Netherlands,2022-01-05
ACC102333,Matthew Johnson,Spain,2019-08-20
ACC102334,Tyler Case,United Kingdom,2015-01-30
ACC102335,Julie Garcia,Canada,2016-06-17
ACC102336,Thomas Bass,Spain,2015-01-25
ACC102337,Douglas Johnson,United States,2017-12-20
ACC102338,Ronald Mckenzie,Germany,2019-01-08
ACC102339,Austin Martinez,United Kingdom,2016-12-10
ACC102340,Marvin Smith,United Kingdom,2016-07-03
ACC102341,Kristen Sanchez,Malta,2017-07-12
ACC102342,William Hines,Ireland,2016-03-31
ACC102343,Danny Garrison,Ireland,2020-06-12
ACC102344,Douglas Duran,Germany,2023-02-23
ACC102345,Nicholas Walton,Australia,2020-08-31
ACC102346,Rhonda White,United Kingdom,2016-06-05
ACC102347,George Fry,Germany,2019-07-09
ACC102348,Michael Johnson,United Kingdom,2015-11-22
ACC102349,Brittney Suarez DDS,Spain,2019-06-22
ACC102350,Amanda Leonard,United States,2020-08-04
ACC102351,Anthony Washington,France,2023-05-14
ACC102352,Dr. Heidi Rivera,United States,2024-07-14
ACC102353,David Robertson,Canada,2017-08-14
ACC102354,Debra Moyer,Canada,2022-03-12
ACC102355,Bradley Fuentes,France,2015-04-14
ACC102356,Richard Moore Jr.,Germany,2016-03-24
ACC102357,Dr. Michael Velasquez,Canada,2016-08-08
ACC102358,Jacob Zimmerman,United Kingdom,2017-08-04
ACC102359,Anthony Aguilar,United States,2022-09-10
ACC102360,Matthew Martin,Canada,2018-12-07
ACC102361,Meghan Hall DDS,Netherlands,2023-01-11
ACC102362,Michael Galvan,Netherlands,2017-05-08
ACC102363,Shannon Marks,United Kingdom,2024-11-28
ACC102364,John Jones,Germany,2022-10-12
ACC102365,Mr. David Ryan,Germany,2019-05-26
ACC102366,Tanya George,Ireland,2023-11-17
ACC102367,Walter Morse,Netherlands,2015-12-21
ACC102368,Katelyn Flowers,United Kingdom,2015-05-27
ACC102369,Jennifer Miller,Germany,2019-12-13
ACC102370,Heather Jackson,United States,2022-09-23
ACC102371,Lisa Lynch,Netherlands,2018-02-16
ACC102372,Edwin Fisher,United States,2020-04-17
ACC102373,Suzanne Khan,Seychelles,2019-06-09
ACC102374,Mario Smith,United States,2016-01-21
ACC102375,Ronald Chambers,Germany,2020-10-06
ACC102376,Annette Johnson,Canada,2020-04-08
ACC102377,Carl Villegas,France,2023-11-24
ACC102378,Thomas Sullivan,Spain,2015-12-12
ACC102379,Meredith Stewart,Canada,2020-05-14
ACC102380,Kimberly Hull,United Kingdom,2015-11-01
ACC102381,Laura Sexton,France,2019-01-08
ACC102382,Ms. Stephanie Lewis,United States,2019-03-04
ACC102383,David Jefferson,Ireland,2018-05-13
ACC102384,Ronald Cantu,France,2023-08-16
ACC102385,Eric Martinez,Spain,2021-03-04
ACC102386,Pamela Marshall,Spain,2023-02-08
ACC102387,Timothy Austin,Ireland,2016-04-10
ACC102388,Frederick Mueller,United States,2016-03-11
ACC102389,Mr. James Smith,Netherlands,2022-06-10
ACC102390,Patricia Parks,Ireland,2019-04-19
ACC102391,Daniel Rodriguez,Canada,2023-09-27
ACC102392,Laura Thompson,Germany,2020-05-31
ACC102393,Jeremiah White,Australia,2022-02-12
ACC102394,Lisa Wiggins,Canada,2021-04-28
ACC102395,Melissa Johnson,Netherlands,2020-05-09
ACC102396,Rebecca Evans,Netherlands,2016-10-14
ACC102397,Paul Smith,Canada,2016-06-29
ACC102398,William Ponce,Netherlands,2019-09-28
ACC102399,Anthony Thompson,United States,2024-06-26
ACC102400,Carlos Frazier,United States,2022-12-04
ACC102401,Nancy Young,Spain,2015-08-07
ACC102402,Arthur Foley,Germany,2016-03-01
ACC102403,David Walker II,Australia,2020-10-18
ACC102404,Vanessa Howell,Ireland,2016-06-16
ACC102405,Caroline Greer,United States,2016-08-07
ACC102406,Mrs. Janet Johnson,Spain,2015-11-15
ACC102407,Sharon Randolph,United Kingdom,2017-04-19
ACC102408,Janet Skinner MD,Ireland,2016-03-14
ACC102409,Paige Davis,Germany,2024-01-18
ACC102410,Lauren Lewis,Netherlands,2021-11-29
ACC102411,Bethany King,United States,2017-12-15
ACC102412,Deborah Guerrero,France,2022-03-30
ACC102413,Lisa Christensen,Spain,2021-03-02
ACC102414,Adam Diaz,United States,2019-02-17
ACC102415,William Gardner,Ireland,2024-05-22
ACC102416,Megan Adams,United States,2019-06-01
ACC102417,Jessica Higgins,Australia,2021-07-30
ACC102418,Barry Watson,Ireland,2018-02-23
ACC102419,Marcus Davis,Netherlands,2019-11-29
ACC102420,Valerie Caldwell,Canada,2021-09-09
ACC102421,Connor Hamilton,Spain,2017-03-16
ACC102422,Megan Martin,Canada,2023-05-10
ACC102423,Clifford Chavez,United States,2023-09-23
ACC102424,Phillip Mcdowell,France,2019-03-21
ACC102425,Amanda James,United Kingdom,2023-09-22
ACC102426,Destiny Moran,Ireland,2017-07-11
ACC102427,Jeffrey Chang,Panama,2020-06-19
ACC102428,Lori Williams,Germany,2020-10-23
ACC102429,James Walker,Spain,2022-02-12
ACC102430,Mrs. Brandi Russell,United Kingdom,2015-01-01
ACC102431,Hayley Griffin,Australia,2024-10-12
ACC102432,Logan Cherry,France,2019-04-30
ACC102433,Bruce Pierce,Netherlands,2015-08-22
ACC102434,Donald Santiago,Australia,2020-07-25
ACC102435,Sherry Davis,Germany,2020-05-28
ACC102436,Andrew Davis,Canada,2019-07-11
ACC102437,Katrina Rowland,Australia,2020-02-17
ACC102438,Abigail Ferguson,France,2021-01-01
ACC102439,Patricia Gallegos,France,2019-10-31
ACC102440,Kaitlin Vazquez,United States,2018-11-12
ACC102441,Brittany Mooney,United Kingdom,2021-12-26
ACC102442,James Boyer,Canada,2024-08-24
ACC102443,Jonathan Sellers,Canada,2019-02-27
ACC102444,Michael Avila,Canada,2015-11-21
ACC102445,Alan Chavez,Cayman Islands,2017-12-01
ACC102446,Jordan Roberts,Canada,2020-03-21
ACC102447,Tommy Donovan,Germany,2020-07-18
ACC102448,David Garrett,France,2020-03-23
ACC102449,Lisa Gates,United States,2024-03-03
ACC102450,Eric Nguyen,Spain,2015-12-07
ACC102451,Linda Medina,France,2017-12-08
ACC102452,Stephen Wilson,Canada,2017-05-14
ACC102453,Danielle Hamilton,Australia,2024-03-25
ACC102454,Amanda Hill,Spain,2015-10-26
ACC102455,Lauren Conner,Canada,2024-04-26
ACC102456,Jared Hopkins,Panama,2020-10-09
ACC102457,Stephanie Romero,Ireland,2022-11-09
ACC102458,Matthew Nelson,Canada,2018-08-23
ACC102459,Megan Miller,Spain,2021-02-20
ACC102460,Tonya Graves,Germany,2016-09-15
ACC102461,Ryan Shaffer,United States,2015-06-11
ACC102462,Phillip Taylor,Australia,2015-06-08
ACC102463,Jeremy Garrett,Germany,2016-03-15
ACC102464,Brooke Bond,Netherlands,2023-06-21
ACC102465,Katie Singh,Spain,2018-05-18
ACC102466,William Craig,Australia,2021-11-01
ACC102467,Mathew Miller,Germany,2023-02-09
ACC102468,Alex Howell,Australia,2020-04-09
ACC102469,Derek Cline,Spain,2024-10-23
ACC102470,Sarah Carter,Ireland,2020-11-13
ACC102471,Jesse Underwood,Spain,2020-04-19
ACC102472,Barbara Weber,Spain,2020-12-28
ACC102473,Anthony Cole,Netherlands,2016-10-19
ACC102474,Linda Pierce,Netherlands,2023-10-28
ACC102475,Danny Serrano,United Kingdom,2022-08-04
ACC102476,Paul Kennedy,France,2018-11-12
ACC102477,Jordan Howard,United States,2021-03-01
ACC102478,Tara English,Netherlands,2017-02-14
ACC102479,Omar Velez,Spain,2024-09-01
ACC102480,Diana White,United Kingdom,2024-09-07
ACC102481,Benjamin Murphy,Ireland,2017-03-24
ACC102482,Nicole Lin,Ireland,2016-07-27
ACC102483,Katie Atkinson,United States,2019-12-14
ACC102484,Barbara Reese,Canada,2021-01-24
ACC102485,Aaron Terry,United Kingdom,2015-12-26
ACC102486,Selena Wyatt,Germany,2022-05-17
ACC102487,Eugene Moss,United States,2016-04-23
ACC102488,Heather Galvan,Australia,2018-06-07
ACC102489,Eric Gordon,France,2020-08-06
ACC102490,Patricia Clark,Ireland,2018-03-06
ACC102491,Steven Rodriguez,Ireland,2023-07-06
ACC102492,Omar Beck,United Kingdom,2017-06-09
ACC102493,Juan Sharp,Netherlands,2021-06-06
ACC102494,Robert Pearson,Seychelles,2024-07-18
ACC102495,Edward Weaver,Australia,2017-10-16
ACC102496,Glenn Roberts,United States,2024-05-19
ACC102497,Abigail Jones,Australia,2016-12-01
ACC102498,Eric Hoover,Australia,2021-02-25
ACC102499,Riley Dickson,United Kingdom,2015-12-11
ACC102500,Bradley Boyer,United States,2015-05-26
ACC102501,Amanda Frazier,Australia,2018-08-29
ACC102502,Daniel Reed,Ireland,2017-08-17
ACC102503,Scott Alexander,Netherlands,2017-06-11
ACC102504,Amanda Martinez,United States,2022-06-16
ACC102505,Maria Allen,Canada,2022-03-18
ACC102506,Zachary Edwards,United States,2019-05-30
ACC102507,Henry Clark,Netherlands,2018-12-23
ACC102508,Mariah Banks,France,2023-09-25
ACC102509,Brian Sandoval,Netherlands,2015-12-03
ACC102510,Joanne Everett,United Kingdom,2015-02-05
ACC102511,Laura Reynolds,Canada,2017-10-24
ACC102512,Sandy Pena,Canada,2019-01-12
ACC102513,Marco Cox,Netherlands,2018-12-13
ACC102514,Ernest Rogers,Ireland,2017-12-26
ACC102515,Laura Johnson,Germany,2017-12-22
ACC102516,Nicole Gordon,Australia,2018-06-09
ACC102517,Mr. Jorge Nguyen MD,Panama,2016-11-13
ACC102518,Louis Chambers,Canada,2018-09-03
ACC102519,Beth Nielsen,Germany,2022-03-22
ACC102520,Desiree Simmons,Australia,2015-11-23
ACC102521,Jonathan Brown,Ireland,2015-01-11
ACC102522,Monica Richmond,Ireland,2016-06-20
ACC102523,Crystal Adams,Australia,2024-07-07
ACC102524,Kathryn Perez,Spain,2017-06-02
ACC102525,Danielle Bautista,France,2017-12-02
ACC102526,Daniel Aguilar,Spain,2024-03-28
ACC102527,Daniel Smith,France,2019-03-04
ACC102528,Emily Davis,Seychelles,2018-11-15
ACC102529,Justin Jones,United States,2021-12-23
ACC102530,Pedro Schultz,France,2022-06-02
ACC102531,Lisa Bryant,Germany,2017-10-03
ACC102532,Pamela Hogan,Netherlands,2022-07-31
ACC102533,Jennifer Best,United Kingdom,2018-04-15
ACC102534,Kim Campbell,Netherlands,2017-02-12
ACC102535,Cameron Walker,Ireland,2018-02-14
ACC102536,Susan Clayton,France,2022-06-25
ACC102537,Tami Beltran,Canada,2023-04-10
ACC102538,Rebecca Hansen,Ireland,2019-09-18
ACC102539,Shannon Hernandez,Ireland,2018-05-15
ACC102540,Tiffany Simpson,Ireland,2023-08-29
ACC102541,Jermaine Saunders,United States,2017-11-17
ACC102542,Justin Patel,Germany,2020-12-25
ACC102543,Abigail Drake,Spain,2016-03-08
ACC102544,Victoria Poole,France,2021-01-09
ACC102545,Adam Russell,Spain,2020-09-16
ACC102546,Joshua Marshall,France,2021-09-01
ACC102547,Jacob Miller,Spain,2022-12-01
ACC102548,Alexis Stewart,Australia,2024-09-27
ACC102549,Tanya Smith,Netherlands,2015-09-16
ACC102550,Brandon Carney,Canada,2023-02-10
ACC102551,Laura Pacheco,France,2021-10-31
ACC102552,Susan Anderson,Australia,2020-01-28
ACC102553,Richard Miller,United States,2015-01-25
ACC102554,Brandi Coleman,Australia,2017-06-21
ACC102555,Lori Bolton,Netherlands,2021-10-13
ACC102556,Ryan Tucker,Canada,2024-09-20
ACC102557,Victor Cain,Spain,2020-10-14
ACC102558,Dennis Benitez,Canada,2017-08-29
ACC102559,Melanie Manning,Netherlands,2021-11-06
ACC102560,Jeffrey Scott,Spain,2019-11-11
ACC102561,Nathan Barker,United States,2015-06-16
ACC102562,David Jones,Netherlands,2023-02-28
ACC102563,Bethany Gentry,Ireland,2019-09-03
ACC102564,Megan Wilson,France,2015-05-04
ACC102565,Larry Hunt,France,2024-01-19
ACC102566,Tabitha Guerra,Canada,2020-07-13
ACC102567,Shelby Warner,Spain,2023-02-11
ACC102568,William Garza,United States,2019-05-01
ACC102569,April Galloway,France,2024-08-13
ACC102570,Kaitlin Valenzuela,Canada,2019-06-08
ACC102571,Donna Perry,United Kingdom,2021-08-06
ACC102572,Laura Davis,United Kingdom,2024-03-02
ACC102573,Samuel Johnson,United Kingdom,2020-08-27
ACC102574,Kevin Hernandez,Germany,2023-06-04
ACC102575,William Williams,United States,2021-06-02
ACC102576,Jennifer Morales,United Kingdom,2018-04-15
ACC102577,Noah May,United States,2017-05-23
ACC102578,Zachary Phillips,United States,2018-11-17
ACC102579,Teresa Lam,Germany,2022-06-06
ACC102580,Patricia Ward,Germany,2016-10-27
ACC102581,Kevin Dunn,Australia,2024-05-16
ACC102582,David Edwards,Netherlands,2016-07-10
ACC102583,Troy Stephens,Canada,2017-07-12
ACC102584,Margaret Watson,Ireland,2018-04-13
ACC102585,Christopher Watson,United Kingdom,2023-06-15
ACC102586,Jason Shields,Australia,2021-07-25
ACC102587,Lorraine Adams,France,2018-01-20
ACC102588,Andrea Williams,Netherlands,2020-02-18
ACC102589,Molly Hunter,United Kingdom,2015-12-14
ACC102590,Brandon Carter,United States,2015-08-31
ACC102591,Lindsey Abbott,United Kingdom,2017-11-12
ACC102592,Charles Strickland,United States,2017-10-03
ACC102593,Carly Rogers,United States,2018-05-11
ACC102594,Kelly Morales,Netherlands,2018-05-15
ACC102595,Martin Atkinson,France,2022-05-23
ACC102596,Emma Clark,France,2021-12-16
ACC102597,Stephanie Christian,Germany,2018-12-16
ACC102598,Miguel Calderon,Ireland,2015-06-02
ACC102599,Anna Mcdaniel,Seychelles,2017-12-24
ACC102600,Zachary Zhang,United States,2017-08-04
ACC102601,Douglas Jenkins,Canada,2016-01-02
ACC102602,James Phillips,Ireland,2015-07-28
ACC102603,Brenda Moran,Canada,2024-04-23
ACC102604,Megan Fitzgerald,Canada,2024-10-17
ACC102605,Megan Cooper,United Kingdom,2022-06-20
ACC102606,Karen Thornton,Australia,2020-09-24
ACC102607,Sharon Solis,Spain,2023-09-13
ACC102608,Sonya Martinez,Australia,2015-10-26
ACC102609,Cynthia Hensley DDS,Australia,2024-07-16
ACC102610,Jennifer Johnson,Ireland,2023-06-14
ACC102611,Gregory Orr,United States,2021-07-09
ACC102612,Christina Smith,United States,2015-01-29
ACC102613,Brent Hall,Ireland,2023-10-05
ACC102614,Donald Mullins,Australia,2021-02-27
ACC102615,Kelsey Gilbert,France,2018-03-20
ACC102616,Connor Navarro,Netherlands,2021-12-15
ACC102617,Mr. Thomas Thompson Jr.,France,2023-02-27
ACC102618,Sara Stevens,Australia,2017-09-29
ACC102619,Susan Nunez,Germany,2021-05-29
ACC102620,David Hernandez,United States,2018-08-03
ACC102621,Kristy Guerrero,Canada,2015-01-27
ACC102622,Mark Cunningham DVM,Cayman Islands,2020-07-20
ACC102623,Jeanne Nunez,Germany,2024-07-10
ACC102624,Larry Alexander,Germany,2020-09-23
ACC102625,Brian Beltran,United States,2024-04-15
ACC102626,Linda Costa,Ireland,2019-09-06
ACC102627,Matthew Nelson,Australia,2016-05-30
ACC102628,Ashley Morris,Ireland,2015-10-16
ACC102629,Charles Potts,United States,2016-05-28
ACC102630,Christopher Rios,Netherlands,2020-01-02
ACC102631,Jennifer Guzman,Netherlands,2022-04-09
ACC102632,Michelle Forbes,Spain,2015-01-28
ACC102633,Heather Mitchell,United Kingdom,2017-04-10
ACC102634,Corey Morales,United Kingdom,2019-09-15
ACC102635,Laura Richards,Australia,2022-05-29
ACC102636,Amy Vasquez,Ireland,2019-05-14
ACC102637,Loretta Wheeler,United Kingdom,2022-08-21
ACC102638,Bobby Li,Spain,2016-08-29
ACC102639,Vincent Cook,United Kingdom,2020-02-03
ACC102640,Dana House,Germany,2019-05-24
ACC102641,Christine Allen,Germany,2021-04-21
ACC102642,Kimberly Walker,United States,2023-08-23
ACC102643,Kevin Tapia,Australia,2023-12-19
ACC102644,Christopher Wise,Ireland,2024-09-22
ACC102645,Gabriela Perez,Spain,2019-09-22
ACC102646,Connor Jimenez,Ireland,2020-05-28
ACC102647,Amanda Torres,France,2023-01-16
ACC102648,Debra Silva,Cyprus,2015-10-15
ACC102649,Dustin Knapp,Canada,2017-06-19
ACC102650,Joseph Flynn,Canada,2020-01-09
ACC102651,Christopher Conley,United Kingdom,2024-03-15
ACC102652,Stacey Peterson,Spain,2017-03-25
ACC102653,David Lewis,France,2021-05-28
ACC102654,Tanya Sanchez,Australia,2019-06-02
ACC102655,Timothy Wells,Canada,2015-07-26
ACC102656,Michael Weiss,Ireland,2015-06-08
ACC102657,Natalie Castro,United Kingdom,2015-08-02
ACC102658,Tyler Wallace,Germany,2022-12-24
ACC102659,James Maxwell,Australia,2016-05-15
ACC102660,Maurice Ramsey,Spain,2020-11-02
ACC102661,Julie Jones,Canada,2018-02-25
ACC102662,Rebecca Mack,Cyprus,2017-01-16
ACC102663,Susan Santos,Spain,2023-07-05
ACC102664,Melissa Thomas,Germany,2017-10-17
ACC102665,Julie Molina,United States,2018-10-18
ACC102666,Ellen Rodriguez,Ireland,2018-10-22
ACC102667,Shawn Hanson,Germany,2016-01-14
ACC102668,Richard Davidson,Germany,2020-02-20
ACC102669,Kristi Johnson,Malta,2016-01-27
ACC102670,Raymond Cook,Netherlands,2024-01-25
ACC102671,Matthew Fuller,Netherlands,2022-07-19
ACC102672,Heather Jones,United States,2022-01-30
ACC102673,Frances Jones,Australia,2020-04-27
ACC102674,Amber Webster,Spain,2021-07-11
ACC102675,Francisco Myers,Germany,2022-11-18
ACC102676,Matthew Moss,Ireland,2024-01-07
ACC102677,Jennifer Hughes,Cyprus,2019-05-28
ACC102678,Crystal Nolan,United States,2017-01-14
ACC102679,Katherine Allen,Netherlands,2021-11-22
ACC102680,Aimee Ford,Australia,2017-05-01
ACC102681,Savannah Conrad,Australia,2022-12-27
ACC102682,Eric Jennings,Ireland,2019-07-23
ACC102683,Tina Dunn,Netherlands,2016-09-06
ACC102684,Kevin Moyer,Netherlands,2020-08-03
ACC102685,Derrick Rios,United States,2016-08-15
ACC102686,Brian Stephens,France,2016-11-28
ACC102687,Derek Molina,Panama,2017-05-22
ACC102688,Zachary Hernandez,Ireland,2019-10-23
ACC102689,William Harris,Malta,2021-07-20
ACC102690,Melissa Davis,Netherlands,2018-01-12
ACC102691,Claudia Johnson,Germany,2015-06-28
ACC102692,Gina Mathews,Germany,2022-10-18
ACC102693,Brianna Williams,United States,2019-11-02
ACC102694,Sandra Jenkins,Ireland,2021-04-14
ACC102695,Amanda Phelps,Netherlands,2021-03-01
ACC102696,Morgan Morris,Ireland,2018-05-14
ACC102697,Samantha Wells,Netherlands,2017-12-22
ACC102698,Jason Soto,France,2018-03-29
ACC102699,Jonathon Payne,Germany,2019-02-26
ACC102700,Charles Harris,Spain,2024-12-23
ACC102701,Dana Phillips,United Kingdom,2015-03-03
ACC102702,Tiffany Khan,United States,2016-03-16
ACC102703,Karen Ramos,United States,2023-08-20
ACC102704,Donald Rodriguez,Spain,2019-01-14
ACC102705,Brian Williams,Spain,2019-11-17
ACC102706,Philip Stevens,Australia,2018-04-15
ACC102707,Cory Sloan,Spain,2015-01-12
ACC102708,James Hartman,Germany,2022-04-04
ACC102709,Jared Humphrey,United Kingdom,2019-10-09
ACC102710,Stephanie Bailey,Germany,2024-09-02
ACC102711,Ronald Trujillo,Spain,2023-10-07
ACC102712,Cameron Campos,France,2024-01-24
ACC102713,David Meyer,Canada,2015-03-23
ACC102714,Nathaniel Cisneros,Netherlands,2018-01-18
ACC102715,Richard Johnson,Australia,2018-10-24
ACC102716,Shannon Johnson,United Kingdom,2017-01-25
ACC102717,Dylan Cantu,Germany,2023-10-09
ACC102718,Matthew Gonzalez,Cyprus,2021-07-15
ACC102719,Natasha Johnson,France,2015-06-17
ACC102720,Adrienne Nelson,United Kingdom,2022-03-22
ACC102721,Antonio Pratt,United States,2019-08-08
ACC102722,Rebecca Zavala,Ireland,2022-04-12
ACC102723,Tracy Henry,France,2015-05-18
ACC102724,Mark Knox,Australia,2015-12-05
ACC102725,Kathy Moran,Seychelles,2024-01-15
ACC102726,Heather Ferguson,Spain,2017-09-28
ACC102727,Jared Benson,France,2021-03-20
ACC102728,Pamela Robinson,Netherlands,2021-02-08
ACC102729,Joseph Love,Australia,2021-04-18
ACC102730,Alisha Maldonado,Germany,2017-05-30
ACC102731,Jessica Ferguson,United States,2017-07-31
ACC102732,Alyssa Ortiz,United States,2017-02-14
ACC102733,Vincent Johnson,United States,2023-07-22
ACC102734,Sandra Taylor,Netherlands,2016-08-19
ACC102735,Robert Douglas,Netherlands,2022-01-08
ACC102736,Molly Williams,Ireland,2015-04-04
ACC102737,James Meadows,Spain,2019-01-07
ACC102738,Amanda Jones,France,2019-01-11
ACC102739,Karen Evans,Australia,2015-02-05
ACC102740,Henry Davies,Germany,2021-01-29
ACC102741,William Tate,Germany,2016-07-29
ACC102742,Angela Bates,Canada,2021-08-04
ACC102743,Tonya Stone,Ireland,2023-02-08
ACC102744,Dana Valenzuela,Canada,2018-10-13
ACC102745,Beth Smith,Panama,2015-11-01
ACC102746,Dr. Jennifer Perez,Ireland,2023-07-24
ACC102747,Kelly Webb,Germany,2015-08-22
ACC102748,Brian Soto,Netherlands,2018-01-29
ACC102749,Elizabeth Richards,United States,2019-06-03
ACC102750,Matthew Wilson,United Kingdom,2020-08-22
ACC102751,Mrs. Jenna Juarez MD,Canada,2020-10-06
ACC102752,Anthony Armstrong,Spain,2022-03-17
ACC102753,David Smith,Canada,2016-04-05
ACC102754,Keith Taylor,Ireland,2022-08-08
ACC102755,Claudia Mccann,Germany,2017-08-19
ACC102756,Michael Gaines,United States,2022-05-08
ACC102757,Mr. James Christensen,France,2016-10-21
ACC102758,Jenny Clark,Spain,2022-04-18
ACC102759,Anna Fernandez,Australia,2024-12-26
ACC102760,Dominique Cardenas,United Kingdom,2017-01-30
ACC102761,Melissa Pineda,Cayman Islands,2017-08-30
ACC102762,Brittany Burns,Canada,2015-12-29
ACC102763,Pamela Watts,Germany,2015-09-04
ACC102764,John Klein,France,2016-09-28
ACC102765,Ashley Cook,Ireland,2018-04-03
ACC102766,Jason Anderson,Ireland,2017-11-10
ACC102767,Michael Stevens,Germany,2018-07-25
ACC102768,Michael Humphrey,Ireland,2022-09-21
ACC102769,Lisa Castillo,United Kingdom,2022-12-12
ACC102770,Amy Haynes,United Kingdom,2018-10-15
ACC102771,Kelsey Phillips,Spain,2016-09-19
ACC102772,Elizabeth Turner,United States,2016-06-29
ACC102773,Melissa Gibson,Netherlands,2019-11-23
ACC102774,Kim Davis,Seychelles,2020-09-12
ACC102775,Claudia Miller,Germany,2020-08-13
ACC102776,Amy Castro,Germany,2021-10-26
ACC102777,Tracy Romero,France,2022-04-30
ACC102778,Amanda Coleman,United Kingdom,2016-06-11
ACC102779,Maria Carter,United Kingdom,2024-03-28
ACC102780,Craig Bond,United States,2019-06-24
ACC102781,Lisa Mendoza,Australia,2016-09-12
ACC102782,Michael Mason,France,2023-04-24
ACC102783,Robert White,Germany,2016-09-08
ACC102784,Maria Weiss,Spain,2023-06-07
ACC102785,Elizabeth Brown,Netherlands,2022-08-15
ACC102786,Robert Mercado,Germany,2023-01-21
ACC102787,Amy Alvarez,United States,2016-02-22
ACC102788,Dr. Carla Smith MD,Ireland,2017-02-28
ACC102789,Melissa Hall,Spain,2015-06-06
ACC102790,Nicole Coleman,Spain,2024-11-01
ACC102791,Bethany Kim,Cayman Islands,2015-10-09
ACC102792,Kenneth Santana,Canada,2016-04-10
ACC102793,Jason Williams,United States,2020-06-24
ACC102794,Jay Frank,Germany,2018-10-05
ACC102795,Adam Davies,Netherlands,2019-07-25
ACC102796,Lindsey Clark,France,2021-03-28
ACC102797,Kristopher Hood,France,2019-09-17
ACC102798,Jill Hall,United States,2022-06-13
ACC102799,Pam Green,Ireland,2015-01-23
ACC102800,David Miller,United States,2024-04-02
ACC102801,Maria Rodriguez,Spain,2019-01-01
ACC102802,Norman Lamb,Netherlands,2017-08-23
ACC102803,Nicole Jenkins,Spain,2019-06-08
ACC102804,Danielle Boyd,Spain,2016-12-16
ACC102805,Terri Rivas,Canada,2016-07-25
ACC102806,Tiffany Allen,Spain,2015-01-23
ACC102807,Julie Murphy,United States,2021-01-06
ACC102808,Kelly White,United Kingdom,2020-03-16
ACC102809,Gina Johnson,Seychelles,2020-05-31
ACC102810,Cody Kidd,Canada,2024-07-05
ACC102811,Troy Gibson,Australia,2022-07-09
ACC102812,Jesse Baker,Malta,2024-08-17
ACC102813,Paul Alexander,Netherlands,2020-04-17
ACC102814,Crystal Reynolds,Ireland,2023-03-21
ACC102815,Michael Moon,Spain,2017-02-24
ACC102816,Dr. Elizabeth Kramer,France,2023-09-08
ACC102817,Rebecca Wagner,Netherlands,2018-10-14
ACC102818,Jennifer Long,Netherlands,2023-07-22
ACC102819,Mary Herrera,United States,2015-05-20
ACC102820,Susan Reyes,France,2018-02-26
ACC102821,Carl Roberts,United Kingdom,2019-12-27
ACC102822,Veronica Villarreal,Germany,2022-08-02
ACC102823,Leah Curtis,Canada,2023-10-20
ACC102824,Olivia Yoder,Ireland,2023-09-10
ACC102825,Daniel Foster,Netherlands,2024-04-03
ACC102826,Nicole Bell,Germany,2021-11-03
ACC102827,Nancy Wang,Canada,2015-07-17
ACC102828,Holly Anderson,Canada,2023-03-18
ACC102829,Robert Bryant,France,2018-08-16
ACC102830,William Sharp,Spain,2021-02-02
ACC102831,Alicia Good,Spain,2022-09-28
ACC102832,Eric Hayes,France,2021-02-17
ACC102833,Shawn Webb,Spain,2018-07-12
ACC102834,Kimberly Irwin,Canada,2022-05-09
ACC102835,Melissa Ferrell,Spain,2019-05-09
ACC102836,Gregory Ochoa,Netherlands,2015-04-15
ACC102837,Joseph Brown,Germany,2016-01-14
ACC102838,Matthew Reynolds,France,2021-12-20
ACC102839,Jennifer Lee,United Kingdom,2023-12-05
ACC102840,Charles Martin,Australia,2020-03-13
ACC102841,Kristen Melendez,Canada,2018-11-25
ACC102842,Crystal Wilson,France,2023-01-13
ACC102843,Elizabeth Rivera,United States,2018-03-01
ACC102844,Linda Santana,Ireland,2021-04-13
ACC102845,Steven Decker,United States,2023-04-16
ACC102846,Michael Barnes,United Kingdom,2017-03-25
ACC102847,Lauren Duarte,Australia,2022-02-23
ACC102848,Mark Lee,Australia,2022-06-22
ACC102849,John Carter,Germany,2017-08-23
ACC102850,Roger Stevenson,Germany,2018-02-13
ACC102851,Leah Livingston,Spain,2020-12-28
ACC102852,Kevin Gilmore,Germany,2019-03-05
ACC102853,Michael Glenn,France,2017-12-11
ACC102854,Rebecca Russell,Australia,2022-04-08
ACC102855,Michael Cline,France,2017-08-04
ACC102856,Sean Murphy,Canada,2021-05-16
ACC102857,Michelle Velazquez,Ireland,2016-11-23
ACC102858,Dustin Ross,Australia,2022-06-24
ACC102859,John Anderson,Ireland,2019-05-06
ACC102860,Brittney Collins,Cayman Islands,2021-09-01
ACC102861,Cathy Lin,France,2021-06-14
ACC102862,Veronica Nicholson,Canada,2021-04-29
ACC102863,Teresa Hodges,United States,2020-06-18
ACC102864,Troy Ward,France,2015-08-06
ACC102865,Emily Holland,Netherlands,2018-03-16
ACC102866,Nicholas Hunt,United States,2024-11-09
ACC102867,David Murphy,Spain,2018-12-10
ACC102868,Alyssa Arnold,Germany,2018-05-28
ACC102869,Sandra Choi,Spain,2019-02-04
ACC102870,Travis Burgess,Germany,2024-12-20
ACC102871,Jean Gray,Canada,2020-06-23
ACC102872,Brian Morrison,United States,2024-09-21
ACC102873,Elijah Mcmahon,France,2016-07-13
ACC102874,Alejandro Young,Ireland,2017-01-30
ACC102875,Nicole Vargas,Germany,2022-06-30
ACC102876,Richard Barnes,Germany,2022-01-31
ACC102877,Tonya Williams,Australia,2015-04-06
ACC102878,Erin Sims,Australia,2016-12-21
ACC102879,Kevin Larson,France,2021-10-18
ACC102880,Alicia Small,Germany,2022-03-09
ACC102881,Victoria David,Germany,2024-12-28
ACC102882,Elizabeth Short,Germany,2015-08-24
ACC102883,Sarah Gutierrez,Ireland,2024-05-11
ACC102884,Jessica Brown,Canada,2019-07-31
ACC102885,Jenna Adams,Ireland,2023-02-25
ACC102886,Hailey Graham,Ireland,2015-03-26
ACC102887,David Werner,United Kingdom,2021-06-21
ACC102888,John Chen,Ireland,2017-12-24
ACC102889,Jamie Wolfe,Canada,2022-12-27
ACC102890,Tracy Hooper,Netherlands,2021-08-03
ACC102891,Justin Simpson,United States,2016-10-11
ACC102892,Adam Winters,Panama,2022-06-29
ACC102893,Carla Pope,Australia,2016-07-19
ACC102894,Breanna Jackson,Germany,2018-08-13
ACC102895,Catherine Russell,Spain,2016-02-24
ACC102896,Jeremiah Daniels,United Kingdom,2016-07-19
ACC102897,Stacy Castillo,United States,2015-01-30
ACC102898,Dawn Thompson,Ireland,2023-08-22
ACC102899,Kevin Hickman,Ireland,2020-12-01
ACC102900,Sarah Stevenson,Ireland,2017-11-17
ACC102901,Christopher Patterson,United Kingdom,2023-12-25
ACC102902,Holly Monroe,Ireland,2021-04-29
ACC102903,Lori Gonzalez,Germany,2024-03-16
ACC102904,Joshua Miller,United States,2021-08-05
ACC102905,Linda Taylor,France,2020-09-15
ACC102906,Mitchell Khan,Netherlands,2024-07-07
ACC102907,Adam Gentry,Netherlands,2019-10-31
ACC102908,Randy Phelps,Canada,2021-04-14
ACC102909,Emma Moody,Canada,2021-03-24
ACC102910,Dr. James Horton,Spain,2024-01-19
ACC102911,Terry Ramsey,Spain,2017-05-04
ACC102912,Jacqueline Knox,France,2016-12-08
ACC102913,Jennifer Hull,France,2022-02-06
ACC102914,Betty Nunez,United Kingdom,2021-02-20
ACC102915,Robin Ryan,Germany,2015-01-23
ACC102916,Christopher Morgan,United States,2018-05-13
ACC102917,Charles Washington,Spain,2022-08-05
ACC102918,Anthony Phillips,France,2019-05-25
ACC102919,Jonathan Quinn,Germany,2022-10-12
ACC102920,Mr. Dave Brown,United States,2021-05-18
ACC102921,Ricky King,Canada,2015-12-28
ACC102922,Karen Miller,United Kingdom,2018-09-27
ACC102923,John Hines,Australia,2020-06-16
ACC102924,Robert Patterson,Spain,2015-09-20
ACC102925,Patricia Arroyo,Ireland,2023-01-14
ACC102926,Andrea Vasquez,Canada,2024-03-19
ACC102927,Timothy Jacobs,United States,2017-12-20
ACC102928,Christopher Rodriguez,Spain,2019-05-27
ACC102929,Isaac Burke,Canada,2023-07-15
ACC102930,Thomas Flores,United States,2017-12-02
ACC102931,Christine Campos,Spain,2020-05-05
ACC102932,Jenna Gonzalez,Germany,2024-02-02
ACC102933,James Doyle,United States,2023-03-23
ACC102934,Ann Hernandez,Spain,2016-11-22
ACC102935,Krystal Taylor,United States,2020-04-02
ACC102936,Lauren Gomez,Germany,2018-06-03
ACC102937,Stephanie Schmidt,Netherlands,2024-09-21
ACC102938,John Chapman,Canada,2022-07-12
ACC102939,Melissa Sherman,Spain,2020-06-09
ACC102940,Deanna Gordon,Netherlands,2021-03-11
ACC102941,Tammy Brewer,Ireland,2024-05-09
ACC102942,Cheryl Allen,Malta,2016-01-05
ACC102943,Michael Woods,Spain,2016-10-23
ACC102944,Victoria Werner,United Kingdom,2015-07-26
ACC102945,William Peterson,Netherlands,2023-09-18
ACC102946,Stanley Davis,Spain,2019-07-21
ACC102947,Andrew Sawyer,Canada,2016-03-12
ACC102948,Melissa Perkins,United States,2023-11-10
ACC102949,Ian Wright,United Kingdom,2018-11-28
ACC102950,Maria Marshall,Ireland,2022-09-21
ACC102951,Allison Garner,Netherlands,2018-02-07
ACC102952,Terri King,United States,2020-10-06
ACC102953,Nicole Good,Netherlands,2017-03-29
ACC102954,Melanie Bird,France,2016-02-15
ACC102955,Andrew Patterson,Australia,2015-05-20
ACC102956,Kelly Johnson,Netherlands,2017-01-20
ACC102957,Scott Gonzalez,United Kingdom,2019-12-24
ACC102958,Andre Allen,Spain,2020-02-12
ACC102959,Joshua Brewer,Australia,2016-06-26
ACC102960,Jennifer Watson,Australia,2022-06-28
ACC102961,Lauren King,Netherlands,2019-10-12
ACC102962,Thomas Watson,Netherlands,2015-02-04
ACC102963,Jasmine Gomez DDS,Canada,2019-11-15
ACC102964,Julie Raymond,Germany,2016-07-22
ACC102965,Donald Smith,Australia,2024-05-24
ACC102966,Steven Owens,Ireland,2017-06-10
ACC102967,Alyssa Banks,France,2024-03-26
ACC102968,Crystal Parker,Ireland,2022-10-04
ACC102969,Wanda Wood,Canada,2018-10-01
ACC102970,Laura Holland,Germany,2023-09-08
ACC102971,Marie Cooper,Germany,2020-03-14
ACC102972,Justin Chaney,France,2018-10-24
ACC102973,Jeffrey Clark MD,United Kingdom,2022-06-25
ACC102974,Michael Donovan,Australia,2021-04-06
ACC102975,Lauren Conner,Ireland,2020-12-02
ACC102976,Heather Wilson,Ireland,2015-06-15
ACC102977,Sharon Erickson,Netherlands,2021-01-26
ACC102978,Hector Smith,France,2017-09-20
ACC102979,Brandon Holland,France,2021-11-28
ACC102980,Stacy Mooney,United States,2017-08-15
ACC102981,Olivia Hamilton,Ireland,2018-02-20
ACC102982,Brenda Sherman,Ireland,2023-08-16
ACC102983,Vicki Lee,United States,2018-05-14
ACC102984,Emily Morrison,Spain,2019-03-26
ACC102985,Tamara Young,France,2016-08-09
ACC102986,Shelly Martinez,Germany,2020-12-06
ACC102987,Brian Rowland,Netherlands,2023-03-17
ACC102988,Gabriel Fletcher,Germany,2024-11-04
ACC102989,Ryan Blake,Canada,2020-05-15
ACC102990,Julia Lopez,Ireland,2015-01-12
ACC102991,Kevin Brown,Australia,2020-02-24
ACC102992,Maria Warren,Germany,2017-05-06
ACC102993,Karen Diaz,Netherlands,2024-08-01
ACC102994,Christian Casey,Netherlands,2017-02-18
ACC102995,Alexis Singleton,Spain,2017-11-21
ACC102996,Aaron Holt,Germany,2016-08-17
ACC102997,Michael Morrison,Canada,2022-05-29
ACC102998,David Thompson,Canada,2022-06-06
ACC102999,Charles Thomas,Canada,2022-06-07
